keyword_combination,detected_on
菲律宾总统府感谢中国捐赠菲律宾,2020-02-14 9:02:36
华春莹+华盛顿+装上去+中方,2020-02-14 8:49:42
世卫组织+美国专家+都没有,2020-02-14 8:29:33
物资+国难财+什么时候+医疗,2020-02-14 8:12:15
全面接管+10号疫情不好转+解放军,2020-02-14 7:20:55
党内+省长+记大过+严重警告,2020-02-14 7:04:10
未能+政府+病毒+显示,2020-02-14 6:38:32
肺炎+疾病预防控制+病毒+医学期刊,2020-02-14 6:14:21
扒一扒武汉病毒所+所长的成功史,2020-02-14 5:47:51
习近平+大考+中共+治理,2020-02-14 5:33:12
谈到+党员干部+习近平总书记+问责,2020-02-14 5:13:07
肺炎+政府+政策+野党,2020-02-14 3:10:05
作为+政府+国难财+中共,2020-02-14 2:43:34
习近平+形式主义+防疫,2020-02-14 1:51:12
大领导+中央+干部+查处,2020-02-14 1:34:48
疫情+联合国+国际合作+应对+国际关注,2020-02-14 0:53:38
人类命运共同体+乃至,2020-02-14 0:15:59
信心+疫情+目前为止+都没有,2020-02-14 0:00:38
违法犯罪+干部+不敢担当+病毒,2020-02-13 23:34:15
中共+肺炎+政治局+作法,2020-02-13 23:09:49
总书记+红十字会+亲自,2020-02-13 22:44:43
中央+涉及+权力+完善+制度,2020-02-13 22:26:22
习近平+喊口号,2020-02-13 21:57:37
应急+研究+都没有+政治局,2020-02-13 21:43:00
一直+武汉+中共+都没有,2020-02-13 21:10:31
相信+习近平+面前+我们一起,2020-02-13 20:47:32
慰问+人民群众+习总,2020-02-13 19:05:30
肺炎+中共+毒性+病毒,2020-02-13 18:30:41
习近平+肺炎+源头+战争,2020-02-13 18:09:58
法律+国务院+政府+比如说,2020-02-13 17:44:57
李克强说+总理+李克强考察+病毒,2020-02-13 17:19:45
肺炎+李克强+武汉+总理+北京,2020-02-13 17:00:56
齐心+总理+病毒+近平,2020-02-13 16:20:49
中国政府+通电话+医疗,2020-02-13 15:35:16
开会+老百姓+习近平,2020-02-13 15:16:38
研究+有可能+据估计+病毒,2020-02-13 15:00:36
病毒传染+确诊病例+分析+病毒传播,2020-02-13 14:33:49
香港+病毒+可能有+估算,2020-02-13 14:10:38
在美国+国立+来源于+病毒,2020-02-13 13:46:09
政府+没了+命运共同体,2020-02-13 11:39:29
源头+研究+瘟疫+病毒,2020-02-13 11:22:25
隐瞒疫情+实行+发生,2020-02-13 10:21:45
被狗吃了+旅行限制+维护中国+反对美国,2020-02-13 9:56:57
习+封路+北京,2020-02-13 8:52:07
中央+副总理+孙春兰+决不能,2020-02-13 8:31:00
冠状病毒+官员+整个国家,2020-02-13 7:50:23
官僚+中央+公安+执法,2020-02-13 7:19:12
国务院+情况+主席+担心+总理,2020-02-13 6:48:34
断崖式下跌+疫情防控,2020-02-13 6:19:24
武汉+教授+公开信,2020-02-13 5:42:22
疫情3月未受遏+會議或延期舉行+武漢肺炎料,2020-02-13 5:14:17
疫情+肺炎+病毒+批評中國,2020-02-13 4:54:51
舉行+批評中國+兩會期間+隱瞞,2020-02-13 4:36:06
主席+文化+要求+總理,2020-02-13 4:18:52
地方官+疫情+中央+隱瞞,2020-02-13 3:57:52
大陸+台灣+病毒+外交部,2020-02-13 3:36:02
香港+警察+港人+官員,2020-02-13 3:16:31
香港+發言人+港府+政府,2020-02-13 2:46:04
封關+林鄭+醫護+香港+罷工,2020-02-13 2:29:30
香港+政府+主席+行政長官,2020-02-13 2:03:13
無症狀+病毒+確診病例+北京,2020-02-13 1:42:19
香港+當局+病毒+官員,2020-02-13 1:20:53
香港+施政+政府+分析,2020-02-13 0:58:50
當局+武漢+封城+中央,2020-02-13 0:29:55
習近平+武漢封城,2020-02-12 23:49:16
疫情+肺炎+習近平+中央,2020-02-12 23:30:12
武漢+台灣+中共+肺炎,2020-02-12 23:08:52
疫情+爆發+暴露出+中國夢,2020-02-12 22:48:59
國際+中國+警告+新型肺炎,2020-02-12 22:26:45
醫護人員+罷工+局部封關,2020-02-12 22:04:18
警方+執行+政府+人士,2020-02-12 21:42:00
警方+警察+發射+立法會,2020-02-12 21:21:47
政策+民主+選舉+北京,2020-02-12 20:59:22
政府+避免+政治+官員,2020-02-12 20:37:28
醫療系統+中共,2020-02-12 20:16:23
香港+制度+權力+政策,2020-02-12 20:03:01
使用+供應+風險+國家,2020-02-12 19:42:42
香港+警察+中共+近平,2020-02-12 19:06:09
武漢+肺炎+政府+蘋果,2020-02-12 18:37:59
罷工+五大訴求+病毒,2020-02-12 18:18:54
罷工+五大訴求+病毒,2020-02-12 18:17:52
蘋果+封關+武漢肺炎,2020-02-12 18:01:23
林鄭月娥+傀儡,2020-02-12 17:43:48
湖北+光復,2020-02-12 17:32:24
暗黑兵法+林鄭+憤恨+災難級別,2020-02-12 17:20:06
只是笑話+香港政府+太無能,2020-02-12 17:00:20
肺炎+南海+病毒+武漢+研究,2020-02-12 16:01:33
有關+林鄭月娥+行政長官+香港,2020-02-12 15:37:27
市民+林鄭月娥+特首+官員,2020-02-12 15:15:17
政府+主席+不作為+官員,2020-02-12 14:49:51
魔幻+紅十字會+經,2020-02-12 14:24:35
警察+中央+不用+那些,2020-02-12 14:06:44
毒城+武漢,2020-02-12 13:44:02
官狀病毒,2020-02-12 13:29:54
一帶一路+第三世界,2020-02-12 13:19:51
疫情+自己國家+戰爭,2020-02-12 13:07:04
武漢+明明+病毒+人傳人,2020-02-12 12:16:58
武漢+病毒疫情+路透+北京,2020-02-12 11:51:42
武漢+光復,2020-02-12 11:32:19
政府+訓誡+李文亮+病毒,2020-02-12 11:19:24
有關+政府+緊急+徵用,2020-02-12 11:00:21
官員+政府+華春瑩+中方,2020-02-12 10:38:42
武漢+肺炎+主席+病毒,2020-02-12 9:55:20
政府+中心+中央+居家,2020-02-12 8:56:54
疫情+肺炎+習近平+國家主席,2020-02-12 8:34:58
習近平+肺炎+疫情防控工作,2020-02-12 8:17:57
主席+記者+習近平+問題,2020-02-12 8:03:43
李克強+習近平+主席+首相,2020-02-12 7:47:22
當局+疫情+肺炎+死亡人數,2020-02-12 7:28:13
當局+武漢+封城+曝光,2020-02-12 7:09:45
傳播+判死刑+危害公共安全+病毒,2020-02-12 6:48:42
武漢肺炎疫情失控,2020-02-12 6:30:29
武漢+肺炎+病毒+李克強,2020-02-12 6:19:06
武漢+台灣+政府+肺炎,2020-02-12 6:01:24
疫情+習近平+病毒+國家,2020-02-12 5:42:43
發起罷工+五大訴求+員工陣線,2020-02-12 5:10:48
香港+提醒市民+戴口罩+病毒,2020-02-12 4:52:21
呼籲+定期+病毒+合理,2020-02-12 4:23:18
生產+預計+政府+研究,2020-02-12 3:57:35
香港+政府+主席+生命,2020-02-12 3:34:22
人民群眾+習主席+放在第一位+生命安全,2020-02-12 3:12:42
疫情+習主席+凝聚力,2020-02-12 2:03:13
親自+世界衛生組織,2020-02-12 1:48:02
戰略+社會整體+進一步,2020-02-12 1:21:46
提到+政府+有可能+醫生,2020-02-12 0:56:31
口罩+台灣+出口+國家,2020-02-12 0:33:12
武漢+肺炎+病毒+解放軍,2020-02-12 0:10:44
高拔陞+向政府施壓+醫管局+罷工,2020-02-11 23:43:36
呼籲+武漢+台灣+肺炎,2020-02-11 23:19:51
武漢+台灣+要求+政治,2020-02-11 22:59:27
大陸+當局+民進黨+政治,2020-02-11 22:39:08
中共+中國肺炎,2020-02-11 22:17:02
武漢+中共+危機+北京,2020-02-11 22:03:47
武漢+隱瞞疫情,2020-02-11 21:42:48
台灣+政府+回台+提出,2020-02-11 21:31:06
網上教學+大力+推進,2020-02-11 21:06:38
武漢+研究所+病毒+申請專利,2020-02-11 20:51:05
評價+台灣+病毒+香港,2020-02-11 20:29:44
香港+台灣+病例+特別,2020-02-11 20:09:27
曠視+報導+相關+上市,2020-02-11 19:47:58
香港+武漢+肺炎+民主,2020-02-11 19:16:55
大陸+武漢+肺炎+病毒,2020-02-11 18:54:13
香港+政府+消毒+呼籲,2020-02-11 18:34:36
減少+提早+生意+營業,2020-02-11 18:05:23
省委书记+通报+专家组+病毒,2020-02-11 17:09:50
集中隔离+武汉封城,2020-02-11 16:46:32
疫情+影像+封城+北京,2020-02-11 16:33:31
湖北省委书记+要求,2020-02-11 16:09:49
关门+这个春节+另行通知,2020-02-11 15:53:13
影撤档剧场关门停业2月份+再+这个春节+另行通知,2020-02-11 15:34:38
今年+没想到+成本+小康,2020-02-11 14:08:01
为辅+西医+冠状病毒,2020-02-11 13:40:39
变成+歼灭战+总书记,2020-02-11 13:10:41
湖北+五大诉求,2020-02-11 11:29:31
如获至宝+外媒+内部通报+病毒,2020-02-11 11:14:36
武汉+五大诉求,2020-02-11 10:41:08
体制+标签+李文亮+战争,2020-02-11 10:27:18
体制+张继+外媒+李文亮,2020-02-11 10:06:48
诺贝尔和平奖+提名+李文亮,2020-02-11 9:20:47
疫情+颜色革命+李文亮,2020-02-11 9:01:12
政府+提到+有可能+医生,2020-02-11 8:42:25
记大功+政府给予+中西医结合+不符合事实,2020-02-11 8:20:23
信息公开+确诊病例+指导+存在,2020-02-11 7:58:56
武汉大学+疾控中心+病毒,2020-02-11 7:35:07
美国疾控中心+冠状病毒,2020-02-11 7:12:12
川普+肺炎+确诊+推特,2020-02-11 6:59:25
武汉+发生+人传人+病毒,2020-02-11 6:33:48
口罩+接受采访+医用,2020-02-11 6:11:57
煽动颠覆国家+政权罪+分裂国家罪+提出,2020-02-11 5:51:50
封城+政府+病毒+中心,2020-02-11 5:21:54
封城+部队,2020-02-11 4:57:44
李文亮+贺胜+中央+湖北省委,2020-02-11 4:43:18
疫情+病毒+李文亮+中央,2020-02-11 4:21:26
群众反映+被处理+不禁要问+已触犯,2020-02-11 3:57:29
輿論控制+李文亮+他們,2020-02-11 3:13:02
聲音+人傳人+李文亮,2020-02-11 2:56:23
大陸+運輸+出口+分析,2020-02-11 2:26:03
武漢+政府+中央+李文亮,2020-02-11 2:01:05
反送中+供不應求+出口管制+更嚴峻,2020-02-11 1:39:39
大陸+肺炎+中共+李文亮,2020-02-11 1:16:01
大陸+口罩+林鄭+要求,2020-02-11 0:53:56
新聞+叫停+令,2020-02-11 0:27:17
香港+政府+港人+蘋果,2020-02-11 0:12:29
集結+暴徒+警方+破壞,2020-02-10 23:55:04
武漢+肺炎+工作領導小組,2020-02-10 23:33:28
戴口罩+政府+消毒+特別,2020-02-10 23:05:14
戴口罩+買不到+肺炎,2020-02-10 22:24:43
可不可以+口罩+政府+使用,2020-02-10 21:44:53
香港+獨立+政府+病毒,2020-02-10 21:21:05
涉嫌多種違規+文章已被刪除+抗擊疫情+官方,2020-02-10 20:56:09
武漢+肺炎+星島日報+病毒,2020-02-10 20:32:45
疫情+肺炎+北京+黨政,2020-02-10 20:09:42
香港+港府+政府+病毒,2020-02-10 19:51:26
民心背離+供應不足+積極搜購,2020-02-10 19:31:38
武漢+肺炎+外媒報道,2020-02-10 19:11:11
當局+感染+政府+肺炎,2020-02-10 18:51:42
高層+問責+李文亮+國監委,2020-02-10 18:28:56
當局+不實言論+病毒+公安,2020-02-10 18:05:03
當局+病毒+李文亮+醫生,2020-02-10 17:47:58
小姐表示+做得好+批評政府+戴上眼罩,2020-02-10 17:04:03
警方+執行+政府在區內將設施轉為檢疫中心或指定診+人士,2020-02-10 16:43:03
火炭山+防暴+駿洋邨,2020-02-10 16:19:35
執行+學+警方+政府+人士,2020-02-10 16:03:09
戴口罩+政府+病毒+工權利,2020-02-10 15:39:38
主席+罷工+政府+要求,2020-02-10 15:20:16
警察+政府+病毒+政治,2020-02-10 14:39:16
香港+戴上口罩+呼籲+戴口罩,2020-02-10 14:15:04
火神+習近平+政府+醫院+不相信,2020-02-10 13:54:27
習近平+估計+全國人民,2020-02-10 13:28:38
感染+習近平+被,2020-02-10 13:09:54
習近平+疫情+政府+負面,2020-02-10 12:51:37
武漢+習近平+感覺+政治,2020-02-10 11:23:21
習近平+武漢政府+不相信,2020-02-10 11:02:55
法律+港府+主席+抗爭,2020-02-10 10:45:48
武漢+海鮮批發市場+病毒,2020-02-10 10:20:34
香港+林鄭+政府+管治,2020-02-10 10:01:28
香港+林鄭+戴口罩+官員,2020-02-10 9:39:33
不封+香港+政府+港人+罷工,2020-02-10 9:19:02
香港+政府+落馬+病毒,2020-02-10 7:28:41
香港+港府+落馬+港人,2020-02-10 7:05:48
封城+部隊,2020-02-10 6:46:57
恐懼混亂和無序+潛伏者+衛星定位,2020-02-10 6:33:51
恐懼混亂和無序+家庭隔離地址+開始發燒,2020-02-10 6:13:44
武漢+接管+部隊,2020-02-10 5:53:12
防化團開進武漢,2020-02-10 5:36:10
澳門+政府+戴口罩,2020-02-10 5:27:01
死亡病例+肺炎+死亡人數,2020-02-10 5:10:11
中央+政府+病毒+死亡人數,2020-02-10 4:52:17
台灣+政府+消毒+出口,2020-02-10 4:31:21
武漢+感染+十幾萬,2020-02-10 4:10:24
香港+台灣+政府+戴口罩,2020-02-10 3:53:25
肺炎+中央+香港+沙士+政府,2020-02-10 3:30:44
武漢+背景+病毒+肺炎,2020-02-10 3:06:39
冠狀病毒+醫療系統,2020-02-10 2:43:25
香港+港府+衞生防護+港人,2020-02-10 2:26:02
香港+罷工+港府+港人,2020-02-10 2:06:44
香港+政府+成立+罷工+陣線,2020-02-10 1:46:03
香港+林鄭+呼籲+病毒,2020-02-10 1:16:03
醫護人員+罷工+武漢肺炎,2020-02-10 0:55:32
反對通知書+空勤+安娜+病毒+罷工,2020-02-10 0:36:28
香港+林鄭月娥+政府+病毒,2020-02-09 23:52:53
武漢+港府+港人+要求,2020-02-09 23:31:08
消息稱+武漢+肺炎+病毒,2020-02-09 23:09:44
香港+武漢+病毒+蔓延,2020-02-09 22:49:22
香港+基本法+罷工+主席,2020-02-09 22:30:51
香港+當局+政府+病毒,2020-02-09 22:08:49
市民+林鄭+行政長官+肺炎,2020-02-09 21:30:06
香港+林鄭+政府+港人,2020-02-09 21:09:17
武漢+肺炎+習近平+病毒,2020-02-09 20:49:00
武漢+肺炎+習近平+國家主席,2020-02-09 19:46:31
疫情+肺炎+習近平+國家主席+北京,2020-02-09 19:25:08
封城+習近平+要求+國務院,2020-02-09 18:59:52
中國人+證明+英國+發現,2020-02-09 18:36:06
下台+大大+瘟疫,2020-02-09 18:13:29
下台+大大+疫情,2020-02-09 17:56:28
武漢+肺炎+病毒+愛國,2020-02-09 17:37:41
大陸+武漢+肺炎+香港政府,2020-02-09 17:15:09
口罩+台灣+政府+中國大陸,2020-02-09 16:53:39
大陸+買不到+政府+香港,2020-02-09 16:35:12
监察委+确诊+李文亮,2020-02-09 16:15:19
市场迎来了大规模消毒2020年1月3+接触者+受到感染+病毒,2020-02-09 15:56:52
接触者+受到感染+市场+未+病毒,2020-02-09 15:28:13
病毒的+接触者+受到感染+市场,2020-02-09 14:59:56
冠状病毒+人传人+李文亮,2020-02-09 14:34:38
到中国+武汉+病毒+肺炎,2020-02-09 14:14:20
自省+公权力,2020-02-09 13:53:04
歼灭战+确诊+总书记,2020-02-09 13:13:14
空军+援引+台军+解放军,2020-02-09 12:49:39
官员+政府+比如说+中方,2020-02-06 6:04:11
李克强总理+有关+总体,2020-02-06 5:38:19
人类命运共同体+病毒+输入,2020-02-06 4:57:29
习近平+让+传染,2020-02-06 4:39:00
专家+习近平+药物+研究,2020-02-06 4:20:39
习近平+负责+毒疫苗,2020-02-06 3:18:35
习近平+负责+毒疫苗,2020-02-06 3:17:35
体制+疫情+凸显+近平,2020-02-06 2:48:07
病毒+一带一路+去年,2020-02-06 2:22:32
疫情+武汉+主席+推特,2020-02-06 2:02:05
习近平+公开+政府+事实,2020-02-06 1:40:15
表达+法国+政府+友谊,2020-02-06 0:45:37
地震+习近平+肺炎+亲自,2020-02-06 0:23:50
地震+政治局会议+总书记,2020-02-06 0:04:01
去+武汉+总书记,2020-02-05 23:46:53
物资+撤侨+医疗+中方,2020-02-05 23:29:29
提供+政府+所知+中方,2020-02-05 23:04:33
1月3日起+30次向美方通报+疫情信息,2020-02-05 22:42:31
有关+疾病控制+旅行限制+病毒,2020-02-05 22:24:10
共产党+肺炎+表现+统治,2020-02-05 21:59:32
中国共产党+最大的威胁+这个时代,2020-02-05 21:38:08
共产党+威胁+最大+蓬佩奥,2020-02-05 21:21:29
疑似+国家主席+北京,2020-02-05 20:58:28
政府+做出+测序+病毒,2020-02-05 20:37:21
记者问+领导+指挥+党中央,2020-02-05 19:44:48
肺炎+大年初一+常委会+习近平+政治局,2020-02-05 19:19:04
习近平+政局+中央+政策,2020-02-05 18:50:57
香港+国家主席+斗争,2020-02-05 17:47:18
皇帝+新闻联播,2020-02-05 17:02:08
受到+在中共+方面+政治,2020-02-05 16:45:27
牵动+武汉+李克强总理,2020-02-05 16:12:57
专门+作出+国务院+总书记,2020-02-05 15:39:47
牵头+国务院+亲自+政府+总书记,2020-02-05 15:16:36
来+武汉+总书记,2020-02-05 14:49:40
得不到+有关+不到满足时的+政府+病毒+种,2020-02-05 14:29:30
中心+任+冠状病毒+不是中国,2020-02-05 13:57:16
建立健全+中央+党政+总书记,2020-02-05 13:07:17
各自为政+总书记,2020-02-05 12:44:28
习近平总书记+不够+党中央+深入,2020-02-05 12:31:00
伟大旗帜+习近平新时代,2020-02-05 11:40:35
肺炎+武汉+政府+病毒+体制,2020-02-05 11:24:43
物资+主席+结束了+疫情,2020-02-05 10:55:25
中央政治局常委会+研究,2020-02-05 10:28:38
舆论引导+政治局+集中统一领导+常委会,2020-02-05 10:15:26
官僚主义+得力+总书记,2020-02-05 9:51:35
习近平+隐瞒+政府+肺炎,2020-02-05 8:17:56
习近平+公开信,2020-02-05 7:22:34
习近平+公开信,2020-02-05 7:21:33
联防联控+党组织+动员群众+有关部门,2020-02-05 6:03:12
习近平+雷神山+到,2020-02-05 5:36:47
到+雷神山+总书记,2020-02-05 5:21:15
应急+纳税服务+期限延长+纳税人,2020-02-05 4:32:55
坚定信心+病死+中央+工作领导小组,2020-02-05 3:23:07
抓落实+抓细+要求+总书记,2020-02-05 2:24:28
部署+全面动员+阻击战+亲自指挥,2020-02-05 1:17:02
习近平主持+政府+政治+常委会,2020-02-05 0:37:36
习近平主持+政府+李克强+常委会,2020-02-04 23:55:11
习近平+武汉+成立+中央,2020-02-04 22:51:13
中央+武汉+成立+习近平+挥,2020-02-04 22:29:18
习近平到武汉,2020-02-04 21:49:10
习近平+武汉+委托+李克强,2020-02-04 21:40:20
原材料价格+上涨+通货膨胀,2020-02-04 21:01:49
部分+抵达+要求+防线,2020-02-04 20:42:29
武汉+有关+病毒+研究所,2020-02-04 20:10:25
封城+武汉+中央+当局,2020-02-04 19:33:46
国新办+研究+物资供应+运输,2020-02-04 19:09:47
疫情蔓延+总书记,2020-02-04 18:37:51
常委会+菜篮子+市长+负责制+政治局,2020-02-04 18:24:01
疫情+中央+工作领导小组+坚定信心+阻击战,2020-02-04 17:58:51
习近平+疫情蔓延,2020-02-04 17:28:41
问候+习近平主席,2020-02-04 17:06:02
世卫+亲自指挥,2020-02-04 16:54:57
疫情+红会+4+政府+湖北,2020-02-04 16:34:27
联防联控+国务院+要求+提到,2020-02-04 15:28:31
美国总统+病毒+特朗普+中方,2020-02-04 14:58:13
到+武汉+总书记,2020-02-04 14:35:06
武汉+在+总书记,2020-02-04 14:16:15
访日+行程+冠状病毒,2020-02-04 13:13:41
李克强+中国梦+王岐山+韩正,2020-02-03 8:05:22
文件+政治+提出+政府+访华,2020-02-03 7:18:58
某人+委托+市长,2020-02-03 4:28:15
某人+亲自,2020-02-03 2:43:58
亲自+皇上,2020-02-03 2:30:00
习近平+有可能+时期+方法,2020-02-03 0:45:20
习近平+一切+归功于+成就,2020-02-02 23:37:59
命运共同体+一带一路,2020-02-02 22:15:56
政府+有关+人权+大陆,2020-02-02 21:56:10
习近平重要+李克强+指导,2020-02-02 20:30:27
习近平+自然灾害+总书记+处置,2020-02-02 20:13:40
大家+总书记+一带一路,2020-02-02 18:56:28
上海+背景+药物+病毒,2020-02-02 17:30:55
解决问题+主席+中央+总理,2020-02-02 16:47:33
如果说+只能+方法+背景,2020-02-02 16:17:01
如果说+背景+只能被+方法,2020-02-02 15:54:30
总书记+灭顶之灾,2020-02-02 14:50:11
习近平+在+武汉,2020-02-02 14:36:29
李克强+中共+常委+两会,2020-02-02 13:52:28
熊大+视察,2020-02-02 10:45:26
印度总理+武汉,2020-02-02 7:02:57
莫迪+武汉,2020-02-02 6:51:36
讲话+是习近平+政治,2020-02-02 3:35:03
多難穿帮,2020-01-31 14:01:26
多难穿帮,2020-01-31 11:43:30
总书记+共产党+十字会,2020-01-31 9:41:30
习主席+成立+卫生局,2020-01-31 9:14:28
肺炎+中共+生命+治疗,2020-01-31 8:43:44
把+习主席+感染,2020-01-31 8:22:18
警察+市民+民团+香港,2020-01-31 7:52:30
作成+政治+成果+外交,2020-01-31 7:13:03
皇帝+亲自,2020-01-31 4:44:59
四个自信+应对+研究+常委会+意识,2020-01-31 4:30:45
政策+发展空间+实施,2020-01-31 3:35:00
统一指挥+亲自指挥+习近平+工作领导小组,2020-01-31 2:23:28
带领+湖北+习近平同志,2020-01-31 1:25:59
习近平+湖北+疫情+中共,2020-01-31 1:06:07
警察+病毒+公安局+武汉+医生,2020-01-31 0:34:45
去医院+病毒+确诊病例+人传人,2020-01-30 23:58:47
分析+有关+国务院+李克强,2020-01-30 23:28:27
活禽交易+野生动物+病毒+导致,2020-01-30 23:04:37
教育部+有关+政治+运营,2020-01-30 22:00:20
统一指挥+统一领导+习近平+亲自指挥,2020-01-30 21:22:52
会动+方面+中共+中央,2020-01-30 19:24:29
舆论引导+有关部门+习近平+政府,2020-01-30 18:58:52
公开声明+国家主席,2020-01-30 18:33:24
公开声明+国家主席,2020-01-30 18:32:22
肯定不会+香港+一国两制,2020-01-29 9:56:35
习近平+十分重视+中央+武汉,2020-01-29 9:25:18
习近平+考察+李克强+武汉+委托,2020-01-29 6:28:24
在中央+瞒报+李克强,2020-01-29 5:59:34
热干面+命运共同体,2020-01-29 5:01:17
习近平+交给+武汉市+中央,2020-01-29 4:13:19
研究+习主席+疾控中心,2020-01-29 2:51:32
死亡率+病毒+中共+疾控中心,2020-01-29 2:28:43
过度反应+支持中国+中方+创纪录,2020-01-29 1:45:27
武汉+10万人+感染,2020-01-29 1:20:20
国务院+肺炎+召开会议+习近平总书记+武汉,2020-01-29 0:59:57
支援+多次+国外+习主席,2020-01-29 0:12:19
联系+指示+习主席+中央,2020-01-28 23:28:39
习主席+卫生部部长,2020-01-28 23:04:22
问责+肺炎+习近平+失职+严防死守,2020-01-28 20:01:53
预期+娱乐+运输+预计,2020-01-28 19:27:23
消毒+工作安排+应急+人口流动,2020-01-28 19:02:10
武汉+九万,2020-01-28 18:29:31
亲自部署+病毒+亲自指挥,2020-01-28 18:15:42
卫生部+呼吸困难+确诊病例+被隔离,2020-01-28 17:45:36
表现+武汉+主席+官员,2020-01-28 17:14:01
蔓延到+分析+人传人+病毒,2020-01-28 16:47:51
处罚+公安+散布谣言+要求,2020-01-28 16:15:54
身体不适+总书记,2020-01-28 15:21:08
身体不适+总书记,2020-01-28 15:20:09
党性+病毒,2020-01-28 14:50:47
習近平+政變,2020-01-28 9:00:26
習近平+政變,2020-01-28 8:59:21
感染+把+习总,2020-01-28 2:29:25
习近平+病毒+不提,2020-01-28 2:09:16
李克强来+工作领导小组+考察+看望慰问,2020-01-28 1:11:42
习近平+疫情+不提,2020-01-28 0:47:19
传出+人传人+病毒+传染病防治,2020-01-28 0:25:47
李克强+打脸,2020-01-27 23:54:31
李克强+打脸,2020-01-27 23:53:25
罢工+香港+脸+港独+港府,2020-01-27 23:27:51
克强总理+泰山移+武汉,2020-01-27 22:47:25
锅+间谍+美国,2020-01-27 22:26:57
传染+习近平+要不要,2020-01-27 22:07:08
被+习近平+传染,2020-01-27 21:46:17
架空+习总,2020-01-27 20:58:22
北京+官员+病毒+政府,2020-01-27 19:37:16
部长+政府+不一样+记者,2020-01-27 19:03:39
病毒+撒币,2020-01-27 18:11:53
有的是+中央+医生+肺炎,2020-01-27 17:56:32
治疗+战争+应对+生化,2020-01-27 17:27:16
治疗药物+病毒传播+人传人+早隔离,2020-01-27 9:57:51
习近平+这两天+昆明,2020-01-27 8:09:12
米袋子+习主席,2020-01-27 7:07:05
米袋子+习主席,2020-01-27 7:06:00
孙春兰+干部+近平+李克强,2020-01-27 6:38:32
脱贫+今年+习近平说+实现,2020-01-27 6:09:13
躲在+习近平+云南,2020-01-27 5:42:59
总书记+报应+疫情,2020-01-27 5:07:50
北京+脸书+确诊病例+大陆,2020-01-27 4:07:53
韩国+当局+冠状病毒+乘飞机,2020-01-27 3:44:46
分析+人传人+病毒+香港政府,2020-01-27 3:19:16
在台湾+政府+中共+大陆,2020-01-27 2:49:49
卫生防护+香港+确诊病例+密切接触,2020-01-27 1:25:34
习近平+肯定+李克强,2020-01-27 0:25:44
国外+小康社会+人类命运共同体,2020-01-27 0:06:02
习近平+抵制+一带一路,2020-01-26 23:47:05
习近平主席+是中国人,2020-01-26 23:17:31
习近平总书记+文明+粤港澳,2020-01-26 23:01:47
习近平+特色国,2020-01-26 21:37:47
总书记+米袋子,2020-01-26 21:22:43
总书记+米袋子,2020-01-26 21:21:39
认真贯彻+主体+习主席,2020-01-26 21:07:40
吃习近平,2020-01-26 17:15:29
习近平+城市治理+要求,2020-01-25 22:07:26
习近平+城市治理+要求,2020-01-25 22:06:24
解放军+中心+病毒+属于,2020-01-25 15:11:20
富起来+老百姓+中国梦+正如,2020-01-25 14:44:24
召开会议+国务院+政府+习总,2020-01-25 14:11:30
四个自信+严阵以待+近平+戴口罩,2020-01-25 13:47:10
总理+布置+总书记+开会,2020-01-25 13:23:03
去哪+习近平+春节,2020-01-25 11:00:36
去哪+总书记+春节,2020-01-25 10:21:55
沈腾+讽刺+武汉,2020-01-25 9:07:54
习近平+春节团拜会+中国梦+在讲话中,2020-01-25 8:20:33
韭菜+大年夜,2020-01-25 6:32:02
度假+总书记+云南,2020-01-25 6:17:08
呼吸困难+不明原因+有关+医疗救治,2020-01-25 4:46:10
加班加点+生产+消毒+不间断,2020-01-25 4:19:58
关评+晚会,2020-01-25 3:50:25
关评+春节,2020-01-25 3:36:07
关评+央视,2020-01-25 3:21:37
春晚+关评,2020-01-25 3:09:28
国际关注+春节将至+北京+病毒,2020-01-25 1:02:46
主席+做好+讲话+中央,2020-01-24 23:18:36
习近平+米袋子,2020-01-24 17:27:42
习近平+米袋子,2020-01-24 17:26:40
总书记+到滇池,2020-01-24 0:58:51
武汉+放在第一位+习总书记,2020-01-24 0:17:27
传染+把+习总,2020-01-23 23:19:19
传染+习近平+把,2020-01-23 22:59:18
疾病预防控制+人传人+病毒+武汉警方,2020-01-23 22:34:51
研究+秩序井然+病毒+南海,2020-01-23 22:00:03
被+感染+习近平,2020-01-23 21:33:36
贯彻+自上而下+到位,2020-01-23 21:11:03
不要出门+多洗多泡+武汉上空+中部战区,2020-01-23 20:32:36
旅游+和顺+总书记,2020-01-23 18:40:49
感染+让+习近平,2020-01-23 14:43:23
台灣+病毒+香港+戴口罩,2020-01-23 3:48:28
台灣+研究+香港+受到,2020-01-23 3:12:42
國際關注+有關+疾病控制+病毒,2020-01-23 2:49:10
美國國務院+提醒+病毒+肺炎,2020-01-23 2:25:36
呼籲+病毒+生命+香港政府,2020-01-23 1:46:48
武漢+高鐵+政府+香港+港府,2020-01-23 1:23:45
呼籲+高鐵站+病毒+戴口罩,2020-01-23 0:48:00
肺炎+香港+相關+當局,2020-01-23 0:21:22
民選+民主+體制+政治,2020-01-22 23:47:11
武漢+香港+中共+肺炎,2020-01-22 23:08:34
疫情+香港+中共+武漢,2020-01-22 22:51:36
開會+議員+進行+會議,2020-01-22 22:34:59
感染+让+习大,2020-01-22 19:53:41
习近平+封城,2020-01-22 18:21:40
封城+总书记,2020-01-22 18:06:01
习主席+旅游+昆明,2020-01-22 17:41:55
习近平+老百姓+交流,2020-01-22 17:20:40
万岁+习主席+时代,2020-01-22 17:02:56
傳染病防治+人傳人+傳出+病毒,2020-01-18 7:10:21
傳出+人傳人+病毒+香港,2020-01-18 6:47:56