Result,idx,Date,Source
獨裁 + 習近,1775,2025-01-06T16:54:16Z,https://www.rfa.org/cantonese/news/htm/hkcourt/hong-kong-court-jimmy-lai-xi-jinping-dictator-01062025093440.html
近平 + 獨裁,12,2025-01-06T16:48:18Z,https://www.rfa.org/cantonese/news/htm/hkcourt/hong-kong-court-jimmy-lai-xi-jinping-dictator-01062025093440.html
續命習,1000,2025-01-02T20:30:52Z,https://www.rfa.org/cantonese/news/china-xi-jing-ping-new-year-speech-gang-of-four-01022025125204.html
习下台,2732,2024-12-29T16:47:16Z,https://botanwang.com/articles/202412/%E4%B9%A0%E5%A4%A7%E6%9D%83%E6%97%81%E8%90%BD%7C%E4%B8%AD%E5%9B%BD%E5%B7%A8%E5%8F%98%E5%B7%B2%E7%8E%B0%E7%AB%AF%E5%80%AA.html
陈云 + 华国锋,976,2024-12-27T16:31:36Z,https://botanwang.com/articles/202412/%E9%9B%86%E4%BD%93%E9%A2%86%E5%AF%BC%E5%8F%96%E4%BB%A3%E4%B8%80%E4%BA%BA%E7%8B%AC%E8%A3%81%EF%BC%9F%E5%9B%9E%E5%A4%B4%E8%B7%AF%E7%9A%84%E5%9B%9E%E5%A4%B4%E8%B7%AF%E8%B5%B0%E5%BE%97%E9%80%9A%EF%BC%9F.html
习皇,140,2024-12-25T07:37:25Z,https://botanwang.com/articles/202412/%E3%80%96%E5%85%B2%E6%9C%9D%E6%B5%AE%E4%B8%96%E7%BB%98%E3%80%97%E8%BF%9E%E4%BC%8A%E6%9C%97%E4%B9%9F%E5%BC%80%E5%A7%8B%E5%90%91%E8%87%AA%E7%94%B1%E6%B0%91%E4%B8%BB%E7%A4%BE%E4%BC%9A%E9%9D%A0%E6%8B%A2%E4%BA%86%7C%E4%B8%AD%E5%85%B1%E7%9A%84%E8%80%81%E6%9C%8B%E5%8F%8B%E8%A6%81%E5%8F%98%E8%B4%A8%EF%BC%9F.html
bet9,201,2024-12-22T10:13:38Z,https://finance.mingpao.com/fin/instantf/20241222/1734852684308/%e8%94%9a%e4%be%86%e6%97%97%e8%89%a6%e8%bb%8a%e5%9e%8bet9%e8%a8%82%e5%96%ae%e8%b6%85%e9%a0%90%e6%9c%9f-%e9%a6%96%e6%89%b9999%e6%9e%b6%e9%99%90%e9%87%8f%e7%89%88%e5%b7%b2%e5%94%ae%e7%bd%84
5月 + 35日,9486,2024-12-21T21:24:35Z,https://chinadigitaltimes.net/chinese/714168.html
政治性抑郁,3438,2024-12-21T21:24:32Z,https://chinadigitaltimes.net/chinese/714168.html
清算共产党,1366,2024-12-21T17:49:16Z,https://botanwang.com/articles/202412/%E9%99%88%E6%9F%8F%E6%BA%90%E5%94%B1%E3%80%8A%E5%8F%8D%E6%94%BB%E5%A4%A7%E9%99%86%E3%80%8B%E9%82%80%E5%9B%BD%E6%B0%91%E5%85%9A%E5%8F%8D%E5%85%B1%7C%E9%99%86%E7%BD%91%E6%B0%91%E6%84%9F%E5%8A%A8.html
曦 + 近 + 平,690,2024-12-21T10:10:42Z,http://politics.people.com.cn/n1/2024/1221/c1001-40387024.html
習獨裁,8,2024-12-19T16:58:45Z,https://www.rfa.org/cantonese/news/htm/hkcourt/hong-kong-court-jimmy-lai-national-security-law-trial-updates-12192024090741.html
近平 + 包子,215,2024-12-16T16:02:50Z,https://botanwang.com/articles/202412/%E5%B7%9D%E6%99%AE%E9%82%80%E8%AF%B7%E4%B9%A0%E7%9A%84%E7%9C%9F%E6%AD%A3%E5%90%AB%E4%B9%89%E2%80%94%E2%80%94%E4%BD%A0%E8%A6%81%E5%90%AC%E8%AF%9D.html
近平 + 連任,1690,2024-12-12T22:03:56Z,https://www.rfa.org/cantonese/news/china-economy-slowdown-central-economic-work-conference-12122024134830.html
xijingp,1952,2024-12-12T18:13:13Z,https://rfa.org/mandarin/zhengzhi/waijiao/2024/12/12/trump-xij-ingping-us-china/
金平细,1802,2024-12-12T00:33:24Z,http://politics.people.com.cn/n1/2024/1212/c1001-40380247.html
喇嘛 + 诺贝尔,272,2024-12-11T18:28:22Z,https://rfa.org/mandarin/shehui/shaoshuminzu/2024/12/11/tibet-human-rights-violations-canada-sanctions-chinese-officials/
达赖 + 诺贝尔,270,2024-12-11T18:28:08Z,https://rfa.org/mandarin/shehui/shaoshuminzu/2024/12/11/tibet-human-rights-violations-canada-sanctions-chinese-officials/
独裁习,3457,2024-12-09T02:37:26Z,https://botanwang.com/articles/202412/%E3%80%96%E5%85%B2%E6%9C%9D%E6%B5%AE%E4%B8%96%E7%BB%98%E3%80%97%E5%8F%99%E5%88%A9%E4%BA%9A%E5%8F%98%E5%A4%A9%E9%98%BF%E8%90%A8%E5%BE%B7%E9%80%83%E4%BA%A1%7C%E8%BF%99%E6%98%AF%E4%B9%A0%E8%BF%91%E5%B9%B3%E7%9A%84%E6%9C%AA%E6%9D%A5%E6%A6%9C%E6%A0%B7.html
近平习,258,2024-12-08T17:06:52Z,https://botanwang.com/articles/202412/%E6%9C%80%E6%96%B0%E6%B6%88%E6%81%AF%E6%98%BE%E7%A4%BA%E4%B9%A0%E5%B7%B2%E4%B8%8D%E6%98%AF%E8%83%8C%E9%BB%91%E9%94%85%E7%9A%84%E9%97%AE%E9%A2%98%E4%BA%86.html
百家乐,1351,2024-12-03T17:32:14Z,https://botanwang.com/articles/202412/%E5%8A%A0%E6%8B%BF%E5%A4%A7%E8%8A%AC%E5%A4%AA%E5%B0%BC%E6%AF%92%E5%AE%B3%E6%B6%89%E4%B8%AD%E3%80%81%E6%B8%AF%E9%9B%86%E5%9B%A2%E3%80%80%E6%B8%A9%E5%93%A5%E5%8D%8E%E8%B5%8C%E5%9C%BA%E6%88%90%E4%B8%BA%E9%9B%86%E5%9B%A2%E6%B4%97%E9%92%B1%E4%B8%AD%E5%BF%83.html
رابىيە,1211,2024-12-02T21:05:22Z,https://www.rfa.org/uyghur/qisqa_xewer/turi-turkel-amerika-12022024130834.html
倒习,1285,2024-11-30T03:55:50Z,https://botanwang.com/articles/202411/%E5%93%AA%E4%B8%AA%E2%80%9C%E5%85%9A%E4%B8%AD%E5%A4%AE%E2%80%9D%E5%86%B3%E5%AE%9A%E4%BA%86%E8%8B%97%E5%8D%8E%E5%81%9C%E8%81%8C%E6%A3%80%E6%9F%A5%EF%BC%9F.html
刁包,317817,2024-11-29T23:36:38Z,Base
習平,223976,2024-11-29T23:36:32Z,Base
习平,182171,2024-11-29T23:35:49Z,Base
Xi近Pin,166875,2024-11-29T23:35:47Z,Base
提供 + GHB,127571,2024-11-29T23:35:27Z,Base
产共倒打,124099,2024-11-29T23:35:09Z,Base
刁近,55336,2024-11-29T23:34:54Z,Base
售 + GHB,30403,2024-11-29T23:34:51Z,Base
奧斯卡 + 趙婷,189,2024-11-25T10:26:02Z,https://ol.mingpao.com/ldy/showbiz/latest/20241125/1732519168418/%e9%99%b3%e5%8f%af%e8%be%9b%e7%8d%b2%e9%a0%92%e3%80%8c%e5%82%91%e5%87%ba%e9%9b%bb%e5%bd%b1%e6%88%90%e5%b0%b1%e7%8d%8e%e3%80%8d-%e6%84%9f%e8%ac%9d%e4%ba%a1%e7%88%b6%e6%a0%bd%e5%9f%b9-%e3%80%8a%e7%94%9c%e8%9c%9c%e8%9c%9c%e3%80%8b%e9%9d%a2%e4%b8%9628%e5%b9%b4%e6%8e%80%e5%9b%9e%e6%86%b6%e6%ae%ba
二十大 + 北三环,201,2024-11-24T16:40:19Z,https://botanwang.com/articles/202411/%E7%99%BD%E7%BA%B8%E8%BF%90%E5%8A%A8%E4%B8%A4%E5%91%A8%E5%B9%B4%EF%BC%8C%E7%BD%91%E7%BB%9C%E6%B2%A1%E6%9C%89%E5%BF%98%E8%AE%B0.html
刘晓波 + 诺贝尔,11,2024-11-23T15:29:51Z,https://www.voachinese.com/a/7873916.html
献忠 + 七杀,436,2024-11-23T13:35:04Z,https://chinadigitaltimes.net/chinese/713385.html
贫习近,25,2024-11-21T06:11:12Z,http://politics.people.com.cn/n1/2024/1121/c1001-40366539.html
近平 + 独裁,168,2024-11-20T06:35:48Z,https://www.voachinese.com/a/hk-congress-rally-20241120/7870256.html
89 + 運動,2292,2024-11-15T20:56:09Z,https://www.rfa.org/cantonese/news/german-status-liberty-8964-beijing-tiananmen-square-11152024131609.html
評習近,183,2024-11-12T19:03:48Z,https://www.rfa.org/cantonese/news/china-zhuhai-crash-vehicle-attack-killed-35-before-airshow-11122024115154.html
评习近,3865,2024-11-10T17:47:53Z,https://botanwang.com/articles/202411/%E7%89%B9%E6%9C%97%E6%99%AE%E8%83%9C%E9%80%89%E2%80%9C%E8%B5%B0%E7%BA%BF%E5%AE%A2%E2%80%9D%E4%B8%8D%E5%AE%89%EF%BC%9A%E6%9C%89%E4%BA%BA%E8%AF%95%E5%9B%BE%E8%B5%B6%E5%9C%A8%E4%BB%96%E5%B0%B1%E4%BB%BB%E5%89%8D%E5%85%A5%E5%A2%83%EF%BC%8C%E6%9C%89%E4%BA%BA%E6%8B%85%E5%BF%83%E8%A2%AB%E9%81%A3%E8%BF%94.html
200斤麦子不换肩,1116,2024-11-09T05:58:13Z,https://botanwang.com/articles/202411/%E3%80%96%E5%85%B2%E6%9C%9D%E6%B5%AE%E4%B8%96%E7%BB%98%E3%80%97%E6%99%AE%E4%BA%AC%E7%AA%81%E7%84%B6%E6%91%86%E4%BA%86%E4%B8%AD%E5%85%B1%E4%B8%80%E9%81%93%7C%E4%B9%A0%E8%BF%91%E5%B9%B3%E5%8F%AA%E6%80%95%E8%A6%81%E5%93%AD%E6%99%95%E5%9C%A8%E5%8E%95%E6%89%80.html
xizhongxun,1363,2024-11-06T13:59:40Z,https://www.rfa.org/mandarin/yataibaodao/zhengzhi/ql-xijinping-xi-zhongxun-tv-drama-11062024020254.html
連任 + 習近,707,2024-11-04T14:07:17Z,https://www.rfa.org/cantonese/news/china-article-11042024055844.html
崔允信,0,2024-11-04T12:54:57Z,https://www.rfa.org/cantonese/news/htm/taiwan-vincent-chui-ying-e-chi-independent-movie-11042024050852.html
金正恩 + 獨裁,1803,2024-11-04T05:07:59Z,https://www.rfa.org/cantonese/news/us-election-trump-harris-11032024211535.html
维尼朝,709,2024-11-02T01:13:37Z,https://www.rfa.org/mandarin/yataibaodao/shehui/al-uk-chinese-halloween-11012024163028.html
尼小熊维,1034,2024-11-01T22:02:24Z,https://botanwang.com/articles/202411/%E2%80%9C%E4%B9%A0%E8%BF%91%E5%B9%B3%E2%80%9D%E2%80%9C%E8%83%A1%E9%94%A6%E6%B6%9B%E2%80%9D%E7%8E%B0%E8%BA%AB%E6%B4%9B%E6%9D%89%E7%9F%B6%E4%B8%87%E5%9C%A3%E8%8A%82%7C%E5%A3%B0%E6%8F%B4%E4%B8%8A%E6%B5%B7%E7%AD%89%E5%9C%B0%E8%A2%AB%E6%8A%93%E6%8D%95%E7%9A%84%E5%B9%B4%E8%BD%BB%E4%BA%BA.html
熊 + 习近,48,2024-11-01T21:53:15Z,https://botanwang.com/articles/202411/%E2%80%9C%E4%B9%A0%E8%BF%91%E5%B9%B3%E2%80%9D%E2%80%9C%E8%83%A1%E9%94%A6%E6%B6%9B%E2%80%9D%E7%8E%B0%E8%BA%AB%E6%B4%9B%E6%9D%89%E7%9F%B6%E4%B8%87%E5%9C%A3%E8%8A%82%7C%E5%A3%B0%E6%8F%B4%E4%B8%8A%E6%B5%B7%E7%AD%89%E5%9C%B0%E8%A2%AB%E6%8A%93%E6%8D%95%E7%9A%84%E5%B9%B4%E8%BD%BB%E4%BA%BA.html
中国领导人腐败,57,2024-10-31T18:58:16Z,https://www.rfi.fr/cn/%E4%B8%AD%E5%9B%BD/20241031-%E4%B8%AD%E5%9B%BD%E4%BA%BA%E6%9D%83%E6%8D%8D%E5%8D%AB%E8%80%85%E8%AE%B8%E5%BF%97%E6%B0%B8%E6%8D%AE%E6%8A%A5%E5%B7%B2%E7%BB%9D%E9%A3%9F%E8%BF%91%E4%B8%80%E6%9C%88-%E8%BA%AB%E4%BD%93%E7%8A%B6%E5%86%B5%E5%A0%AA%E5%BF%A7
近平 + 熊,1374,2024-10-27T21:53:31Z,https://botanwang.com/articles/202410/%E4%B8%87%E5%9C%A3%E8%8A%82%E5%89%8D%E5%A4%95%E4%B8%8A%E6%B5%B7%E6%B0%94%E6%B0%9B%E7%B4%A7%E5%BC%A0%EF%BC%9A%E5%BD%93%E5%B1%80%E7%A6%81%E2%80%9C%E8%A7%92%E8%89%B2%E6%89%AE%E6%BC%94%E2%80%9D%E5%8A%A0%E5%BC%BA%E7%BB%B4%E7%A8%B3%EF%BC%8C%E9%97%B9%E5%B8%82%E4%BB%8D%E8%A7%81%E2%80%9C%E5%A5%87%E8%A3%85%E5%BC%82%E6%9C%8D%E2%80%9D.html
和平奖 + 刘晓波,1415,2024-10-13T12:41:13Z,https://boxun.com/archives/415050
诺贝尔 + 刘晓波,1412,2024-10-13T12:40:59Z,https://boxun.com/archives/415050
扳倒毛泽东,2897,2024-10-11T02:00:52Z,https://botanwang.com/articles/202410/%E5%81%9A%E5%A5%BD%E4%BA%8B%E6%88%90%E5%82%AC%E5%91%BD%E7%AC%A6%7C%E7%9B%91%E5%AF%9F%E9%83%A8%E9%95%BF%E9%AD%94%E5%B9%BB%E4%BA%BA%E7%94%9F.html
失业后在家,771,2024-10-07T03:10:03Z,https://botanwang.com/articles/202410/%E3%80%96%E5%BE%AE%E5%8D%9A%E8%B0%88%E3%80%97%E4%B8%80%E4%B8%AA%E6%AD%A3%E7%89%8C%E5%B0%8F%E5%AD%A6%E6%AF%95%E4%B8%9A%EF%BC%8C%E4%B8%80%E4%B8%AA%E5%93%88%E4%BD%9B%E6%AF%95%E4%B8%9A.html
20大 + sb,542,2024-10-05T19:29:39Z,https://boxun.com/archives/412853
邓小平腐败,634,2024-10-01T19:30:21Z,https://www.rfa.org/mandarin/yataibaodao/zhengzhi/my-overseas-dissidents-meet-on-china-democracy-transition-10012024113926.html
讨习檄文,1757,2024-10-01T19:10:34Z,https://botanwang.com/articles/202410/%E7%A4%BE%E7%A7%91%E9%99%A2%E5%AD%A6%E8%80%85%E6%9C%B1%E6%81%92%E9%B9%8F%E2%80%9C%E5%87%BA%E4%BA%8B%E2%80%9D%E7%9A%84%E8%B9%8A%E8%B7%B7.html
破四舊,1538,2024-09-30T21:47:33Z,https://www.rfa.org/cantonese/commentaries/ching/china-75th-national-day-ccp-propaganda-ideology-09302024145953.html
日在校園,1492,2024-09-23T20:09:35Z,https://www.rfa.org/cantonese/news/uk-confucius-university-stop-funding-china-backed-institutes-09232024125847.html
毛泽东坏得很,257,2024-09-23T02:03:47Z,https://botanwang.com/articles/202409/%E5%A5%BD%E4%BA%9B%E4%BA%8B%EF%BC%8C%E6%88%91%E9%83%BD%E4%B8%8D%E6%95%A2%E7%BB%99%E5%A8%83%E5%84%BF%E8%AE%B2.html
bao + 近平,2399,2024-09-19T05:37:17Z,https://botanwang.com/articles/202409/%E3%80%96%E5%85%B2%E6%9C%9D%E6%B5%AE%E4%B8%96%E7%BB%98%E3%80%97%E4%B8%AD%E5%85%B1%E5%A4%9C%E9%83%8E%E8%87%AA%E5%A4%A7%EF%BC%8C%E5%B8%A6%E5%8A%A8%E5%85%A8%E6%B0%91%E6%84%8F%E6%B7%AB.html
二十大 + 一尊,4757,2024-09-12T16:13:58Z,https://www.rfa.org/mandarin/zhuanlan/zhongguotoushi/panel-lai-ching-te-initiates-strategic-offense-09122024092536.html
供應 + 芬太尼,342,2024-09-11T22:58:54Z,https://www.rfa.org/cantonese/news/us-act-china-week-congress-bill-mccarthyism-09112024161039.html
非洲大撒幣,93,2024-09-05T13:26:16Z,https://www.rfa.org/cantonese/news/cn-africa-09052024060359.html
64纪念碑,188,2024-09-03T22:09:59Z,https://www.rfa.org/mandarin/yataibaodao/renquanfazhi/sc-activist-zhu-yufu-visits-sculpture-park-09032024132834.html
二十大 + 赶,1743,2024-08-27T17:37:35Z,https://www.rfa.org/mandarin/zhuanlan/yehuazhongnanhai/gx-sun-zhigang-proportionate-punishment-08272024101712.html
金正恩 + 暴君,136,2024-08-23T15:37:16Z,https://www.dw.com/zh/哈里斯：-我不会去讨好像金正恩那样的暴君和独裁者们/a-70031775?maca=chi-rss-chi-all-1127-rdf
澳門老牌,560,2024-08-23T13:25:45Z,https://www.rfa.org/cantonese/news/htm/mo-election-08232024064138.html
神经 + 江泽民,1249,2024-08-22T16:39:33Z,https://botanwang.com/articles/202408/%E4%B8%8D%E5%AE%9E%E6%8A%A5%E5%AF%BC%E6%94%BB%E5%87%BB%E7%A5%9E%E9%9F%B5%7C%E7%BA%BD%E6%97%B6%E8%83%8C%E5%8F%9B%E6%96%B0%E9%97%BB%E7%90%86%E5%BF%B5.html
Falun + Dafa,31,2024-08-20T17:39:28Z,https://botanwang.com/articles/202408/%E7%BA%BD%E7%BA%A6%E7%9F%A5%E5%90%8D%E5%8D%8E%E4%BA%BA%E9%A9%B3%E7%BA%BD%E7%BA%A6%E6%97%B6%E6%8A%A5%E4%B8%8D%E5%AE%9E%E6%8A%A5%E5%AF%BC.html
学习墙国,1086,2024-08-17T15:46:12Z,https://botanwang.com/articles/202408/%E5%85%AC%E5%BC%80%E5%8F%AB%E5%96%8A%E2%80%9C%E4%B9%A0%E8%BF%91%E5%B9%B3%E4%B8%8B%E5%8F%B0%E2%80%9D%7C%E2%80%9C%E5%86%B2%E5%A1%94%E2%80%9D%E9%9D%92%E5%B9%B4%E7%96%91%E5%B7%B2%E5%A4%B1%E8%81%94.html
四・二六社论,9819,2024-08-04T08:42:04Z,https://botanwang.com/articles/202408/%E5%85%AD%E5%9B%9B%E5%90%8E%E4%B8%AD%E5%85%B1%E5%A6%82%E4%BD%95%E6%95%B4%E8%82%83%E9%A6%99%E6%B8%AF%E3%80%8A%E6%96%87%E6%B1%87%E6%8A%A5%E3%80%8B.html
金日成 + 独裁,756,2024-08-02T21:05:37Z,https://www.rfa.org/mandarin/yataibaodao/kejiaowen/2024-paris-olympics/wy-north-korea-aouth-korea-atheletes-08022024133522.html
维尼 + 独裁,1198,2024-08-02T20:55:22Z,https://www.rfa.org/mandarin/yataibaodao/renquanfazhi/kw2-hunan-xi-jinping-protest-banner-08022024125456.html
XiAusescu,1115,2024-07-30T23:43:50Z,https://chinadigitaltimes.net/chinese/710159.html
獨裁國賊,198,2024-07-30T21:17:23Z,https://www.rfa.org/cantonese/news/xijinping-07302024142431.html
罷免習,15,2024-07-30T21:17:11Z,https://www.rfa.org/cantonese/news/xijinping-07302024142431.html
罢免习,727,2024-07-30T16:48:34Z,https://botanwang.com/articles/202407/%E6%B9%96%E5%8D%97%E5%A8%84%E5%BA%95%E7%8E%B0%E5%BD%AD%E7%AB%8B%E5%8F%91%E7%AC%AC%E4%BA%8C%7C%E6%8B%89%E6%A8%AA%E5%B9%85%E6%94%BE%E5%B9%BF%E6%92%AD%E5%8F%8D%E7%8B%AC%E8%A3%81.html
習澤東,978,2024-07-30T14:05:25Z,https://www.rfa.org/cantonese/news/wu-07302024071949.html
袭 + 近 + 平,197,2024-07-30T07:03:24Z,http://politics.people.com.cn/n1/2024/0730/c1001-40288836.html
嚴歌苓,4,2024-07-28T18:03:05Z,https://www.voacantonese.com/a/7715982.html
四・二六社論,9853,2024-07-24T21:38:47Z,https://www.rfa.org/cantonese/commentaries/ching/ching-com-07242024104647.html
銀河國際,102,2024-07-18T14:43:23Z,https://finance.mingpao.com/fin/instantf/20240718/1721299824361/%e6%b5%b7%e5%80%ab%e5%8f%b8%e6%98%8e%e8%b5%b7%e6%96%bc%e6%96%b0%e5%8a%a0%e5%9d%a1%e7%ac%ac%e4%ba%8c%e4%b8%8a%e5%b8%82
二十大 + 肃清,3256,2024-07-16T15:18:01Z,https://botanwang.com/articles/202407/%E5%B7%9D%E6%99%AE%E9%81%AD%E6%9E%AA%E5%87%BB%7C%E4%B8%AD%E5%8D%97%E6%B5%B7%E7%9A%84%E5%8F%8D%E5%BA%94%E5%BE%88%E5%8F%A6%E7%B1%BB.html
xjp,1077,2024-07-15T22:15:09Z,https://chinadigitaltimes.net/chinese/709723.html
刘善人,1698,2024-07-15T17:18:58Z,https://www.rfa.org/mandarin/pinglun/weise/ws-tibetan-slavery-system-exhibition-07152024104738.html
中共迫害,89,2024-07-13T15:44:51Z,https://botanwang.com/articles/202407/%E4%B8%AD%E5%85%B1%E8%87%AA%E5%B7%B1%E6%89%93%E5%80%92%E4%BA%86%E8%87%AA%E5%B7%B1.html
20大 + 抗议,2499,2024-07-12T20:44:58Z,https://botanwang.com/articles/202407/%E8%92%99%E5%8F%A4%E6%97%8F%E4%BA%BA%E6%9D%83%E9%A2%86%E8%A2%96%E5%9C%A8%E4%B8%96%E7%95%8C%E5%85%AC%E6%B0%91%E6%B3%95%E9%99%A2%E6%8E%A7%E8%AF%89%E4%B8%AD%E5%85%B1%E5%9C%A8%E5%86%85%E8%92%99%E6%8E%A8%E8%A1%8C%E6%96%87%E5%8C%96%E7%81%AD%E7%BB%9D%E6%94%BF%E7%AD%96.html
20大 + 游行,9,2024-07-12T16:05:43Z,https://botanwang.com/articles/202407/%E6%B3%95%E8%BD%AE%E5%8A%9F%E7%BE%8E%E5%9B%BD%E9%A6%96%E9%83%BD7%C2%B720%E5%A4%A7%E6%B8%B8%E8%A1%8C%7C%E9%9C%87%E6%92%BC%E4%BA%BA%E5%BF%83.html
銀河娛樂,127,2024-07-11T12:12:35Z,https://finance.mingpao.com/fin/instantf/20240711/1720690626511/%e6%be%b3%e9%96%80%e5%8d%9a%e7%9b%a3%e5%b1%80-%e4%b8%ad%e4%bb%8b%e4%ba%ba%e6%95%b8%e7%9b%ae%e4%b8%8a%e9%99%90%e7%b6%ad%e6%8c%8150%e5%90%8d%e4%b8%8d%e8%ae%8a
喜 + 近 + 平,2259,2024-07-08T09:39:28Z,http://politics.people.com.cn/n1/2024/0708/c1001-40273616.html
溪 + 近 + 平,91,2024-07-07T16:31:49Z,http://politics.people.com.cn/n1/2024/0707/c1001-40272856.html
20大 + 抓,671,2024-07-02T13:27:01Z,https://botanwang.com/articles/202407/%E4%B8%89%E4%B8%AD%E5%85%A8%E4%BC%9A%E5%89%8D%EF%BC%8C%E4%B8%AD%E5%8D%97%E6%B5%B7%E5%AF%B9%E5%AE%98%E5%91%98%E5%86%8D%E5%8B%92%E7%B4%A7%E6%94%BF%E6%B2%BB%E7%BB%9E%E7%B4%A2.html
颠覆邓小平,3132,2024-06-19T17:31:06Z,https://botanwang.com/articles/202406/%E4%B8%AD%E5%85%B1%E4%BA%8C%E5%8D%81%E5%A4%A7%E4%B8%89%E4%B8%AD%E5%85%A8%E4%BC%9A%E4%B8%BA%E4%BB%80%E4%B9%88%E6%8B%96%E8%BF%99%E4%B9%88%E4%B9%85%EF%BC%9F%E4%BC%9A%E5%81%9A%E4%BB%80%E4%B9%88%EF%BC%9F.html
二十大 + 拖,2,2024-06-19T13:34:10Z,https://www.voachinese.com/a/preview-of-the-long-delayed-third-plenary-session-of-20th-cpc-central-committee-20240611/7652051.html
稍有常識的人,95,2024-06-18T16:58:43Z,https://www.rfa.org/cantonese/commentaries/lj/com-lj-06182024095841.html
维尼皇,898,2024-06-17T08:54:35Z,https://chinadigitaltimes.net/chinese/708991.html
熊维尼小,769,2024-06-17T07:54:21Z,https://chinadigitaltimes.net/chinese/708991.html
献忠学,442,2024-06-11T14:11:19Z,https://chinadigitaltimes.net/chinese/708820.html
八九年六月三,1559,2024-06-09T14:42:01Z,https://botanwang.com/articles/202406/%E5%8D%85%E4%BA%94%E5%B9%B4%E8%BF%87%E5%8E%BB%EF%BC%8C%E5%A4%A9%E5%AE%89%E9%97%A8%E7%9A%84%E9%81%97%E7%BB%AA%E4%BB%8D%E5%9C%A8.html
江绵康,1178,2024-06-07T16:14:14Z,https://botanwang.com/articles/202406/%E6%B1%9F%E7%BB%B5%E6%81%92%E8%A2%AB%E9%99%8D%E8%81%8C%7C%E4%B8%8A%E6%B5%B7%E5%AE%98%E5%9C%BA%E5%90%8C%E6%9C%9F%E8%A2%AB%E2%80%9C%E6%B8%85%E6%B4%97%E2%80%9D.html
89哀悼,1120,2024-06-06T06:08:08Z,https://botanwang.com/articles/202406/%E5%8C%97%E4%BA%AC%E5%BE%92%E5%8A%B3%E5%9C%B0%E6%AF%81%E7%81%AD%E5%85%AD%E5%9B%9B%E8%AE%B0%E5%BF%86.html
独裁国贼,545,2024-06-06T06:07:51Z,https://botanwang.com/articles/202406/%E5%8C%97%E4%BA%AC%E5%BE%92%E5%8A%B3%E5%9C%B0%E6%AF%81%E7%81%AD%E5%85%AD%E5%9B%9B%E8%AE%B0%E5%BF%86.html
新蛤社,475,2024-06-05T21:37:16Z,https://www.rfa.org/mandarin/yataibaodao/renquanfazhi/kw-06052024101346.html
螳臂挡车的歹徒,2987,2024-06-04T23:58:48Z,https://chinadigitaltimes.net/chinese/708611.html
民主 + 学运,211,2024-06-04T20:04:47Z,https://botanwang.com/articles/202406/35%E5%B9%B4%E5%90%8E%EF%BC%8C%E5%8F%B0%E6%B9%BE%E8%B0%81%E5%9C%A8%E7%BA%AA%E5%BF%B5%E5%85%AD%E5%9B%9B%EF%BC%9F.html
维园烛火,4439,2024-06-04T19:05:27Z,https://chinadigitaltimes.net/chinese/708496.html
电影 + 颐和园,1269,2024-06-04T18:54:30Z,https://chinadigitaltimes.net/chinese/708496.html
李鹏宣布戒严,531,2024-06-04T06:00:13Z,https://botanwang.com/articles/202406/%E3%80%96%E5%BE%AE%E5%8E%86%E5%8F%B2%E3%80%97%E6%9C%9D%E9%B2%9C%E4%BA%BA%E7%9A%84%E6%89%80%E6%9C%89%E8%8B%A6%E9%9A%BE%E8%B0%81%E9%80%A0%E6%88%90%E7%9A%84%EF%BC%9F.html
战犯普京,825,2024-05-22T19:32:13Z,https://chinadigitaltimes.net/chinese/708123.html
金正恩 + 炮决,108,2024-05-21T05:26:45Z,https://botanwang.com/articles/202405/%E3%80%96%E5%BE%AE%E5%8D%9A%E8%B0%88%E3%80%97%E5%BF%85%E9%A1%BB%E9%A9%AC%E4%B8%8A%E8%84%B1%E9%92%A9%EF%BC%8C%E5%85%A8%E9%9D%A2%E7%A7%91%E6%8A%80%E5%B0%81%E9%94%81.html
Falun + Gong,11344,2024-05-18T22:24:50Z,https://botanwang.com/articles/202405/%E6%B3%95%E8%BD%AE%E5%8A%9F%E5%A4%A7%E4%BA%8B%E7%BA%AA%EF%BC%881992%E2%80%942024%E5%B9%B4%EF%BC%89.html
李立三路线,1939,2024-05-16T01:57:46Z,https://botanwang.com/articles/202405/%E6%AF%9B%E6%B3%BD%E4%B8%9C%E5%BD%93%E5%B9%B4%E5%88%B6%E9%80%A0%E7%9A%84%E7%BA%A2%E5%86%9B%E6%9D%80%E7%BA%A2%E5%86%9B%E4%BA%8B%E4%BB%B6.html
隙 + 近 + 平,726,2024-05-15T18:33:55Z,https://botanwang.com/articles/202405/%E6%99%AE%E4%B9%A0%E4%BC%9A%E5%9C%A8%E5%8D%B3%EF%BC%8C%E4%B8%AD%E4%BF%84%E4%B9%8B%E9%97%B4%E8%BF%99%E5%87%A0%E4%B8%AA%E8%AE%AE%E9%A2%98%E6%9C%89%E4%BA%9B%E5%BE%AE%E5%A6%99.html
民主 + 學運,141,2024-05-14T20:23:18Z,https://www.voacantonese.com/a/7610814.html
中共祸害,3215,2024-05-14T15:01:27Z,https://botanwang.com/articles/202405/%E6%B3%95%E8%BD%AE%E5%8A%9F%E4%B8%BA%E4%BD%95%E5%B9%BF%E4%BC%A0156%E4%B8%AA%E5%9B%BD%E5%AE%B6%E5%92%8C%E5%9C%B0%E5%8C%BA.html
胡风反革命集团案,3162,2024-05-14T03:43:40Z,https://botanwang.com/articles/202405/%E2%80%9C%E5%A4%A7%E9%98%8E%E7%8E%8B%E2%80%9D%E9%99%86%E5%AE%9A%E4%B8%80%E8%A2%AB%E5%85%B3%E7%A7%A6%E5%9F%8E%E7%9B%91%E7%8B%B1%E4%B9%8B%E8%B0%9C.html
墙内 + 信息封锁,1831,2024-05-12T10:29:25Z,https://chinadigitaltimes.net/chinese/707780.html
普京 + 宣布 + 核武,24,2024-05-11T15:17:25Z,https://www.voachinese.com/a/7606636.html
chinaandtaiwan,192,2024-05-10T15:07:15Z,https://www.voachinese.com/a/how-do-china-and-taiwan-engage-in-dialogue-20240510/7605843.html
国家主习,38,2024-05-03T23:36:57Z,https://www.rfi.fr/cn/%E4%B8%AD%E5%9B%BD/20240503-%E6%B3%95%E5%9B%BD%E7%94%B5%E8%A7%862%E5%8F%B0%E6%92%AD%E5%87%BA-%E4%B8%AD%E5%9B%BD%E5%9C%A8%E6%B3%95%E5%9B%BD%E6%8A%93%E4%BA%BA-%E7%9A%84%E9%AA%87%E4%BA%BA-%E8%8A%B1%E7%B5%AE
右倾错误,574,2024-04-28T17:06:04Z,http://politics.people.com.cn/n1/2024/0428/c1024-40225985.html
Xictator,647,2024-04-28T04:06:22Z,https://botanwang.com/articles/202404/%E3%80%96%E5%BE%AE%E5%8D%9A%E8%B0%88%E3%80%97%E4%B8%AD%E5%85%B1%E5%B0%B1%E9%82%A3%E4%B9%88%E5%9B%9E%E4%BA%8B.html
二十大 + 死,1499,2024-04-22T21:59:04Z,https://www.rfa.org/mandarin/zhuanlan/yehuazhongnanhai/gx-04222024153229.html
八七會議,1404,2024-04-16T16:16:43Z,https://www.rfa.org/cantonese/commentaries/ching/com-ching-04162024094931.html
百家樂,4,2024-04-16T14:55:22Z,https://finance.mingpao.com/fin/instantf/20240416/1713270406486/%e6%be%b3%e9%96%80%e8%b2%b4%e8%b3%93%e7%99%be%e5%ae%b6%e6%a8%82%e9%a6%96%e5%ad%a3%e5%a2%9e%e8%bf%9168-%e8%87%b3143-8%e5%84%84-%e4%b8%ad%e5%a0%b4%e7%99%be%e5%ae%b6%e6%a8%82%e6%94%b6%e5%85%a5%e7%b4%84346%e5%84%84%e7%a0%b4%e7%b4%80%e9%8c%84
辱包,422,2024-04-10T22:25:45Z,https://www.rfa.org/mandarin/zhuanlan/wangluoboyi/iwar-04102024160103.html
三体 + 封杀,2539,2024-04-07T19:22:36Z,https://chinadigitaltimes.net/chinese/706582.html
三体 + 批斗,2531,2024-04-07T19:22:25Z,https://chinadigitaltimes.net/chinese/706582.html
双百方针,527,2024-04-06T16:52:51Z,https://boxun.com/archives/365067
倒行逆施 + 修宪,3442,2024-04-05T20:04:42Z,https://www.rfa.org/mandarin/pinglun/caixia/cx/cx2-04052024134605.html
20大 + 入常,568,2024-04-05T04:35:53Z,https://botanwang.com/articles/202404/%E8%94%A1%E5%A5%87%E5%86%8D%E5%85%BC%E5%B0%8F%E7%BB%84%E9%95%BF%7C%E6%9D%83%E9%AB%98%E4%BD%8D%E9%87%8D%E8%BF%BD%E4%B9%A0%E6%80%BB%EF%BC%9F.html
小维尼熊,124,2024-04-03T22:28:01Z,https://www.rfa.org/mandarin/zhuanlan/wangluoboyi/iwar-04032024154533.html
江绵恒,2338,2024-04-03T05:08:03Z,https://botanwang.com/articles/202404/%E4%B8%AD%E5%85%B1%E4%B8%91%E9%99%8B%E9%9D%A2%E7%9B%AE%E5%A4%A7%E8%B5%B7%E5%BA%95.html
XJP,670,2024-04-02T05:36:00Z,https://botanwang.com/articles/202404/%E3%80%96%E5%BE%AE%E5%8D%9A%E8%B0%88%E3%80%97%E6%89%80%E8%B0%93%E4%B8%8D%E8%A7%A6%E5%8F%8A%E6%94%BF%E6%B2%BB%EF%BC%8C%E5%B0%B1%E6%98%AF%E9%BB%98%E8%AE%A4%E4%B8%AD%E5%85%B1%E7%9A%84%E6%94%BF%E6%B2%BB.html
批斗 + 三体,2239,2024-03-31T13:13:42Z,https://chinadigitaltimes.net/chinese/706363.html
封杀 + 三体,3139,2024-03-26T14:38:07Z,https://botanwang.com/articles/202403/%E5%85%9A%E9%AD%81%E9%AB%98%E5%96%8A%E6%96%B0%E8%B4%A8%E7%94%9F%E4%BA%A7%E5%8A%9B%7C%E6%8C%87%E6%98%8E%E6%9C%80%E6%96%B0%E7%83%82%E5%B0%BE%E6%96%B9%E5%90%91.html
暴亂 + 89,480,2024-03-24T18:46:42Z,https://chinadigitaltimes.net/chinese/706156.html
襲 + 近 + 平,6,2024-03-23T09:10:03Z,https://news.mingpao.com/ins/%e5%85%a9%e5%b2%b8/article/20240323/s00004/1711173837648/%e4%bf%84%e9%9f%b3%e6%a8%82%e6%9c%83%e9%81%87%e6%81%90%e8%a5%b2-%e7%bf%92%e8%bf%91%e5%b9%b3%e5%90%91%e6%99%ae%e4%ba%ac%e8%87%b4%e6%85%b0%e5%95%8f%e9%9b%bb-%e4%b8%ad%e6%96%b9%e5%8f%8d%e5%b0%8d%e4%b8%80%e5%88%87%e5%bd%a2%e5%bc%8f%e6%81%90%e6%80%96%e4%b8%bb%e7%be%a9
黄鹅孝子,988,2024-03-21T06:28:32Z,https://botanwang.com/articles/202403/%E3%80%96%E5%85%B2%E6%9C%9D%E6%B5%AE%E4%B8%96%E7%BB%98%E3%80%97%E8%B6%8A%E5%8D%97%E5%9B%BD%E5%AE%B6%E4%B8%BB%E5%B8%AD%E5%B1%85%E7%84%B6%E8%BE%9E%E8%81%8C%E4%BA%86%EF%BC%8C%E8%BF%99%E4%BC%9A%E8%AE%A9%E4%B8%AD%E5%85%B1%E5%9B%BD%E7%9A%84%E9%9F%AD%E6%B0%91%E4%BB%AC%E5%92%8B%E6%83%B3%EF%BC%9F.html
习李不和,388,2024-03-20T17:00:28Z,https://botanwang.com/articles/202403/%E2%80%9C%E8%83%BD%E5%8F%91%E5%A3%B0%E7%9A%84%E5%8F%91%E5%A3%B0%E2%80%9D%7C%E6%9D%8E%E5%85%8B%E5%BC%BA%E6%95%85%E5%B1%85%E5%A4%96%E7%8E%B0%E6%9D%A1%E5%B9%85.html
习死了,872,2024-03-17T07:40:52Z,https://botanwang.com/articles/202403/%E4%B9%A0%E7%9A%84%E7%96%BC%E7%97%9B%E6%AF%9B%E7%9A%84%E5%8F%A3%E6%B0%B4.html
普京 + 威胁 + 核武,657,2024-03-17T04:11:20Z,https://boxun.com/archives/358522
vpn兩會,1279,2024-03-14T13:59:48Z,https://chinadigitaltimes.net/chinese/705855.html
习圣上,185,2024-03-12T00:48:14Z,https://www.rfa.org/mandarin/zhuanlan/yehuazhongnanhai/gx-03112024172740.html
除習,883,2024-03-11T18:19:45Z,https://www.rfa.org/cantonese/news/closing-03112024120548.html
文化革命,14572,2024-03-08T12:08:00Z,https://boxun.com/archives/355816
举手机器大会,777,2024-03-07T14:38:21Z,https://chinadigitaltimes.net/chinese/705676.html
代表谁人大,455,2024-03-04T18:59:46Z,https://chinadigitaltimes.net/chinese/705503.html
希 + 晉 + 憑,68,2024-03-04T09:11:03Z,https://ol.mingpao.com/ldy/showbiz/latest/20240304/1709533599075/%e7%94%b1%e7%b5%84band%e5%89%b5%e4%bd%9c%e5%88%b0mv%e4%b8%8a%e6%9e%b6-rover%e6%96%b0%e6%ad%8c%e8%a8%98%e9%8c%84%e7%86%b1%e8%a1%80%e8%bf%bd%e5%b0%8b%e9%9f%b3%e6%a8%82%e5%a4%a2
党共,515,2024-02-27T18:46:17Z,https://www.rfa.org/mandarin/yataibaodao/gangtai/hx2-02272024080015.html
白紙行動,546,2024-02-22T15:11:31Z,https://www.rfa.org/cantonese/news/htm/ca-book-02222024075439.html
人大代表谁,1326,2024-02-19T19:07:45Z,https://chinadigitaltimes.net/chinese/705217.html
打倒邓小平,1387,2024-02-19T06:08:30Z,https://botanwang.com/articles/202402/%E6%9D%83%E5%80%BE%E4%B8%80%E6%97%B6%7C%E5%BC%A0%E6%98%A5%E6%A1%A5%E9%A2%84%E8%A7%81%E8%87%AA%E5%B7%B1%E4%B8%8B%E5%9C%BA.html
颠覆毛泽东,322,2024-02-19T02:53:49Z,https://botanwang.com/articles/202402/%E4%B8%AD%E5%85%B1%E5%8F%88%E5%8F%B7%E5%8F%AC%E8%A7%A3%E6%94%BE%E6%80%9D%E6%83%B3%7C%E4%B9%A0%E8%BF%91%E5%B9%B3%E6%80%9D%E6%83%B3%E6%80%8E%E4%B9%88%E5%8A%9E%EF%BC%9F.html
除习,5208,2024-02-16T15:47:03Z,https://botanwang.com/articles/202402/%E9%BE%99%E5%B9%B4%E5%8F%88%E5%88%B0%7C%E4%B8%AD%E5%85%B1%E5%A4%A7%E5%87%B6%EF%BC%9F.html
春晚 + 入侵,1056,2024-02-06T17:31:05Z,https://www.rfa.org/cantonese/news/show-02062024101153.html
渗透 + 春晚,1328,2024-02-05T07:24:19Z,https://botanwang.com/articles/202402/%E5%B0%8F%E7%B2%89%E7%BA%A2%E9%AA%9A%E6%89%B0%E8%8B%B1%E9%92%A2%E7%90%B4%E5%B8%88%E4%B8%8E%E4%B8%AD%E5%85%B1%E2%80%9C%E5%85%A8%E7%90%83%E6%98%A5%E6%99%9A%E2%80%9D.html
Liangjiahe,66,2024-02-04T04:00:59Z,https://boxun.com/archives/345634
朝鮮 + 金氏王朝,103,2024-02-02T18:18:00Z,https://www.rfa.org/cantonese/commentaries/wong/com-wong-02022024104827.html
彭载舟,1484,2024-02-01T15:32:04Z,https://botanwang.com/articles/202402/%E4%B8%AD%E5%9B%BD%E5%B9%B4%E8%BD%BB%E4%BA%BA%E4%B8%BA%E4%BD%95%E6%97%A0%E6%B3%95%E2%80%9C%E8%BA%BA%E5%B9%B3%E2%80%9D.html
維尼 + 皇帝,163,2024-01-29T11:46:07Z,https://www.rfa.org/cantonese/news/littlepink-01292024042959.html
穿龙袍 + 熊,0,2024-01-27T20:50:32Z,https://botanwang.com/articles/202401/%E7%A9%BF%E9%BE%99%E8%A2%8D%E7%9A%84%E5%B0%8F%E7%86%8A%E7%BB%B4%E5%B0%BC%7C%E9%BB%84%E6%98%8E%E5%BF%97%E2%80%9C%E9%BE%99%E7%9A%84%E4%BC%A0%E4%BA%BA%E2%80%9D%E7%83%AD%E7%88%86.html
近平 + 維尼,173,2024-01-26T17:21:07Z,https://www.rfa.org/cantonese/news/uk-piano-01262024101002.html
彻子的房间,46,2024-01-25T10:43:34Z,https://cn.nytimes.com/asia-pacific/20240125/tetsuko-kuroyanagi-japan-television/?utm_source=RSS
毛泽东祸害,2501,2024-01-24T15:34:38Z,https://botanwang.com/articles/202401/%E8%8B%8F%E6%99%93%E5%BA%B7%EF%BC%9A%E7%94%B2%E5%8D%88%E8%BF%98%E4%BC%9A%E9%87%8D%E6%BC%94%E5%90%97%EF%BC%9F.html
台湾批踢踢,1064,2024-01-22T19:27:38Z,https://www.rfa.org/mandarin/yataibaodao/gangtai/taiwan-xuanju/hcm2-01222024082644.html
色批,2737,2024-01-21T08:41:24Z,https://chinadigitaltimes.net/chinese/704392.html
LSP,396,2024-01-21T08:28:02Z,https://chinadigitaltimes.net/chinese/704392.html
孙任泽 + 刑讯逼供,1089,2024-01-19T15:11:06Z,https://botanwang.com/articles/202401/%E8%B4%A2%E6%96%B0%E6%8A%A5%E5%AF%BC%E8%A2%AB%E5%88%A0%7C%E6%8F%AD%E4%BB%A4%E4%B8%AD%E5%85%B1%E6%81%90%E6%83%A7%E7%9A%84%E4%B8%89%E5%A4%A7%E4%BA%8B%E5%AE%9E.html
嫌疑人孫任澤之死,291,2024-01-15T19:22:35Z,https://www.rfa.org/cantonese/news/story-01152024114519.html
财新网 + 刑讯逼供,1283,2024-01-15T16:19:20Z,https://botanwang.com/articles/202401/%E8%B4%A2%E6%96%B0%E7%BD%91%E6%8A%AB%E9%9C%B2%E6%96%B0%E7%96%86%E4%BC%8A%E7%8A%81%E5%85%AC%E5%AE%89%E5%88%91%E8%AE%AF%E9%80%BC%E4%BE%9B%E8%87%B4%E6%AD%BB%E6%A1%88%7C%E6%96%87%E9%81%AD%E5%88%A0%E9%99%A4.html
生殖器吊重物,270,2024-01-15T10:33:17Z,https://www.rfa.org/mandarin/yataibaodao/renquanfazhi/gt1-01152024031536.html
伊犁公安 + 刑讯逼供,7,2024-01-15T10:21:54Z,https://www.rfa.org/mandarin/yataibaodao/renquanfazhi/gt1-01152024031536.html
新疆伊犁 + 刑讯逼供,5,2024-01-15T10:21:33Z,https://www.rfa.org/mandarin/yataibaodao/renquanfazhi/gt1-01152024031536.html
嫌疑人孙任泽之死,2963,2024-01-15T06:43:05Z,https://botanwang.com/articles/202401/%E3%80%96%E5%85%B2%E6%9C%9D%E6%B5%AE%E4%B8%96%E7%BB%98%E3%80%97%E5%8F%B0%E6%B9%BE%E7%9A%84%E9%80%89%E4%B8%BE%E6%9C%BA%E5%88%B6%E8%AE%A9%E4%B8%AD%E5%85%B1%E9%9A%BE%E4%BB%A5%E6%B8%97%E9%80%8F%7C%E6%98%AF%E5%85%AC%E6%AD%A3%E9%80%89%E4%B8%BE%E7%9A%84%E8%A1%A8%E7%8E%87.html
左倾错误,3117,2024-01-12T22:38:32Z,https://www.rfa.org/mandarin/zhuanlan/yehuazhongnanhai/gx-01122024152656.html
89 + 屠殺,296,2024-01-12T22:06:02Z,https://www.rfa.org/cantonese/commentaries/wong/com-01122024143820.html
细 + 近 + 平,227,2024-01-10T16:44:22Z,http://politics.people.com.cn/n1/2024/0110/c1001-40156458.html
習下李上,229,2024-01-08T17:34:20Z,https://www.rfa.org/mandarin/pinglun/chenguangchengboke/cgc-01082024101640.html
洗 + 近 + 平,1399,2024-01-06T03:29:10Z,https://botanwang.com/articles/202401/%E5%AF%B9%E5%85%B1%E5%86%9B%E6%9D%A5%E8%AF%B4%EF%BC%8C%E2%80%9C2023%E5%B9%B4%E6%98%AF%E4%B8%AA%E5%A4%A7%E6%B8%85%E6%B4%97%E5%B9%B4%7C2024%E5%B9%B4%E6%81%90%E6%80%95%E4%B9%9F%E5%B0%86%E5%A6%82%E6%AD%A4%E2%80%9D.html
二十大 + 握权,2626,2024-01-05T15:40:57Z,https://botanwang.com/articles/202401/%E4%BC%A0%E5%89%8D%E5%86%9B%E5%A7%94%E5%89%AF%E4%B8%BB%E5%B8%AD%E8%AE%B8%E5%85%B6%E4%BA%AE%E8%A6%81%E8%A2%AB%E6%9F%A5.html
係 + 近 + 平,106,2024-01-01T08:09:47Z,https://www.rfa.org/cantonese/news/htm/cn-speech-01012024004406.html
悉 + 近 + 平,116,2024-01-01T01:55:37Z,http://politics.people.com.cn/n1/2024/0101/c1001-40150321.html
杨笠 + 池子,1183,2023-12-30T17:30:19Z,https://chinadigitaltimes.net/chinese/703676.html
习 + 禁 + 评,0,2023-12-30T16:31:15Z,https://botanwang.com/articles/202312/%E4%B9%A0%E7%A6%81%E8%AF%84%E6%98%AF%E6%9D%82%E6%96%87%E7%9A%84%E5%A4%A9%E6%95%8C.html
金正恩 + 养女,6,2023-12-30T10:44:37Z,https://www.dw.com/zh/女承父业？-金正恩或培养女儿成为接班人/a-67835191?maca=chi-rss-chi-all-1127-rdf
昔 + 近 + 平,121,2023-12-29T16:47:37Z,https://botanwang.com/articles/202312/%E4%B9%A0%E8%BF%91%E5%B9%B3%E8%87%AA%E5%96%BB%E2%80%9C%E6%AF%9B%E7%BB%A7%E6%89%BF%E8%80%85%E2%80%9D%EF%BC%9F%E5%8D%8E%E6%97%A5%EF%BC%9A%E4%B8%AD%E5%9B%BD%E6%83%B3%E5%89%8D%E8%BF%9B%EF%BC%8C%E4%BD%86%E4%B9%A0%E5%8D%B4%E5%9C%A8%E8%BF%BD%E5%BF%86%E5%BE%80%E6%98%94.html
夕 + 近 + 平,120,2023-12-29T06:48:20Z,http://politics.people.com.cn/n1/2023/1229/c1001-40149376.html
1989年64,297,2023-12-28T22:38:02Z,https://www.rfa.org/mandarin/pinglun/heqinglian/hql-12282023150515.html
析 + 近 + 平,171,2023-12-26T18:07:50Z,https://www.rfi.fr/cn/%E4%B8%93%E6%A0%8F%E6%A3%80%E7%B4%A2/%E8%A6%81%E9%97%BB%E8%A7%A3%E8%AF%B4/20231226-%E5%8C%97%E4%BA%AC%E7%BA%AA%E5%BF%B5%E6%AF%9B%E6%B3%BD%E4%B8%9C%E8%AF%9E%E8%BE%B0130%E5%91%A8%E5%B9%B4-%E5%9C%A8%E6%89%B9%E8%AF%84%E4%B8%8E%E5%B0%8A%E9%87%8D%E6%AF%9B%E9%81%97%E4%BA%A7%E9%97%B4%E5%B9%B3%E8%A1%A1
十年動亂,809,2023-12-26T04:39:26Z,https://www.rfa.org/cantonese/news/cn-editorail-12252023210725.html
惜 + 近 + 平,767,2023-12-23T10:58:02Z,http://politics.people.com.cn/n1/2023/1223/c1001-40145332.html
息 + 近 + 平,152,2023-12-22T13:19:27Z,https://boxun.com/archives/332107
戏 + 近 + 平,672,2023-12-21T15:23:44Z,https://botanwang.com/articles/202312/2023%EF%BC%9A%E4%B9%A0%E8%BF%91%E5%B9%B3%E7%9A%84%E4%B8%80%E4%BA%BA%E7%8B%AC%E8%A3%81%E4%BD%93%E5%88%B6%E7%9B%9B%E6%9E%81%E8%80%8C%E8%A1%B0.html
戲 + 近 + 平,670,2023-12-20T21:53:17Z,https://www.rfa.org/cantonese/commentaries/wp/com-12202023144213.html
习 + 大 + 大,62,2023-12-19T16:44:53Z,https://botanwang.com/articles/202312/%E2%80%9C%E4%B9%A0%E8%BF%91%E5%B9%B3%E6%91%B8%E8%BF%87%E7%9A%84%E7%94%98%E8%94%97%E2%80%9D%E5%8F%98%E6%9C%9D%E5%9C%A3%E7%83%AD%E7%82%B9%7C20%E5%85%83%E4%B8%80%E6%91%B8.html
西 + 近 + 平,509,2023-12-17T04:21:40Z,http://politics.people.com.cn/n1/2023/1217/c1001-40140539.html
进平 + 主席,1276,2023-12-16T09:15:58Z,https://boxun.com/archives/330685
习 + 进 + 平,1275,2023-12-16T09:15:45Z,https://boxun.com/archives/330685
TenzinGyatso,315,2023-12-15T19:54:02Z,https://www.rfa.org/mandarin/yataibaodao/shaoshuminzu/hx-12152023110418.html
系 + 近 + 平,546,2023-12-12T21:33:04Z,http://politics.people.com.cn/n1/2023/1211/c1001-40136264.html
习 + 书 + 记,289,2023-12-12T06:59:05Z,https://botanwang.com/articles/202312/%E7%BE%8E%E5%89%8D%E5%9B%BD%E5%AE%89%E9%A1%BE%E9%97%AE%E5%AF%B9%E4%B9%A0%E8%BF%91%E5%B9%B3%E4%BE%B5%E5%8F%B0%E5%8F%AF%E8%83%BD%E6%80%A7%E5%8F%91%E5%87%BA%E8%AD%A6%E5%91%8A.html
包子 + 熊,950,2023-12-11T23:56:22Z,https://botanwang.com/articles/202312/%E9%A2%91%E9%81%AD%E4%BB%A5%E4%BA%A1%E5%9B%BD%E4%B9%8B%E5%90%9B%E5%BD%B1%E5%B0%84%7C%E4%B9%A0%E8%BF%91%E5%B9%B3%E2%80%9C%E9%BE%99%E6%A4%85%E2%80%9D%E6%91%87%E6%99%83.html
习 + 主 + 席,272,2023-12-11T21:33:59Z,http://politics.people.com.cn/n1/2023/1208/c1001-40134909.html
習 + 近 + 平,13,2023-12-11T20:55:02Z,https://finance.mingpao.com/fin/instantf/20231208/1702024095035/%e6%b4%97%e7%b1%b3%e8%8f%af%e6%a1%88-%e5%91%a8%e7%84%af%e8%8f%af%e5%90%91%e5%9c%8b%e5%ae%b6%e4%b8%bb%e5%b8%ad%e7%bf%92%e8%bf%91%e5%b9%b3%e7%99%bc%e5%85%ac%e9%96%8b%e4%bf%a1-%e5%86%80%e6%9c%89%e5%85%ac%e5%b9%b3%e6%ad%a3%e5%b8%b8%e8%a3%81%e6%b1%ba
总 + 书 + 记,115,2023-12-11T20:28:51Z,http://politics.people.com.cn/n1/2023/1208/c1024-40134902.html
习 + 近 + 平,169,2023-12-11T20:16:08Z,http://www.ftchinese.com/story/001101607
席 + 近 + 平,168,2023-12-11T20:16:01Z,http://www.ftchinese.com/story/001101607
国 + 家 + 主 + 席,164,2023-12-11T20:15:03Z,http://www.ftchinese.com/story/001101607
白纸抗争,883,2023-11-27T21:51:48Z,https://www.rfa.org/mandarin/yataibaodao/renquanfazhi/sc-11272023140754.html
黄俄孝子,16,2023-11-16T18:24:52Z,https://chinadigitaltimes.net/chinese/702187.html
白紙抗議,559,2023-11-15T09:25:41Z,https://www.rfa.org/cantonese/news/director-11152023013417.html
死不悔改的走资派,2620,2023-11-14T01:45:25Z,https://botanwang.com/articles/202311/%E7%94%B1%E6%9D%8E%E5%85%8B%E5%BC%BA%E4%B9%8B%E6%AD%BB%E6%83%B3%E5%88%B0%E5%89%8D%E5%85%AC%E5%AE%89%E9%83%A8%E9%95%BF%E6%9D%8E%E9%9C%87%E4%B9%8B%E6%AD%BB.html
二十大 + 内定,1888,2023-11-14T00:12:43Z,https://www.rfa.org/mandarin/zhuanlan/yehuazhongnanhai/gx-11132023154236.html
提供 + 鸦片,795,2023-11-13T03:08:51Z,https://boxun.com/archives/318755
右倾投降主义,1107,2023-11-11T23:57:56Z,https://botanwang.com/articles/202311/1976%E5%B9%B4%E5%91%A8%E6%81%A9%E6%9D%A5%E6%9C%B1%E5%BE%B7%E6%AF%9B%E6%B3%BD%E4%B8%9C%E6%98%AF%E6%80%8E%E4%B9%88%E6%AD%BB%E7%9A%84%EF%BC%9F.html
蛤蟆 + 江泽民,2146,2023-11-09T22:29:31Z,https://chinadigitaltimes.net/chinese/702015.html
包子帝,589,2023-11-09T22:18:15Z,https://chinadigitaltimes.net/chinese/702015.html
64 + 運動,1209,2023-11-08T16:07:22Z,https://www.rfa.org/cantonese/commentaries/wp/com-11082023085204.html
修宪 + 称帝,414,2023-11-04T04:15:26Z,https://boxun.com/archives/315848
屠夫李鹏,128,2023-11-03T21:35:15Z,https://www.rfa.org/mandarin/zhuanlan/yehuazhongnanhai/gx-11032023152653.html
终身 + 修宪,1205,2023-11-01T15:27:27Z,https://botanwang.com/articles/202311/%E4%B9%A0%E6%9D%8E%E4%BD%93%E5%88%B6%E5%AE%8C%E8%B4%A5%E4%BA%8E%E4%B8%80%E4%BA%BA%E7%8B%AC%E8%A3%81.html
XITLER,1008,2023-11-01T14:25:31Z,https://chinadigitaltimes.net/chinese/701688.html
20大 + 架,747,2023-10-29T11:27:15Z,https://botanwang.com/articles/202310/%E4%B9%A0%E6%9D%83%E5%A8%81%E4%B8%8B%E7%9A%84%E6%9D%8E%E5%85%8B%E5%BC%BA%E6%98%AF%E4%B8%80%E9%9D%A2%E9%95%9C%E5%AD%90%7C%E4%BD%86%E6%88%96%E8%AE%B8%E4%B8%8D%E6%98%AF%E9%9D%9E%E5%85%B8%E5%9E%8B%E6%94%BF%E6%B2%BB%E5%AE%B6.html
XJPSB,398,2023-10-26T02:39:47Z,https://botanwang.com/articles/202310/%E3%80%96%E5%BE%AE%E5%8D%9A%E8%B0%88%E3%80%97%E8%BF%98%E5%BE%97%E5%88%B0%E4%BA%86%E4%B8%AD%E5%9B%BD%E4%B8%80%E5%89%AF%E6%89%8B%E9%93%90.html
没有没有通过,958,2023-10-24T14:59:32Z,https://chinadigitaltimes.net/chinese/701401.html
反右倾斗争,2288,2023-10-23T02:33:53Z,https://botanwang.com/articles/202310/%E4%B8%AD%E5%85%B1%E5%A4%A7%E8%B7%83%E8%BF%9B%7C%E9%A5%BF%E6%AD%BB%E7%99%BE%E5%A7%93%E5%9B%9B%E5%8D%83%E4%B8%87.html
十年动乱,1030,2023-10-17T09:51:44Z,https://botanwang.com/articles/202310/%E4%B8%80%E4%B8%AA%E4%BA%BA%E7%9A%84%E9%9D%A9%E5%91%BD%EF%BC%9A%E5%BD%AD%E7%AB%8B%E5%8F%91%E6%8A%97%E8%AE%AE%E4%B8%80%E5%91%A8%E5%B9%B4%E5%9B%9E%E9%A1%BE.html
ㄥㄍㄨ,802,2023-10-16T18:49:44Z,https://www.rfa.org/mandarin/yataibaodao/shaoshuminzu/hx1-10162023073744.html
Xijingp,248,2023-10-14T17:27:28Z,https://www.rfa.org/mandarin/Xinwen/1-10142023104906.html
彭立发,42,2023-10-13T16:45:29Z,https://www.voachinese.com/a/7309454.html
賣 + 朝鮮,2554,2023-10-12T13:11:47Z,https://www.rfa.org/cantonese/news/fishing-10112023134325.html
二十大 + 驱,1553,2023-10-11T18:09:17Z,https://www.rfa.org/mandarin/yataibaodao/junshiwaijiao/hx2-10112023113139.html
維尼 + 大大,321,2023-10-09T11:51:10Z,https://www.rfa.org/cantonese/news/jp-xi-10092023054121.html
庐山会议,2050,2023-10-09T03:06:02Z,https://botanwang.com/articles/202310/%E8%83%A1%E5%B9%B3%EF%BC%9A%E6%AF%9B%E6%97%B6%E4%BB%A3%E6%90%9E%E8%BF%90%E5%8A%A8%E4%B8%BA%E4%BB%80%E4%B9%88%E8%A6%81%E7%BB%99%E7%99%BE%E5%88%86%E6%AF%94%EF%BC%9F.html
镇压反革命运动,82,2023-10-09T02:57:18Z,https://botanwang.com/articles/202310/%E8%83%A1%E5%B9%B3%EF%BC%9A%E6%AF%9B%E6%97%B6%E4%BB%A3%E6%90%9E%E8%BF%90%E5%8A%A8%E4%B8%BA%E4%BB%80%E4%B9%88%E8%A6%81%E7%BB%99%E7%99%BE%E5%88%86%E6%AF%94%EF%BC%9F.html
陳芳語,78,2023-10-06T16:03:36Z,https://www.voacantonese.com/a/taiwan-lgbt-pride-parade-20231006/7299649.html
郭伯雄,2512,2023-10-03T14:16:41Z,https://botanwang.com/articles/202310/%E5%8C%BB%E7%96%97%E8%85%90%E8%B4%A5%E6%B7%B1%E6%B0%B4%E5%8C%BA%E4%B9%9F%E6%98%AF%E5%86%9B%E9%98%9F%E5%8F%8D%E8%85%90%E6%AD%BB%E8%A7%92.html
徐才厚,2397,2023-10-03T14:16:04Z,https://botanwang.com/articles/202310/%E5%8C%BB%E7%96%97%E8%85%90%E8%B4%A5%E6%B7%B1%E6%B0%B4%E5%8C%BA%E4%B9%9F%E6%98%AF%E5%86%9B%E9%98%9F%E5%8F%8D%E8%85%90%E6%AD%BB%E8%A7%92.html
yangeling,217,2023-09-30T15:46:26Z,https://www.voachinese.com/a/interview-with-yan-geling-20230929/7290035.html
习氏党章,1767,2023-09-22T23:49:26Z,https://www.rfa.org/mandarin/zhuanlan/yehuazhongnanhai/gx-09222023143951.html
毛則東,686,2023-09-14T11:21:21Z,https://chinadigitaltimes.net/chinese/700187.html
品葱网,3013,2023-09-14T06:01:39Z,https://botanwang.com/articles/202309/%E4%B8%AD%E5%85%B1%E8%A2%AB%E6%8C%87%E6%81%90%E6%83%A7%E5%BD%AD%E7%AB%8B%E5%8F%91%E5%BD%B1%E5%93%8D%E5%8A%9B%7C%E5%A6%BB%E5%A5%B3%E6%8D%AE%E4%BF%A1%E7%A6%81%E9%94%A2%E9%BD%90%E9%BD%90%E5%93%88%E5%B0%94%E4%B9%A1%E4%B8%8B%E8%80%81%E5%AE%B6.html
八七会议,281,2023-09-14T02:38:49Z,https://botanwang.com/articles/202309/%E4%B9%9D%E6%9C%88%E4%B9%9D%EF%BC%9A%E6%AF%9B%E7%9A%84%E5%8A%AB%E6%97%A5.html
习曾斗,3170,2023-09-12T14:34:14Z,https://botanwang.com/articles/202309/%E4%B9%A0%E8%BF%91%E5%B9%B3%E7%9B%AE%E5%89%8D%E9%9D%A2%E4%B8%B4%E7%9A%84%E5%9B%9B%E5%A4%A7%E5%8D%B1%E6%9C%BA.html
中共勾结日军,4099,2023-09-11T19:40:31Z,https://botanwang.com/articles/202309/%E4%B8%AD%E5%85%B1%E5%81%9A%E4%BA%86%E5%A4%9A%E5%B0%91%E4%BC%A4%E5%AE%B3%E4%B8%AD%E5%8D%8E%E6%B0%91%E6%97%8F%E6%84%9F%E6%83%85%E4%B9%8B%E4%BA%8B.html
关于我和鬼变成家人的那件事,293,2023-09-09T02:02:37Z,https://chinadigitaltimes.net/chinese/700037.html
二十大 + 内斗,3080,2023-09-07T14:27:06Z,https://botanwang.com/articles/202309/%E5%8C%97%E6%88%B4%E6%B2%B3%E7%88%86%E6%96%99%E8%B9%8A%E8%B7%B7%7C%E8%B0%81%E5%9C%A8%E6%94%BE%E9%A3%8E%EF%BC%9F.html
江澤民 + 死,773,2023-09-06T12:40:31Z,https://www.rfa.org/cantonese/news/cn-conference-09062023062732.html
二十大 + 团派,1977,2023-08-27T08:50:09Z,https://botanwang.com/articles/202308/%E4%B9%A0%E8%BF%91%E5%B9%B3%E7%9A%84%E9%9D%A2%E7%9B%B8%E3%80%81%E6%9D%83%E5%8A%9B%E4%B8%8E%E7%94%9F%E6%AD%BB.html
tenzingyatso,907,2023-08-24T16:35:58Z,https://www.rfa.org/tibetan/society/six-students-selected-for-the-prestigious-tenzin-gyatso-science-scholars-08242023092035.html
老人岂能够杀光年轻人,347,2023-08-23T03:39:03Z,https://boxun.com/archives/292238
烟花革命,196,2023-08-21T19:01:40Z,https://botanwang.com/articles/202308/%E5%8F%82%E4%B8%8E%E7%99%BD%E7%BA%B8%E9%9D%A9%E5%91%BD%E5%BC%A0%E4%BF%8A%E6%9D%B0%E6%88%90%E5%8A%9F%E2%80%9C%E6%B6%A6%E2%80%9D%E5%87%BA%7C%E6%8A%AB%E9%9C%B2%E9%81%AD%E8%BF%AB%E5%AE%B3%E7%BB%8F%E5%8E%86.html
二十大 + 連任,208,2023-08-21T10:13:59Z,https://www.rfa.org/cantonese/news/econ-08212023035936.html
親自指揮親自部署,824,2023-08-14T12:26:03Z,https://www.rfa.org/cantonese/news/htm/cn-loss-08142023055219.html
骨子里没有一点民主,1734,2023-08-13T15:40:23Z,https://botanwang.com/articles/202308/%E6%8B%9C%E7%99%BB%E5%B0%96%E9%94%90%E8%AF%84%E4%BB%B7%E4%B9%A0%E8%BF%91%E5%B9%B3%E7%94%A8%E6%84%8F%E4%BD%95%E5%9C%A8.html
十年浩劫,75,2023-08-12T03:31:24Z,https://botanwang.com/articles/202308/%E3%80%96%E5%BE%AE%E5%8D%9A%E8%B0%88%E3%80%97%E4%BD%86%E6%98%8E%E5%A4%A9%E5%91%A2%EF%BC%9F.html
總加速師,179,2023-08-11T07:02:50Z,https://www.rfa.org/cantonese/news/taboo-08112023004641.html
包 + 維尼,163,2023-08-11T07:02:40Z,https://www.rfa.org/cantonese/news/taboo-08112023004641.html
四人幫,1223,2023-08-10T20:42:37Z,https://www.rfa.org/cantonese/commentaries/tym/com-08102023090135.html
日他 + 江泽民,1616,2023-08-10T15:38:06Z,https://botanwang.com/articles/202308/%E4%B8%AD%E5%85%B1%E9%AB%98%E5%B1%82%E8%81%9A%E9%9B%86%E5%8C%97%E6%88%B4%E6%B2%B3%7C%E6%9A%97%E6%B5%81%E6%B6%8C%E5%8A%A8.html
习包子,82,2023-08-10T14:19:08Z,https://www.rfi.fr/cn/%E4%B8%AD%E5%9B%BD/20230810-%E4%BC%A0%E4%B8%AD%E5%9B%BD%E7%BD%91%E7%BB%9C%E7%94%A8-%E2%86%97%E2%86%98%E2%86%97-%E4%BB%A3%E7%A7%B0%E4%B9%A0%E8%BF%91%E5%B9%B3-%E4%B9%9F%E6%88%90%E6%95%8F%E6%84%9F%E8%AF%8D%E9%81%AD%E5%B0%81%E6%9D%80
肃反运动,315,2023-08-09T01:04:22Z,https://botanwang.com/articles/202308/%E4%BB%96%E8%A2%AB%E4%BA%B2%E5%A6%B9%E5%A6%B9%E9%80%81%E8%BF%9B%E7%9B%91%E7%8B%B1.html
屠殺 + 89,1783,2023-08-07T22:17:47Z,https://www.rfa.org/cantonese/news/uk-graffiti-08072023145549.html
四清运动,4671,2023-08-07T02:36:35Z,https://botanwang.com/articles/202308/%E7%94%9F%E6%AD%BB%E5%85%84%E5%A6%BA%E6%83%85.html
上山下乡,367,2023-08-07T02:08:28Z,https://botanwang.com/articles/202308/%E7%94%9F%E6%AD%BB%E5%85%84%E5%A6%BA%E6%83%85.html
購買 + 芬太尼,16,2023-08-06T21:32:51Z,https://www.voacantonese.com/a/dhh3-to-catch-fentanyl-traffickers-feds-dig-into-crypto-markets-20230806-ry/7213838.html
批林批孔,2927,2023-08-03T23:42:34Z,https://botanwang.com/articles/202308/%E8%85%BF%E6%96%AD%E7%9C%BC%E7%9B%B2%7C%E6%B8%85%E5%8D%8E%E5%A4%A7%E5%B8%88%E5%90%B4%E5%AE%93%E6%83%A8%E9%81%AD%E8%BF%AB%E5%AE%B3.html
🇹🇼,503,2023-08-03T22:55:40Z,https://www.rfa.org/mandarin/Xinwen/5-08032023161532.html
整风运动,222,2023-08-03T21:06:51Z,https://www.rfa.org/mandarin/zhuanlan/junshiwujinqu/mil-08032023140433.html
學生絕食,188,2023-08-02T14:32:39Z,https://www.rfa.org/cantonese/commentaries/wp/com-08022023081431.html
宽衣帝,982,2023-08-01T15:41:23Z,https://www.rfa.org/mandarin/pinglun/yujie/yj1-07272023203139.html
圣上习,1047,2023-07-31T23:14:51Z,https://www.rfa.org/mandarin/zhuanlan/yehuazhongnanhai/gx-07312023155238.html
延安整风,23,2023-07-31T03:05:53Z,https://botanwang.com/articles/202307/%E4%BA%92%E6%96%97.html
JiangZemin,2345,2023-07-28T02:33:28Z,https://www.rfa.org/mandarin/pinglun/heqinglian/hql-07272023190204.html
三反五反,10267,2023-07-26T23:59:19Z,https://botanwang.com/articles/202307/%E2%80%9C%E5%9F%BA%E5%BA%A6%E5%B1%B1%E2%80%9D%E6%A1%88%E6%96%B0%E6%8E%A2%E2%80%94%E2%80%94%E4%B8%AD%E5%8D%97%E6%B5%B7%E7%9A%84%E5%8C%BF%E5%90%8D%E4%BF%A1%E9%A3%8E%E6%B3%A2.html
七千人大会,895,2023-07-26T06:39:03Z,https://botanwang.com/articles/202307/%E9%9D%A2%E5%AF%B9%E5%90%9D%E5%95%AC%E7%9A%84%E2%80%9C31%E6%9D%A1%E2%80%9D%EF%BC%8C%E4%B8%AD%E5%9B%BD%E4%BC%81%E4%B8%9A%E5%AE%B6%E4%BB%AC%E5%88%B0%E5%BA%95%E9%9C%80%E8%A6%81%E4%BB%80%E4%B9%88%EF%BC%9F.html
四人帮,2527,2023-07-24T00:02:36Z,https://botanwang.com/articles/202307/%E6%88%91%E4%B8%BA%E6%AF%9B%E6%B3%BD%E4%B8%9C%E6%8B%8D%E2%80%9C%E5%86%85%E7%89%87%E2%80%9D.html
文化大革命,603,2023-07-24T00:02:28Z,https://botanwang.com/articles/202307/%E6%88%91%E4%B8%BA%E6%AF%9B%E6%B3%BD%E4%B8%9C%E6%8B%8D%E2%80%9C%E5%86%85%E7%89%87%E2%80%9D.html
活摘 + 泽民,2247,2023-07-23T08:44:10Z,https://botanwang.com/articles/202307/%E4%B8%AD%E5%85%B1%E9%9A%BE%E9%80%83%E8%BF%BD%E6%9F%A5%E7%9A%84%E6%B4%BB%E6%91%98%E5%99%A8%E5%AE%98%E7%BD%AA%E8%A1%8C.html
林彪,2294,2023-07-22T00:23:18Z,https://botanwang.com/articles/202307/%E6%8A%95%E6%B9%96%E8%87%AA%E6%9D%80%E7%9A%84%E2%80%9C%E4%BA%BA%E6%B0%91%E8%89%BA%E6%9C%AF%E5%AE%B6%E2%80%9D%E8%80%81%E8%88%8D.html
江青,2193,2023-07-22T00:23:05Z,https://botanwang.com/articles/202307/%E6%8A%95%E6%B9%96%E8%87%AA%E6%9D%80%E7%9A%84%E2%80%9C%E4%BA%BA%E6%B0%91%E8%89%BA%E6%9C%AF%E5%AE%B6%E2%80%9D%E8%80%81%E8%88%8D.html
破四旧,1330,2023-07-22T00:08:00Z,https://botanwang.com/articles/202307/%E6%8A%95%E6%B9%96%E8%87%AA%E6%9D%80%E7%9A%84%E2%80%9C%E4%BA%BA%E6%B0%91%E8%89%BA%E6%9C%AF%E5%AE%B6%E2%80%9D%E8%80%81%E8%88%8D.html
红卫兵,777,2023-07-22T00:07:21Z,https://botanwang.com/articles/202307/%E6%8A%95%E6%B9%96%E8%87%AA%E6%9D%80%E7%9A%84%E2%80%9C%E4%BA%BA%E6%B0%91%E8%89%BA%E6%9C%AF%E5%AE%B6%E2%80%9D%E8%80%81%E8%88%8D.html
文革,3590,2023-07-21T21:15:31Z,https://chinadigitaltimes.net/chinese/698459.html
六四,965,2023-07-21T18:16:59Z,https://www.rfa.org/cantonese/news/htm/hkcourt/hk-court-47-07212023113922.html
必須旗幟鮮明地反對動亂,214,2023-07-19T16:08:40Z,https://www.rfa.org/cantonese/commentaries/wp/com-07192023090227.html
二十大 + 落馬,2,2023-07-13T13:25:09Z,https://www.voacantonese.com/a/china-s-anti-graft-watchdog-probes-shanghai-official-for-suspected-disciplinary-violation-20230713/7178989.html
黃俄孝子,1057,2023-07-10T20:32:41Z,https://www.rfa.org/cantonese/news/russia-07102023124817.html
习博士,901,2023-07-07T23:06:23Z,https://www.rfa.org/mandarin/zhuanlan/yehuazhongnanhai/gx-07072023134721.html
中华民国沦陷区,459,2023-07-05T06:59:54Z,https://botanwang.com/articles/202307/%E4%B8%AD%E5%85%B1%E7%9A%84102%E5%B9%B4.html
二十大 + 夺权,382,2023-07-04T08:22:33Z,https://botanwang.com/articles/202307/%E9%99%88%E7%A0%B4%E7%A9%BA%EF%BC%9A%E9%83%BD%E8%AF%B4%E4%BF%84%E5%9B%BD%E5%85%B5%E5%8F%98%E5%90%93%E5%9D%8F%E4%BA%86%E4%B9%A0%E8%BF%91%E5%B9%B3%EF%BC%8C%E6%AD%A4%E8%A8%80%E4%B8%8D%E8%99%9A.html
推翻毛泽东,688,2023-07-04T02:05:51Z,https://botanwang.com/articles/202307/%E9%80%86%E8%A1%8C%E7%9A%84%E7%BA%A2%E4%BA%8C%E4%BB%A3%7C%E6%9E%97%E7%AB%8B%E6%9E%9C%E2%80%9C%E8%AE%A8%E6%AF%9B%E6%AA%84%E6%96%87%E2%80%9D.html
中共祸国,2213,2023-07-03T00:11:16Z,https://botanwang.com/articles/202307/%E3%80%96%E5%85%B2%E6%9C%9D%E6%B5%AE%E4%B8%96%E7%BB%98%E3%80%97%E7%8C%AB%E8%8D%AF%E7%A5%9E%E8%A2%AB%E5%88%A4%E5%88%9115%E5%B9%B4%7C%E6%95%91%E5%91%BD%E7%9A%84%E6%AF%94%E5%AE%B3%E4%BA%BA%E7%9A%84%E5%88%A4%E5%88%91%E9%83%BD%E9%87%8D%EF%BC%9F.html
銷售 + 芬太尼,40,2023-06-26T12:38:38Z,https://www.voacantonese.com/a/china-slams-us-fentanyl-indictment-20230626/7152920.html
假偶天成,1851,2023-06-22T02:25:43Z,https://botanwang.com/articles/202306/%E5%A5%B9%E4%B8%A4%E6%AC%A1%E5%9D%A0%E5%85%A5%E7%81%AB%E5%9D%91.html
普京 + 使用 + 核武,44,2023-06-20T18:46:07Z,https://www.voachinese.com/a/biden-says-threat-of-putin-using-tactical-nuclear-weapons-is-real-20230620/7144847.html
胡温十年,1506,2023-06-14T04:58:21Z,https://botanwang.com/articles/202306/%E3%80%96%E5%85%B2%E6%9C%9D%E6%B5%AE%E4%B8%96%E7%BB%98%E3%80%97%E4%B9%A0%E8%BF%91%E5%B9%B3%E8%A6%81%E6%B1%82%E4%B8%AD%E5%9B%BD%E4%B8%BA%E2%80%9C%E6%9E%81%E7%AB%AF%E2%80%9D%E6%83%85%E5%86%B5%E5%81%9A%E5%87%86%E5%A4%87%7C%E8%AF%B4%E5%90%A7%E5%95%A5%E6%97%B6%E5%80%99%E5%BC%80%E6%89%93%EF%BC%9F.html
選之人 + 造浪,1343,2023-06-13T12:22:55Z,https://boxun.com/archives/268261
邪教共产党,748,2023-06-11T15:24:36Z,https://botanwang.com/articles/202306/%E4%B9%A0%E8%BF%91%E5%B9%B3%E4%B8%8D%E4%B8%8B%E5%8D%81%E6%AC%A1%E8%AD%A6%E5%91%8A%E8%A6%81%E7%BF%BB%E8%88%B9.html
WuerKaix,2074,2023-06-09T02:34:32Z,https://www.rfa.org/uyghur/xewerler/tiz-pukmes-06082023141549.html
共命运同抗争,1500,2023-06-08T06:29:45Z,https://chinadigitaltimes.net/chinese/696941.html
为自由共命运,1496,2023-06-08T06:29:37Z,https://chinadigitaltimes.net/chinese/696941.html
89年6月 + 镇压,79,2023-06-05T15:38:18Z,https://botanwang.com/articles/202306/%E7%94%9F%E4%BA%8E1989%EF%BC%8C%E4%BB%96%E4%BB%AC%E6%AD%A3%E5%9C%A8%E5%88%9B%E9%80%A0%E5%8E%86%E5%8F%B2.html
悼念六四无罪,1200,2023-06-05T02:55:13Z,https://boxun.com/archives/265373
广场四君子,245,2023-06-04T17:58:08Z,https://www.rfa.org/mandarin/yataibaodao/renquanfazhi/ec-06042023112812.html
人選之人,1864,2023-06-04T12:32:28Z,https://boxun.com/archives/265224
全美中国学生学者自治联合会,27,2023-06-04T02:39:17Z,https://www.rfa.org/mandarin/yataibaodao/renquanfazhi/wy2-06032023190759.html
八酒六四,33,2023-06-03T12:43:34Z,https://boxun.com/archives/264864
收藏六四,104,2023-06-03T01:10:01Z,https://chinadigitaltimes.net/chinese/696724.html
屠殺 + 六四,14,2023-06-02T17:02:28Z,https://www.voacantonese.com/a/china-barred-34-years-after-bloody-tiananmen-massacre-20230602/7120205.html
維園晚會,1258,2023-06-02T13:34:09Z,https://boxun.com/archives/264494
六四哀悼,2040,2023-06-02T13:31:46Z,https://boxun.com/archives/264475
缅怀六四,18,2023-06-02T02:09:08Z,https://www.voachinese.com/a/june-4th-project-taipei-puts-on-may-35th-play-to-remember-the-tiananmen-massacre/7119357.html
八九 + 天安門,713,2023-06-01T19:33:40Z,https://www.rfa.org/cantonese/commentaries/tym/com-06012023123146.html
造浪者 + 台湾,1027,2023-06-01T05:54:17Z,https://botanwang.com/articles/202306/%E3%80%96%E5%85%B2%E6%9C%9D%E6%B5%AE%E4%B8%96%E7%BB%98%E3%80%97%E8%B5%96%E6%B8%85%E5%BE%B7%E6%83%B3%E8%B7%9F%E4%B9%A0%E8%BF%91%E5%B9%B3%E5%92%8C%E5%B9%B3%E7%9B%B8%E5%A4%84%7C%E5%8F%AF%E6%98%AF%E4%B9%A0%E5%8F%AA%E6%83%B3%E8%AE%A9%E5%8F%B0%E6%B9%BE%E4%BA%BA%E8%87%A3%E6%9C%8D.html
选之人 + 造浪,993,2023-06-01T05:54:09Z,https://botanwang.com/articles/202306/%E3%80%96%E5%85%B2%E6%9C%9D%E6%B5%AE%E4%B8%96%E7%BB%98%E3%80%97%E8%B5%96%E6%B8%85%E5%BE%B7%E6%83%B3%E8%B7%9F%E4%B9%A0%E8%BF%91%E5%B9%B3%E5%92%8C%E5%B9%B3%E7%9B%B8%E5%A4%84%7C%E5%8F%AF%E6%98%AF%E4%B9%A0%E5%8F%AA%E6%83%B3%E8%AE%A9%E5%8F%B0%E6%B9%BE%E4%BA%BA%E8%87%A3%E6%9C%8D.html
人选之人,992,2023-06-01T05:42:02Z,https://botanwang.com/articles/202306/%E3%80%96%E5%85%B2%E6%9C%9D%E6%B5%AE%E4%B8%96%E7%BB%98%E3%80%97%E8%B5%96%E6%B8%85%E5%BE%B7%E6%83%B3%E8%B7%9F%E4%B9%A0%E8%BF%91%E5%B9%B3%E5%92%8C%E5%B9%B3%E7%9B%B8%E5%A4%84%7C%E5%8F%AF%E6%98%AF%E4%B9%A0%E5%8F%AA%E6%83%B3%E8%AE%A9%E5%8F%B0%E6%B9%BE%E4%BA%BA%E8%87%A3%E6%9C%8D.html
二十大 + 載舟,400,2023-05-31T17:59:11Z,https://www.rfa.org/cantonese/news/bridge-05312023113053.html
六四 + 學運,1039,2023-05-31T15:19:25Z,https://www.rfa.org/cantonese/commentaries/wp/com-05312023083849.html
六四英灵,487,2023-05-30T06:42:53Z,https://botanwang.com/articles/202305/%E4%BB%8E%E5%B8%8C%E7%89%B9%E5%8B%92%E5%88%B0%E2%80%9C%E4%B9%A0%E7%89%B9%E5%8B%92%E2%80%9D%EF%BC%9A%E2%80%9C%E5%A4%A7%E5%B1%A0%E6%9D%80%E2%80%9D%E6%97%A2%E6%98%AF%E5%8E%86%E5%8F%B2%E4%B9%9F%E6%98%AF%E5%BD%93%E4%BB%A3%E8%BF%9B%E8%A1%8C%E5%BC%8F%E7%9A%84%E7%8E%B0%E5%AE%9E.html
三孩生肓,1439,2023-05-29T11:21:06Z,https://chinadigitaltimes.net/chinese/696508.html
打垮中共,1689,2023-05-29T07:22:39Z,https://botanwang.com/articles/202305/%E7%BE%8E%E5%86%9B%E5%8D%B0%E5%A4%AA%E5%8F%B8%E4%BB%A4%E5%90%91%E4%B8%AD%E5%85%B1%E5%85%AC%E5%BC%80%E4%BA%AE%E6%88%98%E6%B3%95.html
打败中共,788,2023-05-24T15:07:04Z,https://botanwang.com/articles/202305/%E8%B0%81%E6%98%AF%E4%B9%A0%E8%BF%91%E5%B9%B3%E6%8E%A5%E7%8F%AD%E4%BA%BA%EF%BC%9F.html
六四纪念碑,1005,2023-05-23T18:15:43Z,https://www.rfa.org/mandarin/yataibaodao/gangtai/lf-05232023113938.html
普丁 + 使用 + 核武,1234,2023-05-19T17:46:51Z,https://boxun.com/archives/259821
黄西 + 池子,1289,2023-05-19T10:54:15Z,https://boxun.com/archives/259694
二十大 + 上位,1583,2023-05-19T07:21:05Z,https://botanwang.com/articles/202305/%E4%B9%A0%E8%BF%91%E5%B9%B3%E7%A7%98%E5%AE%9A%E8%A5%BF%E5%AE%89%E4%B8%BA%E2%80%9C%E6%88%98%E6%97%B6%E9%99%AA%E9%83%BD%E2%80%9D%EF%BC%9F.html
六四33周年,1296,2023-05-18T17:52:21Z,https://www.rfa.org/mandarin/yataibaodao/gangtai/hk-chow-05182023104009.html
ching + chong,533,2023-05-18T14:58:33Z,https://chinadigitaltimes.net/chinese/696142.html
池子 + 美国,2788,2023-05-17T19:36:50Z,https://chinadigitaltimes.net/chinese/696118.html
萨格尔,1216,2023-05-17T11:47:30Z,http://politics.people.com.cn/n1/2023/0517/c1024-32688651.html
无限连任,156,2023-05-16T12:20:28Z,https://chinadigitaltimes.net/chinese/696020.html
池子 + 美國,1395,2023-05-15T18:53:43Z,https://www.rfa.org/cantonese/news/house-05152023121136.html
天安门哀歌,2923,2023-05-15T15:24:40Z,https://www.rfa.org/mandarin/pinglun/wenyitiandi-cite/yj3-05012023080133.html
杜汶澤,4,2023-05-11T16:51:31Z,https://ol.mingpao.com/ldy/showbiz/latest/20230511/1683801122710/%e7%94%b0%e8%95%8a%e5%a6%ae%e8%88%87%e6%9d%9c%e6%b1%b6%e6%be%a4%e7%b5%90%e5%a9%9a18%e5%b9%b4-%e6%84%88%e4%be%86%e6%84%88%e6%ac%a3%e8%b3%9e%e8%80%81%e5%85%ac%e6%83%b3%e6%97%a5%e6%97%a5%e9%bb%90%e4%bd%8f
運動 + 六四,1102,2023-05-11T14:11:26Z,https://boxun.com/archives/256580
taiwanissue,338,2023-05-09T13:21:51Z,https://www.voacantonese.com/a/us-said-no-need-to-correct-one-china-policy-in-response-to-beijings-demand-to-correctly-handle-taiwan-issue-20230508/7084909.html
江泽民 + 神经,2232,2023-05-07T13:50:58Z,https://botanwang.com/articles/202305/%E6%9B%B4%E5%A4%9A%E2%80%9C%E6%9C%89%E6%84%8F%E4%B9%89%E5%8F%82%E4%B8%8E%E2%80%9D%E4%BA%9A%E5%A4%AA%E7%BB%8F%E6%B5%8E%E5%90%88%E4%BD%9C%E4%BC%9A%E8%AE%AE.html
國殤之柱,13,2023-05-05T09:41:37Z,https://news.mingpao.com/ins/%e6%b8%af%e8%81%9e/article/20230505/s00001/1683271275600/%e8%ad%a6%e6%96%b9%e5%9c%8b%e5%ae%89%e8%99%95%e4%bb%8a%e6%97%a9%e5%9c%a8%e5%85%83%e6%9c%97%e6%aa%a2%e8%b5%b0%e3%80%8c%e5%9c%8b%e6%ae%a4%e4%b9%8b%e6%9f%b1%e3%80%8d
20大 + 接班,848,2023-05-05T02:35:17Z,https://botanwang.com/articles/202305/%E4%B9%A0%E8%BF%91%E5%B9%B3%E6%86%8E%E6%81%B6%E5%82%A8%E5%90%9B%7C%E4%B8%80%E8%AF%AD%E9%81%93%E7%A0%B4%E5%A4%A9%E6%9C%BA%EF%BC%9F.html
文昭谈古论今,1331,2023-05-04T17:40:46Z,https://botanwang.com/articles/202305/%E4%B9%A0%E8%BF%91%E5%B9%B3%E8%B5%9E%E5%A4%A7%E5%AD%A6%E7%94%9F%E2%80%9C%E8%87%AA%E6%89%BE%E8%8B%A6%E5%90%83%E2%80%9D%7C%E5%88%86%E6%9E%90%EF%BC%9A%E4%B8%8D%E7%A5%A5%E4%B9%8B%E5%85%86.html
习的个人崇拜,148,2023-05-04T14:51:10Z,https://botanwang.com/articles/202305/%E4%B8%80%E5%8F%AA%E8%8C%B6%E6%9D%AF%E7%9C%8B%E9%80%A0%E7%A5%9E%E8%BF%90%E5%8A%A8%E4%B9%8B%E5%9B%9E%E5%85%89%E8%BF%94%E7%85%A7.html
廣場大屠殺,201,2023-05-04T13:05:53Z,https://www.rfa.org/cantonese/news/htm/hk-chow-05042023061607.html
金氏政权 + 灭亡,1959,2023-05-02T14:40:14Z,https://botanwang.com/articles/202305/%E6%9C%9D%E9%B2%9C%E5%8D%8A%E5%B2%9B%E6%A0%B8%E6%80%81%E5%8A%BF%E5%A4%A7%E5%8F%98%7C%E9%87%8D%E5%87%BB%E4%B8%AD%E5%85%B1.html
光復香港時代革命,429,2023-04-27T18:33:01Z,https://www.rfa.org/cantonese/news/htm/hkcourt/housewife-04272023121608.html
六四 + 學生,170,2023-04-27T15:14:21Z,https://www.rfa.org/cantonese/news/lawyer-04272023082917.html
江泽民 + 狗,2611,2023-04-27T08:46:50Z,https://botanwang.com/articles/202304/%E5%9B%9B%C2%B7%E4%BA%8C%E4%BA%94%E5%9B%9E%E6%BA%AF%E2%80%94%E2%80%94%E8%81%9A%E7%84%A6%E4%B8%AD%E5%8D%97%E6%B5%B7%E4%B9%8B%E5%86%85%E5%B9%95.html
药娘,420,2023-04-26T21:26:08Z,https://www.rfa.org/mandarin/yataibaodao/shehui/mz-04262023144931.html
wuerkaix,1237,2023-04-25T19:49:05Z,https://www.rfa.org/mandarin/yataibaodao/shaoshuminzu/cl-04252023125330.html
台灣共和國,155,2023-04-25T08:09:07Z,https://www.dw.com/zh/赴立院演說-危地馬拉總統直稱「台灣共和國」/a-65414197?maca=chi-rss-chi-all-1127-rdf
白紙革命,59,2023-04-24T22:21:53Z,https://www.voacantonese.com/a/hu-jia-on-blank-paper-protests-and-absurd-zero-covid-policy-20230424/7064227.html
习走毛路,1030,2023-04-18T18:51:22Z,https://www.rfa.org/mandarin/yataibaodao/gangtai/hx-04182023090449.html
摄徒日记,26,2023-04-18T18:50:12Z,https://www.rfa.org/mandarin/yataibaodao/gangtai/hx-04182023090449.html
邪恶中共,3711,2023-04-18T16:41:39Z,https://botanwang.com/articles/202304/%E4%B8%AD%E5%9B%BD%E5%99%A8%E5%AE%98%E7%A7%BB%E6%A4%8D%E7%9A%84%E8%83%8C%E5%90%8E%E6%98%AF%E4%B8%AD%E5%85%B1%E6%8A%B9%E4%B8%8D%E6%8E%89%E7%9A%84%E7%BD%AA%E6%81%B6.html
泽民 + 活摘,2540,2023-04-18T16:41:30Z,https://botanwang.com/articles/202304/%E4%B8%AD%E5%9B%BD%E5%99%A8%E5%AE%98%E7%A7%BB%E6%A4%8D%E7%9A%84%E8%83%8C%E5%90%8E%E6%98%AF%E4%B8%AD%E5%85%B1%E6%8A%B9%E4%B8%8D%E6%8E%89%E7%9A%84%E7%BD%AA%E6%81%B6.html
20大 + 落马,75,2023-04-18T03:18:42Z,https://boxun.com/archives/248251
20大 + 上任,1768,2023-04-14T11:29:26Z,https://www.rfa.org/mandarin/yataibaodao/zhengzhi/hcm1-04142023051037.html
上海封控一周年,10,2023-04-06T08:07:29Z,https://chinadigitaltimes.net/chinese/694615.html
二十大 + 批判,199,2023-04-06T01:03:47Z,https://botanwang.com/articles/202304/%E5%91%A8%E6%81%A9%E6%9D%A5%E7%BB%99%E6%96%AF%E5%A4%A7%E6%9E%97%E6%8A%AC%E6%A3%BA%7C%E5%AE%98%E5%AA%92%E4%BB%8E%E6%9C%AA%E6%8F%90%E5%8F%8A.html
上海封城一周年,0,2023-04-04T22:44:53Z,https://www.rfa.org/mandarin/yataibaodao/renquanfazhi/wy-04042023090138.html
土匪共产,3086,2023-04-03T16:00:06Z,https://botanwang.com/articles/202304/%E8%A6%81%E4%B9%88%E4%B8%8D%E6%8F%AD%E9%BB%91%E9%94%85%7C%E6%8F%AD%E9%94%85%E7%A1%95%E9%BC%A0%E4%B8%80%E7%AA%9D.html
白纸行动,430,2023-03-31T22:26:15Z,https://www.rfa.org/mandarin/zhuanlan/teahouse/tea-03312023151424.html
二十大 + 习派,538,2023-03-30T14:33:02Z,https://botanwang.com/articles/202303/%E4%B9%A0%E8%BF%91%E5%B9%B3%E7%9A%84%E5%86%8D%E9%9B%86%E6%9D%83%E4%B8%8E%E5%8D%B1%E6%9C%BA.html
XiJinP,224,2023-03-30T01:50:07Z,https://botanwang.com/articles/202303/%E3%80%96%E5%BE%AE%E5%8E%86%E5%8F%B2%E3%80%97%E7%BA%A2%E5%88%A9%E6%97%B6%E4%BB%A3%E7%9E%AC%E9%97%B4%E8%BF%9B%E5%85%A5%E9%BB%91%E5%88%A9%E6%97%B6%E4%BB%A3.html
六四天安門,394,2023-03-29T00:54:18Z,https://www.rfa.org/cantonese/news/htm/un-ho-03282023180234.html
白紙運動,70,2023-03-27T12:30:24Z,https://news.mingpao.com/ins/%e6%b8%af%e8%81%9e/article/20230327/s00001/1679910664552/%e6%b6%89%e8%bd%89%e7%99%bc%e3%80%8c%e7%be%8a%e6%9d%91%e3%80%8d%e9%80%a3%e7%b5%90%e5%8f%8a%e8%81%b2%e6%8f%b4%e7%99%bd%e7%b4%99%e7%a4%ba%e5%a8%81-%e9%9d%92%e5%b9%b4%e8%aa%8d%e7%85%bd%e5%8b%95%e5%9b%9a5%e5%80%8b%e6%9c%88
7 + 4萬,163,2023-03-27T10:22:51Z,https://www.mpfinance.com/fin/instantp/20230327/1679891146284/%e6%b3%93%e6%99%af%e8%87%ba%e5%85%a9%e6%88%bf%e5%91%8e%e7%a7%9f37%e5%85%83-%e6%a5%ad%e4%b8%bb%e5%9b%9e%e5%a0%b12-9%e5%8e%98
温家宝 + 母亲,283,2023-03-27T07:26:16Z,https://botanwang.com/articles/202303/%E6%9C%89%E5%85%B3%E7%B3%BB%E5%B0%B1%E6%B2%A1%E5%85%B3%E7%B3%BB%7C%E6%B2%A1%E5%85%B3%E7%B3%BB%E5%B0%B1%E6%9C%89%E5%85%B3%E7%B3%BB.html
二十大 + sb,471,2023-03-23T11:42:39Z,https://boxun.com/archives/239654
习维尼,1220,2023-03-22T04:46:13Z,https://botanwang.com/articles/202303/%E3%80%96%E5%85%B2%E6%9C%9D%E6%B5%AE%E4%B8%96%E7%BB%98%E3%80%97%E5%8F%AF%E6%80%9C%E6%B1%AA%E6%96%87%E6%96%8C%E6%BB%A1%E5%A4%B4%E7%99%BD%E5%8F%91%E4%BA%86%E8%BF%98%E6%88%90%E5%A4%A9%E6%98%A7%E7%9D%80%E8%89%AF%E5%BF%83%E6%92%92%E8%B0%8E.html
xirus,165,2023-03-21T00:23:47Z,https://www.voachinese.com/a/china-on-twitter-xi-russia-20230320/7013710.html
二十大 + 压,1123,2023-03-19T07:25:41Z,https://botanwang.com/articles/202303/%E5%AE%98%E5%AA%92%E6%89%B9%E5%AD%94%E4%B9%99%E5%B7%B1%7C%E8%83%8C%E5%90%8E%E6%98%AF%E4%B9%A0%E6%9D%8E%E9%9A%BE%E8%A7%A3%E5%86%B3%E5%A4%A7%E9%97%AE%E9%A2%98.html
Guowengui,840,2023-03-17T21:49:10Z,https://www.rfa.org/mandarin/yataibaodao/junshiwaijiao/kw-03172023093454.html
习熊,10844,2023-03-17T15:51:34Z,https://chinadigitaltimes.net/chinese/693931.html
事件 + 六四,1787,2023-03-16T17:40:16Z,https://www.rfa.org/mandarin/pinglun/jiangqisheng/jqs-03162023112747.html
陈芳语,508,2023-03-15T17:05:59Z,https://www.rfa.org/mandarin/yataibaodao/gangtai/ec-03152023071927.html
玻璃心 + 黄明志,254,2023-03-15T17:05:53Z,https://www.rfa.org/mandarin/yataibaodao/gangtai/ec-03152023071927.html
黄明志 + 玻璃心,249,2023-03-15T17:05:40Z,https://www.rfa.org/mandarin/yataibaodao/gangtai/ec-03152023071927.html
修宪 + 终身,12,2023-03-14T00:28:30Z,https://www.rfi.fr/cn/%E4%B8%AD%E5%9B%BD/20230313-%E7%BA%A2%E8%89%B2%E8%B5%8C%E7%9B%98-%E4%BD%9C%E8%80%85%E6%B2%88%E6%A0%8B-%E4%B9%A0%E4%BF%AE%E5%AE%AA%E6%90%9E%E7%BB%88%E8%BA%AB%E5%88%B6%E6%8B%A5%E6%9C%89%E4%B8%80%E5%88%87-%E4%B8%BA%E5%8F%B2%E4%B8%8A%E6%9C%80%E5%A4%A7%E8%B4%AA%E8%85%90
非洲大撒币,3086,2023-03-13T15:06:00Z,https://botanwang.com/articles/202303/%E2%80%9C%E5%A9%B4%E5%84%BF%E5%99%A8%E5%AE%98%E7%A7%BB%E6%A4%8D%E2%80%9D%E6%8E%80%E4%B8%AD%E5%85%B1%E6%83%8A%E5%A4%A9%E9%BB%91%E5%B9%95.html
包子 + 袁世凯,811,2023-03-13T12:31:47Z,https://chinadigitaltimes.net/chinese/693748.html
同意的请举手,1129,2023-03-12T05:22:40Z,https://botanwang.com/articles/202303/%E3%80%96%E5%BE%AE%E5%8E%86%E5%8F%B2%E3%80%97%E6%B2%A1%E5%8F%91%E7%8E%B0%E8%87%AA%E5%B7%B1%E4%B8%8D%E5%A6%82%E5%A4%A7%E6%B8%85%E6%97%B6%E4%BB%A3.html
倒车 + 修宪,345,2023-03-11T16:51:59Z,https://chinadigitaltimes.net/chinese/693703.html
tiananmenvigil,187,2023-03-11T12:55:25Z,https://www.voachinese.com/a/hong-kong-activists-behind-tiananmen-vigil-jailed-for-months-20230310/7000228.html
维尼 + 登基,2299,2023-03-10T17:20:09Z,https://botanwang.com/articles/202303/%E7%BD%91%E5%8F%8B%E8%BE%A3%E8%AF%84%E2%80%9C%E4%BA%8C%E4%BC%9A%E2%80%9D%EF%BC%8C%E5%A5%87%E8%91%A9%E6%8F%90%E6%A1%88%E9%9B%B7%E4%BA%BA%E9%9B%B7%E8%AF%AD%E8%B7%9F%E7%99%BE%E5%A7%93%E6%97%A0%E5%85%B3.html
帝位 + 维尼,2295,2023-03-10T17:19:50Z,https://botanwang.com/articles/202303/%E7%BD%91%E5%8F%8B%E8%BE%A3%E8%AF%84%E2%80%9C%E4%BA%8C%E4%BC%9A%E2%80%9D%EF%BC%8C%E5%A5%87%E8%91%A9%E6%8F%90%E6%A1%88%E9%9B%B7%E4%BA%BA%E9%9B%B7%E8%AF%AD%E8%B7%9F%E7%99%BE%E5%A7%93%E6%97%A0%E5%85%B3.html
皇帝 + 维尼,2294,2023-03-10T17:19:38Z,https://botanwang.com/articles/202303/%E7%BD%91%E5%8F%8B%E8%BE%A3%E8%AF%84%E2%80%9C%E4%BA%8C%E4%BC%9A%E2%80%9D%EF%BC%8C%E5%A5%87%E8%91%A9%E6%8F%90%E6%A1%88%E9%9B%B7%E4%BA%BA%E9%9B%B7%E8%AF%AD%E8%B7%9F%E7%99%BE%E5%A7%93%E6%97%A0%E5%85%B3.html
六四 + 平反,3023,2023-03-10T01:29:44Z,https://botanwang.com/articles/202303/%E8%BF%99%E4%B8%AA%E6%AD%A3%E9%83%A8%E9%95%BF%E7%BA%A7%E9%AB%98%E5%AE%98%E6%99%9A%E5%B9%B4%E4%B8%BA%E4%BD%95%E6%80%BB%E6%8C%A8%E6%95%B4%EF%BC%9F.html
抗 + 麦 + 郎,411,2023-03-09T17:04:54Z,https://botanwang.com/articles/202303/%E4%BF%84%E7%BD%97%E6%96%AF%E5%B0%81%E6%9D%80%E5%BE%AE%E4%BF%A1%7C%E4%B8%AD%E5%85%B1%E5%A4%B1%E5%A3%B0.html
维尼国,1904,2023-03-08T15:57:18Z,https://botanwang.com/articles/202303/%E4%BB%8E%E4%B8%AD%E5%85%B1%E2%80%9C%E4%B8%A4%E4%BC%9A%E2%80%9D%E7%9C%8B%E4%B9%A0%E8%BF%91%E5%B9%B3%E7%9A%84%E9%87%8E%E5%BF%83%E4%B8%8E%E5%9B%BE%E8%B0%8B.html
金家 + 独裁,5447,2023-03-06T23:55:40Z,https://www.rfa.org/mandarin/pinglun/duzheguangchang/dz-03062023163347.html
7 + 4万,3677,2023-03-05T17:02:23Z,https://botanwang.com/articles/202303/%E4%B8%A4%E5%A4%A7%E6%95%B0%E6%8D%AE60%E5%B9%B4%E9%A6%96%E8%B7%8C%7C%E5%A4%A7%E9%99%86%E7%BB%8F%E6%B5%8E%E9%AB%98%E5%A2%9E%E9%95%BF%E6%88%90%E6%98%8E%E6%97%A5%E9%BB%84%E8%8A%B1.html
刘仲敬,2403,2023-03-04T08:57:47Z,https://botanwang.com/articles/202303/%E4%B8%AD%E5%9B%BD%E2%80%9C%E5%9B%BD%E9%98%B2%E5%8A%A8%E5%91%98%E5%8A%9E%E5%85%AC%E5%AE%A4%E2%80%9D%E4%B8%BA%E4%BD%95%E9%81%8D%E5%8F%8A%E5%90%84%E5%9C%B0.html
二十大 + 任命,278,2023-03-03T16:23:49Z,https://botanwang.com/articles/202303/%E9%A2%86%E5%AF%BC%E4%BA%BA%E6%8D%A2%E5%B1%8A%E3%80%81%E7%BB%8F%E6%B5%8E%E8%AE%AE%E9%A2%98%E5%B0%86%E4%B8%BB%E5%AF%BC%E4%B8%AD%E5%9B%BD%E6%9C%AC%E5%B1%8A%E4%BA%BA%E5%A4%A7%E6%94%BF%E5%8D%8F%E4%BC%9A%E8%AE%AE.html
六四死难者,3442,2023-03-02T16:00:42Z,https://boxun.com/archives/232729
六四日记,238,2023-03-02T15:49:12Z,https://www.rfa.org/mandarin/Xinwen/3-02282023112503.html
六四暴徒,1382,2023-03-02T15:48:33Z,https://botanwang.com/articles/202302/%E4%B9%A0%E8%BF%91%E5%B9%B3%E4%B8%8E%E4%B8%AD%E5%85%B1%7C%E8%B0%81%E5%9C%A8%E5%88%A9%E7%94%A8%E8%B0%81%EF%BC%9F.html
六四绿卡,801,2023-03-02T15:47:36Z,https://botanwang.com/articles/202301/%E4%B8%BA%E4%B8%AD%E5%85%B1%E6%95%88%E5%8A%9B%7C%E7%BA%BD%E7%BA%A6%E7%9F%A5%E5%90%8D%E4%BA%B2%E5%85%B1%E4%BE%A8%E9%A2%86%E9%99%88%E6%B8%85%E6%B3%89%E7%97%85%E4%BA%A1.html
六四惨案,392,2023-03-02T15:47:27Z,https://boxun.com/archives/210932
六四天安门,299,2023-03-02T15:47:18Z,https://www.rfa.org/mandarin/Xinwen/1-12172022114639.html
1989年六四,2826,2023-03-02T15:47:07Z,https://boxun.com/archives/206843
六四天网,517,2023-03-02T15:46:52Z,https://boxun.com/archives/206732
天安门六四,16,2023-03-02T15:46:44Z,https://www.rfi.fr/cn/%E4%B8%AD%E5%9B%BD/20221215-%E7%A6%81%E6%AD%A2%E5%85%AD%E5%9B%9B%E7%BA%AA%E5%BF%B5%E4%B8%8D%E5%90%88%E6%B3%95-%E9%A6%99%E6%B8%AF%E6%B3%95%E9%99%A2%E6%92%A4%E9%94%80%E9%82%B9%E5%B9%B8%E5%BD%A4%E5%AE%9A%E7%BD%AA
六四 + 学生,1403,2023-03-02T15:46:34Z,https://botanwang.com/articles/202212/%E6%80%95%E8%A2%AB%E6%B8%85%E7%AE%97%7C%E6%B1%9F%E6%B3%BD%E6%B0%91%E4%B8%8D%E7%95%99%E9%AA%A8%E7%81%B0.html
六四 + 运动,512,2023-03-02T15:46:26Z,https://www.rfa.org/mandarin/zhuanlan/teahouse/tea-12092022163030.html
近平 + 当选,426,2023-03-01T20:15:34Z,http://politics.people.com.cn/n1/2023/0302/c1001-32634297.html
维权运动,48,2023-02-25T07:37:28Z,https://botanwang.com/articles/202302/%E4%B8%AD%E5%9B%BD%E6%8A%97%E4%BA%89%E8%BF%90%E5%8A%A8%E7%9A%84%E2%80%9C%E5%9B%9E%E5%BD%92%E5%BC%8F%E8%BF%9B%E5%8C%96%E2%80%9D.html
池子 + 脱口秀,662,2023-02-24T20:34:16Z,https://www.rfa.org/mandarin/yataibaodao/meiti/vs-02222023130645.html
封杀 + 池子,352,2023-02-24T20:34:04Z,https://www.rfa.org/mandarin/yataibaodao/meiti/vs-02222023130645.html
池子 + 黄西,24,2023-02-24T20:33:56Z,https://www.rfa.org/mandarin/yataibaodao/meiti/vs-02222023130645.html
白发革命,521,2023-02-22T19:51:12Z,https://chinadigitaltimes.net/chinese/693229.html
白纸抗议,78,2023-02-22T17:25:32Z,https://www.rfa.org/mandarin/Xinwen/3-02222023094113.html
白纸革命,769,2023-02-22T10:03:14Z,https://chinadigitaltimes.net/chinese/693183.html
白纸运动,394,2023-02-22T10:03:09Z,https://chinadigitaltimes.net/chinese/693183.html
维尼帝,9,2023-02-22T03:45:06Z,https://botanwang.com/articles/202302/%E6%BE%B3%E6%B4%B2%E6%A0%A1%E5%9B%AD%E9%87%8C%EF%BC%8C%E2%80%9C%E5%8F%8D%E8%B4%BC%E7%BB%B4%E5%B0%BC%E5%B8%9D%E2%80%9D%E5%A4%A7%E6%88%98%E2%80%9C%E5%B0%8F%E7%B2%89%E7%BA%A2%E2%80%9D.html
包 + 维尼,5025,2023-02-20T21:00:27Z,https://www.rfa.org/mandarin/yataibaodao/renquanfazhi/wy-02202023131912.html
墙国蛙蛤,1155,2023-02-20T17:40:55Z,https://botanwang.com/articles/202302/%E4%B8%A4%E7%9F%A5%E5%90%8D%E2%80%9C%E8%BE%B1%E5%8C%85%E9%A2%91%E9%81%93%E2%80%9D%E8%A2%AB%E4%B8%8B%E6%9E%B6%7C%E5%8D%9A%E4%B8%BB%E8%B4%A8%E7%96%91youtube%E8%A2%AB%E6%9F%93%E7%BA%A2%E5%8A%A9%E5%8C%97%E4%BA%AC%E7%BB%B4%E7%A8%B3.html
乳透社,53,2023-02-20T17:35:12Z,https://botanwang.com/articles/202302/%E4%B8%A4%E7%9F%A5%E5%90%8D%E2%80%9C%E8%BE%B1%E5%8C%85%E9%A2%91%E9%81%93%E2%80%9D%E8%A2%AB%E4%B8%8B%E6%9E%B6%7C%E5%8D%9A%E4%B8%BB%E8%B4%A8%E7%96%91youtube%E8%A2%AB%E6%9F%93%E7%BA%A2%E5%8A%A9%E5%8C%97%E4%BA%AC%E7%BB%B4%E7%A8%B3.html
池子 + 北美,187,2023-02-19T19:13:36Z,https://www.rfa.org/mandarin/Xinwen/5-02192023115348.html
王越池,38,2023-02-19T19:12:32Z,https://www.rfa.org/mandarin/Xinwen/5-02192023115348.html
池子 + 封杀,7,2023-02-19T19:12:28Z,https://www.rfa.org/mandarin/Xinwen/5-02192023115348.html
脱口秀 + 池子,2,2023-02-19T19:11:23Z,https://www.rfa.org/mandarin/Xinwen/5-02192023115348.html
人渣 + 江泽民,2603,2023-02-17T15:20:05Z,https://botanwang.com/articles/202302/%E4%B9%A0%E8%BF%91%E5%B9%B3%E4%B8%8E%E4%B8%AD%E5%85%B1%7C%E8%B0%81%E5%9C%A8%E5%88%A9%E7%94%A8%E8%B0%81%EF%BC%9F.html
中共贪污,2103,2023-02-16T15:36:34Z,https://botanwang.com/articles/202302/%E4%B8%AD%E5%85%B1%E6%94%BF%E5%BA%9C%E7%9A%84%E9%9A%90%E7%A7%98%E7%A8%8E%E6%94%B6%E2%80%94%E2%80%94%E5%A4%96%E6%B1%87%E7%A8%8E.html
20大 + 一尊,2869,2023-02-15T17:07:56Z,https://botanwang.com/articles/202302/%E4%B8%AD%E5%9B%BD%E6%AD%A6%E6%B1%89%E5%A4%A7%E8%BF%9E%E5%86%8D%E7%88%86%E5%8F%91%E5%A4%A7%E8%A7%84%E6%A8%A1%E7%A4%BA%E5%A8%81%7C%E9%80%80%E4%BC%91%E4%BA%BA%E5%91%98%E6%8A%97%E8%AE%AE%E5%89%8A%E5%87%8F%E5%8C%BB%E4%BF%9D%E7%A6%8F%E5%88%A9.html
二十大 + 现任,2175,2023-02-14T00:24:59Z,https://www.rfa.org/mandarin/zhuanlan/yehuazhongnanhai/gx-02132023162856.html
抗议六四,906,2023-02-07T07:07:30Z,https://botanwang.com/articles/202302/%E3%80%96%E5%85%B2%E6%9C%9D%E6%B5%AE%E4%B8%96%E7%BB%98%E3%80%97%E6%B5%81%E6%B5%AA%E6%B0%94%E7%90%83%E6%98%AF%E5%AF%B9%E7%BE%8E%E5%9B%BD%E7%9A%84%E8%80%83%E9%AA%8C%7C%E7%BE%8E%E5%9B%BD%E4%BA%BA%E8%80%83%E8%AF%95%E4%B8%8D%E5%8F%8A%E6%A0%BC%EF%BC%9F.html
天安门 + 农药,657,2023-02-05T14:57:04Z,https://boxun.com/archives/224163
二十大 + 接任,3239,2023-02-04T04:36:57Z,https://www.rfa.org/mandarin/zhuanlan/yehuazhongnanhai/gx-02032023155400.html
郭怡廣,1017,2023-02-04T04:13:00Z,https://boxun.com/archives/223709
二十大 + 载舟,284,2023-02-03T22:44:59Z,https://www.rfa.org/mandarin/yataibaodao/renquanfazhi/vs-02032023112742.html
领导人 + 维尼,248,2023-02-02T06:21:09Z,https://botanwang.com/articles/202302/%E7%BE%8E%E5%9B%BD%E5%9C%A8%E6%89%80%E7%BD%97%E9%97%A8%E7%BE%A4%E5%B2%9B%E5%BC%80%E8%AE%BE%E5%A4%A7%E4%BD%BF%E9%A6%86%E6%8A%97%E8%A1%A1%E4%B8%AD%E5%9B%BD.html
徐晓冬,2140,2023-02-01T15:44:18Z,https://chinadigitaltimes.net/chinese/692526.html
mainlandChina,1326,2023-01-31T10:53:28Z,https://boxun.com/archives/221788
二十大 + 入常,269,2023-01-31T06:00:19Z,https://botanwang.com/articles/202301/%E4%B9%A0%E8%BF%91%E5%B9%B3%E4%B8%BA%E4%BB%80%E4%B9%88%E5%86%B7%E6%B7%A1%E8%83%A1%E6%98%A5%E5%8D%8E%E7%9C%8B%E4%B8%AD%E9%9F%A9%E6%AD%A3.html
蔡英文總統,547,2023-01-31T04:58:14Z,https://boxun.com/archives/222222
邪恶的中共,1594,2023-01-28T13:48:09Z,https://botanwang.com/articles/202301/%E4%BB%8E%E7%8E%B0%E4%BB%A3%E6%94%BF%E6%B2%BB%E9%80%BB%E8%BE%91%E8%B0%88%E2%80%9C%E6%AD%BB%E4%BA%A1%E5%9B%9B%E4%BA%BF%E2%80%9D.html
20大 + 连任,38,2023-01-23T18:44:11Z,https://www.rfa.org/mandarin/Xinwen/3-01232023112352.html
严歌苓,5945,2023-01-22T18:25:32Z,https://chinadigitaltimes.net/chinese/692265.html
郭怡广,1841,2023-01-22T18:17:22Z,https://chinadigitaltimes.net/chinese/692265.html
尼尔斯范德普尔,1206,2023-01-22T18:16:15Z,https://chinadigitaltimes.net/chinese/692265.html
金正恩 + 独裁,44,2023-01-21T10:33:16Z,https://www.dw.com/zh/美国斥资数千万揭露朝鲜政权真相/a-64426817?maca=chi-rss-chi-all-1127-rdf
二十大 + 继任,1459,2023-01-21T02:24:29Z,https://www.rfa.org/mandarin/zhuanlan/yehuazhongnanhai/gx-01202023153347.html
近平 + 全票,18,2023-01-19T12:17:27Z,http://politics.people.com.cn/n1/2023/0119/c1001-32610218.html
六四32周年,66,2023-01-16T03:00:26Z,https://boxun.com/archives/216743
核酸大跃进,250,2023-01-13T22:07:18Z,https://www.rfa.org/mandarin/yataibaodao/huanjing/tj-01132023093620.html
二十大 + 架,451,2023-01-12T06:48:11Z,https://botanwang.com/articles/202301/%E9%AD%8F%E4%BA%AC%E7%94%9F%EF%BC%9A2023%E5%B9%B4%E6%98%AF%E4%BD%95%E5%B9%B4%EF%BC%9F.html
邓小平 + 压 + 学生,3980,2023-01-12T03:15:57Z,https://www.rfa.org/mandarin/yataibaodao/renquanfazhi/wy-01112023125336.html
20大 + 四通,1722,2023-01-11T22:16:20Z,https://www.rfa.org/mandarin/zhuanlan/zhongguotoushi/panel-01112023133502.html
二十大 + 操,2620,2023-01-09T15:33:30Z,https://botanwang.com/articles/202301/%E7%BE%8E%E6%96%B0%E5%9B%BD%E4%BC%9A%E8%81%9A%E7%84%A6%E4%B8%AD%E5%85%B1%7C%E5%85%9A%E5%AA%92%E8%B0%A9%E9%AA%82%E9%9C%B2%E6%80%AF.html
二十大 + 落马,3445,2023-01-09T00:29:25Z,http://politics.people.com.cn/n1/2023/0109/c1001-32602150.html
清零宗,1128,2023-01-07T05:10:21Z,https://botanwang.com/articles/202301/%E3%80%96%E5%BE%AE%E5%8D%9A%E8%B0%88%E3%80%97%E4%BF%A1%E4%BB%BB%E5%8D%B1%E6%9C%BA%E7%BB%88%E5%B0%86%E5%85%A8%E9%9D%A2%E7%88%86%E5%8F%91.html
二十大 + 涛,486,2023-01-06T16:33:37Z,http://politics.people.com.cn/n1/2023/0106/c1001-32601399.html
二十大 + 连任,690,2023-01-04T01:18:11Z,https://www.rfa.org/mandarin/yataibaodao/zhengzhi/my-01032023131218.html
黄耀明,4,2023-01-03T00:30:35Z,https://botanwang.com/articles/202301/%E9%A6%99%E6%B8%AF%E6%AD%8C%E6%89%8B%E9%BB%84%E8%80%80%E6%98%8E%E8%B5%B4%E5%8F%B0%E5%BC%80%E4%B8%AA%E5%94%B1%EF%BC%9A%7C%E2%80%9C%E7%8E%B0%E5%9C%A8%E8%AE%B2%E8%AF%9D%E5%BE%88%E5%8D%B1%E9%99%A9%EF%BC%8C%E5%94%B1%E6%AD%8C%E5%8F%AF%E8%83%BD%E9%83%BD%E6%9C%89%E5%8D%B1%E9%99%A9%E2%80%9D.html
二十大 + 专制,0,2023-01-03T00:30:18Z,https://www.rfa.org/mandarin/Xinwen/1-01022023100103.html
光复香港时代革命,477,2023-01-02T07:38:20Z,https://botanwang.com/articles/202301/%E8%B7%A8%E5%B9%B4%E5%A4%9C%7C%E9%A6%99%E6%B8%AF%E7%8B%AE%E5%AD%90%E5%B1%B1%E7%8E%B0%E2%80%9C%E9%87%8A%E6%94%BE%E6%94%BF%E6%B2%BB%E7%8A%AF%E2%80%9D%E7%81%AF%E7%89%8C.html
二十大 + 克强,6013,2023-01-02T07:34:34Z,https://botanwang.com/articles/202301/2022%E4%B8%AD%E5%85%B1%E5%8A%A0%E9%80%9F%E8%87%AA%E6%AE%8B%E7%9A%84%E5%9B%9B%E5%A4%A7%E2%80%9C%E6%96%97%E4%BA%89%E2%80%9D.html
二十大 + 掌权,3556,2023-01-02T07:34:02Z,https://botanwang.com/articles/202301/2022%E4%B8%AD%E5%85%B1%E5%8A%A0%E9%80%9F%E8%87%AA%E6%AE%8B%E7%9A%84%E5%9B%9B%E5%A4%A7%E2%80%9C%E6%96%97%E4%BA%89%E2%80%9D.html
二十大 + 上任,2207,2023-01-02T07:33:27Z,https://botanwang.com/articles/202301/2022%E4%B8%AD%E5%85%B1%E5%8A%A0%E9%80%9F%E8%87%AA%E6%AE%8B%E7%9A%84%E5%9B%9B%E5%A4%A7%E2%80%9C%E6%96%97%E4%BA%89%E2%80%9D.html
二十大 + 天安门,374,2023-01-02T07:30:38Z,http://politics.people.com.cn/n1/2023/0101/c1001-32597842.html
二十大 + 帝,3282,2023-01-02T07:30:00Z,https://botanwang.com/articles/202301/%E3%80%96%E5%85%B2%E6%9C%9D%E6%B5%AE%E4%B8%96%E7%BB%98%E3%80%972022%E5%B9%B4%E5%A4%A7%E4%BA%8B%E7%BA%AA%E6%80%BB%E7%BB%93.html
习下李上,2656,2023-01-02T07:29:36Z,https://botanwang.com/articles/202301/%E3%80%96%E5%85%B2%E6%9C%9D%E6%B5%AE%E4%B8%96%E7%BB%98%E3%80%972022%E5%B9%B4%E5%A4%A7%E4%BA%8B%E7%BA%AA%E6%80%BB%E7%BB%93.html
陈升,3646,2023-01-02T07:29:09Z,http://politics.people.com.cn/n1/2023/0101/c1001-32597761.html
20大 + 拉,569,2023-01-02T07:28:57Z,https://www.rfa.org/mandarin/zhuanlan/laogongtongxun/hdf-12302022092741.html
文化大革命 + 灾难,188,2023-01-02T07:28:34Z,https://botanwang.com/articles/202212/%E5%8E%86%E5%8F%B2%E7%9A%84%E6%95%99%E8%AE%AD%E2%80%94%E2%80%94%E6%84%9F%E6%82%9F%E4%B8%AD%E5%85%B1%E8%BF%90%E5%8A%A8%E5%9B%A0%E6%9E%9C%E5%BE%8B%EF%BC%88%E4%BA%8C%EF%BC%89.html
僵尸校园,126,2023-01-02T07:22:49Z,https://www.solidot.org/story?sid=73768
二十大 + 四通,310,2023-01-02T07:19:18Z,https://chinadigitaltimes.net/chinese/691369.html
清零帝,2317,2023-01-02T07:14:55Z,https://botanwang.com/articles/202212/%E7%96%AB%E6%83%85%E5%88%9B%E9%80%A0%E6%88%96%E6%B6%89%E5%8F%8A%E7%9A%84246%E4%B8%AA%E5%90%8D%E8%AF%8D.html
苏共解体,3802,2023-01-02T07:12:27Z,https://www.rfa.org/mandarin/zhuanlan/huashengdunshouji/wdbm-12272022092525.html
不要封锁要自由,1915,2023-01-02T07:03:35Z,https://botanwang.com/articles/202212/2022%E5%B9%B4%7C%E4%B9%A0%E8%BF%91%E5%B9%B3%E7%9B%9B%E6%9E%81%E8%80%8C%E8%A1%B0.html
20大 + 胡,453,2023-01-02T07:02:51Z,https://botanwang.com/articles/202212/2022%E5%B9%B4%7C%E4%B9%A0%E8%BF%91%E5%B9%B3%E7%9B%9B%E6%9E%81%E8%80%8C%E8%A1%B0.html
民主会战胜归来,142,2023-01-02T07:02:28Z,https://www.rfa.org/mandarin/Xinwen/6-12252022160952.html
虽然我知道,4080,2023-01-02T07:01:47Z,https://chinadigitaltimes.net/chinese/691129.html
二十大 + 皇,5092,2023-01-02T07:01:18Z,https://chinadigitaltimes.net/chinese/691154.html
二十大 + 胡,4892,2023-01-02T07:00:54Z,https://chinadigitaltimes.net/chinese/691154.html
法习斯,3974,2023-01-02T07:00:29Z,https://chinadigitaltimes.net/chinese/691154.html
扛 + 麦 + 郎,3870,2023-01-02T07:00:10Z,https://chinadigitaltimes.net/chinese/691154.html
Xitler,3858,2023-01-02T06:59:55Z,https://chinadigitaltimes.net/chinese/691154.html
大海掀翻小池塘,3775,2023-01-02T06:59:26Z,https://chinadigitaltimes.net/chinese/691154.html
错误执行者,3769,2023-01-02T06:58:44Z,https://chinadigitaltimes.net/chinese/691154.html
通商宽衣,3738,2023-01-02T06:58:17Z,https://chinadigitaltimes.net/chinese/691154.html
二十大 + 变革,977,2023-01-02T06:57:56Z,http://politics.people.com.cn/n1/2022/1223/c1001-32592742.html
武汉肺炎,1749,2023-01-02T06:57:33Z,https://botanwang.com/articles/202212/%E4%B8%8A%E6%B5%B7%E5%8C%BB%E9%99%A2%E5%8F%91%E5%87%BA%E6%82%B2%E5%A3%AE%E4%B8%B4%E6%88%98%E5%8A%A8%E5%91%98%7C%E5%87%86%E5%A4%87%E8%BF%8E%E6%8E%A5%E4%B8%80%E5%9C%BA%7C%E2%80%9C%E6%83%A8%E7%83%88%E7%9A%84%E6%88%98%E6%96%97%E2%80%9D.html
20大 + 連任,846,2023-01-02T06:57:05Z,https://www.rfa.org/mandarin/zhuanlan/zhongguotoushi/panel-12222022092636.html
蔡英文总统,505,2023-01-02T06:56:38Z,https://boxun.com/archives/208656
VOAChinese,87,2023-01-02T06:56:10Z,https://botanwang.com/articles/202212/%E3%80%96%E5%BE%AE%E5%8D%9A%E8%B0%88%E3%80%97%E5%B0%B1%E6%98%AF%E5%8D%95%E7%BA%AF%E7%9A%84%E5%80%92%E9%9C%89.html
二十大 + 党派,1058,2023-01-02T06:55:28Z,http://politics.people.com.cn/n1/2022/1221/c1001-32591328.html
祈翠,2941,2023-01-02T06:55:00Z,https://chinadigitaltimes.net/chinese/691063.html
二十大 + 选举,72,2023-01-02T06:54:50Z,http://politics.people.com.cn/n1/2022/1220/c1001-32590600.html
二十大 + 反对,2834,2023-01-02T06:54:22Z,https://www.rfa.org/mandarin/pinglun/chengxiaonong/cxn-12182022170601.html
二十大 + 逼,2766,2023-01-02T06:53:54Z,https://www.rfa.org/mandarin/pinglun/chengxiaonong/cxn-12182022170601.html
打倒毛泽东,2625,2023-01-02T06:53:31Z,https://www.rfa.org/mandarin/pinglun/chengxiaonong/cxn-12182022170601.html
20大 + 被,310,2023-01-02T06:53:03Z,https://boxun.com/archives/207663
二十大 + 卸任,3922,2023-01-02T06:52:42Z,https://botanwang.com/articles/202212/2022%E5%B9%B4%E4%B8%AD%E5%85%B1%E5%A4%96%E4%BA%A4%E5%8D%81%E5%A4%A7%E4%B8%91%E9%97%BB.html
二十大 + 江泽民,3618,2023-01-02T06:52:17Z,https://botanwang.com/articles/202212/%E6%B1%9F%E6%B3%BD%E6%B0%91%E4%B9%8B%E6%AD%BB%E4%B8%8E%E4%B8%AD%E5%85%B1%E4%B9%8B%E5%B0%86%E4%BA%A1.html
大纪元退党,2338,2023-01-02T06:51:50Z,https://botanwang.com/articles/202212/%E6%B1%9F%E6%B3%BD%E6%B0%91%E4%B9%8B%E6%AD%BB%E4%B8%8E%E4%B8%AD%E5%85%B1%E4%B9%8B%E5%B0%86%E4%BA%A1.html
总加速师,11,2023-01-02T06:51:21Z,https://botanwang.com/articles/202212/%E3%80%96%E5%85%B2%E6%9C%9D%E6%B5%AE%E4%B8%96%E7%BB%98%E3%80%97%E4%B9%A0%E6%80%BB%E5%8A%A0%E9%80%9F%E5%B8%88%E6%83%B3%E5%88%B9%E8%BD%A6%E4%BA%86%EF%BC%9F.html
不要核酸要吃饭,368,2023-01-02T06:50:59Z,https://botanwang.com/articles/202212/%E6%96%B0%E5%86%A0%E7%A5%9E%E8%8D%AF%E6%BB%A1%E5%A4%A9%E9%A3%9E%7C%E5%88%B0%E5%BA%95%E5%93%AA%E7%A7%8D%E8%83%BD%E6%B2%BB%E7%97%85.html
二十大 + 维稳,1249,2023-01-02T06:50:19Z,https://botanwang.com/articles/202212/%E6%B0%91%E4%BC%97%E5%AF%B9%E4%B8%AD%E5%85%B1%E7%9A%84%E4%BF%A1%E5%BF%83%E6%AD%A3%E6%8D%9F%E8%80%97%E6%AE%86%E5%B0%BD%7C%E4%B9%A0%E8%BF%91%E5%B9%B3%E6%88%90%E9%BD%90%E5%A5%A5%E5%A1%9E%E6%96%AF%E5%BA%93%E4%BC%BC%E4%BA%BA%E7%89%A9%EF%BC%9F.html
支援爱国民主运动联合会,5,2023-01-02T06:49:51Z,https://www.rfi.fr/cn/%E4%B8%AD%E5%9B%BD/20221215-%E6%B3%95%E5%AE%98%E6%8C%87%E8%AD%A6%E6%96%B9%E7%A6%81-%E5%85%AD%E5%9B%9B%E9%9B%86%E4%BC%9A-%E5%90%88%E6%B3%95%E6%80%A7%E5%AD%98%E7%96%91-%E9%82%B9%E5%B9%B8%E5%BD%A4%E7%85%BD%E6%83%91%E4%BB%96%E4%BA%BA%E9%9D%9E%E6%B3%95%E9%9B%86%E4%BC%9A%E8%84%B1%E7%BD%AA
二十大 + 示威,22,2023-01-02T06:48:46Z,https://boxun.com/archives/206497
二十大 + 抗议,2795,2023-01-02T06:48:18Z,https://www.rfa.org/mandarin/yataibaodao/junshiwaijiao/al-12142022145035.html
二十大 + 抓,12291,2023-01-02T06:47:50Z,http://politics.people.com.cn/n1/2022/1214/c1001-32587294.html
二十大 + 桥,1092,2023-01-02T06:47:30Z,http://politics.people.com.cn/n1/2022/1214/c1001-32586598.html
二十大 + 带,801,2023-01-02T06:47:08Z,http://politics.people.com.cn/n1/2022/1214/c1001-32586598.html
近平 + 连任,168,2023-01-02T06:46:48Z,https://botanwang.com/articles/202212/%E9%99%88%E7%A0%B4%E7%A9%BA%EF%BC%9A%E8%B6%85%E8%A7%84%E6%A0%BC%E8%BF%BD%E6%82%BC%E6%B1%9F%E6%B3%BD%E6%B0%91%EF%BC%8C%E4%B9%A0%E8%BF%91%E5%B9%B3%E8%B4%B9%E5%BF%83%E8%87%AA%E8%AF%81%E6%9D%83%E5%8A%9B%E6%9D%A5%E6%BA%90.html
二十大 + 任期,1033,2023-01-02T06:46:28Z,https://botanwang.com/articles/202212/%E7%AC%AC36%E5%B1%8A%E4%B8%AD%E5%9B%BD%E6%9D%B0%E5%87%BA%E6%B0%91%E4%B8%BB%E4%BA%BA%E5%A3%AB%E5%A5%96%E6%8E%88%E4%BA%88%E5%9B%9B%E9%80%9A%E6%A1%A5%E6%8A%97%E8%AE%AE%E8%80%85.html
江泽民 + 屁,532,2023-01-02T06:45:59Z,https://www.rfa.org/mandarin/zhuanlan/yehuazhongnanhai/gx-12122022154756.html
董瑶琼,732,2023-01-02T06:45:39Z,https://www.rfa.org/mandarin/pinglun/fushenqi/fsq-12122022094029.html
愿荣光归香港,64,2023-01-02T06:45:24Z,https://www.voachinese.com/a/google-refused-hong-kong-request-over-protest-anthem-20221212/6872476.html
二十大 + 拉,1160,2023-01-02T06:44:50Z,http://politics.people.com.cn/n1/2022/1212/c1001-32585098.html
不做奴才做公民,330,2023-01-02T06:44:30Z,https://www.rfa.org/mandarin/Xinwen/1-12112022103403.html
不要领袖要选票,322,2023-01-02T06:43:54Z,https://www.rfa.org/mandarin/Xinwen/1-12112022103403.html
不要谎言要尊严,306,2023-01-02T06:43:19Z,https://www.rfa.org/mandarin/Xinwen/1-12112022103403.html
不要封控要自由,298,2023-01-02T06:42:42Z,https://www.rfa.org/mandarin/Xinwen/1-12112022103403.html
二十大 + 10月13,182,2023-01-02T06:42:05Z,https://www.rfa.org/mandarin/Xinwen/1-12112022103403.html
通过 + 修宪,133,2023-01-02T06:41:24Z,https://boxun.com/archives/205491
二十大 + 被,847,2023-01-02T06:41:05Z,http://politics.people.com.cn/n1/2022/1209/c1001-32584349.html
二十大 + 老一,401,2023-01-02T06:40:46Z,http://politics.people.com.cn/n1/2022/1211/c1001-32584815.html
不要文革要改革,2594,2023-01-02T06:40:19Z,https://chinadigitaltimes.net/chinese/690767.html
