Αλβανόγυφτοι,Α**********ι
Αλογοσκουφίτσα,Α************α
Αρκουδόγυφτων,Α***********ν
Βυζάκια,Β*****α
Γαμήστε,Γ*****ε
Γερμαναράδες,Γ**********ς
Γερμαναράδων,Γ**********ν
Γερμανοτσολιάδες,Γ**************ς
Γύφτοι,Γ****ι
Ευρωλιγούρηδες,Ε************ς
Κατουρήθηκα,Κ*********α
Κλάσε,Κ***ε
Κουνίστρας,Κ********ς
Κουράδες,Κ******ς
Λελέδες,Λ*****ς
Λουλού,Λ****ύ
Μάπα,Μ**α
Μαλάκα,Μ****α
Μούλα,Μ***α
Μπαλουχιστάν,Μ**********ν
Μπαράς,Μ****ς
Μπαρουφολόγοι,Μ***********ι
Νέγρικης,Ν******ς
Νέγροι,Ν****ι
Νέγρος,Ν****ς
Σεξογλάστρες,Σ**********ς
Σούφρας,Σ*****ς
Τουρκαλάδες,Τ*********ς
Τουρκιά,Τ*****ά
Τουρκιστάν,Τ********ν
Τουρκόγυφτοι,Τ**********ι
Τουρκόσποροι,Τ**********ι
Τουρκόσπορους,Τ***********ς
Τουρκόφιλη,Τ********η
Τσογλανίτσα,Τ*********α
Τσογλαναραίοι,Τ***********ι
Χέσε,Χ**ε
Χεστήκαμε,Χ*******ε
έκλασε,έ****ε
έχεζες,έ****ς
έχεσα,έ***α
έχεσε,έ***ε
αγάμητες,α******ς
αδερφάρα,α******α
αδερφάρες,α*******ς
αερογάμηδες,α*********ς
αερογαμίας,α********ς
αιματορούφηδες,α************ς
αιμοπότη,α******η
αληταριά,α******ά
αλητονεολαία,α**********α
αλητοτουρίστες,α************ς
αλητόβιε,α******ε
αλλαξοκωλιές,α**********ς
αναρχοάπλυτα,α**********α
αναρχοβλαμμένα,α************α
αναρχοκάφρους,α***********ς
αναρχοσκούληκα,α************α
αναρχοτραμπούκοι,α**************ι
αντιμπατσικός,α***********ς
απάρθενος,α*******ς
αράπη,α***η
αράπηδες,α******ς
αράπης,α****ς
αράπικη,α*****η
αράπικο,α*****ο
αραπάδες,α******ς
αραπάκος,α******ς
αρχίδι,α****ι
αρχίδια,α*****α
αρχιδιακό,α*******ό
αυνάνες,α*****ς
αυτοχασισώνεται,α*************ι
βιζιτούδες,β********ς
βλακόφατσα,β********α
βλαμμένη,β******η
βλαμμένοι,β*******ι
βλαμμένους,β********ς
βλαχάρα,β*****α
βλαχάρες,β******ς
βλαχαδερά,β*******ά
βλαχαδερό,β*******ό
βλαχοαμερικάνους,β**************ς
βλαχοδήμαρχος,β***********ς
βλαχομπαρόκ,β*********κ
βλαχοπορνό,β********ό
βρωμόπουστας,β**********ς
βρωμόπουστες,β**********ς
βυζί,β**ί
βυζιά,β***ά
γάμησε,γ****ε
γαμάει,γ****ι
γαμάς,γ***ς
γαμάτο,γ****ο
γαμήσαμε,γ******ε
γαμήσει,γ*****ι
γαμήσι,γ****ι
γαμήσου,γ*****υ
γαμήσουμε,γ*******ε
γαμήσω,γ****ω
γαμείς,γ****ς
γαμηθείτε,γ*******ε
γαμηθούν,γ******ν
γαμηθώ,γ****ώ
γαμημένη,γ******η
γαμημένο,γ******ο
γαμοσταυρίδι,γ**********ι
γαμοσταυρίδια,γ***********α
γαμοτράγουδα,γ**********α
γαμούσαμε,γ*******ε
γαμωσταυρίδια,γ***********α
γαμώ,γ**ώ
γαμώτο,γ****ο
γαϊδουροκαβαλαρία,γ***************α
γεροσάψαλα,γ********α
γιδαραίοι,γ*******ι
γκομενάκια,γ********α
γκομενάρα,γ*******α
γκομενίτσες,γ*********ς
γκομενιλίκι,γ*********ι
γκομενιλίκια,γ**********α
γκομενούλα,γ********α
γκομενούλες,γ*********ς
γλύφτης,γ*****ς
γρόθο,γ***ο
γυαλαμπούκες,γ**********ς
γυφτάκια,γ******α
γυφτιάς,γ*****ς
γυφτοσκοπιανικής,γ**************ς
γυφτοσκοπιανό,γ***********ό
γυφτοσκοπιανών,γ************ν
γυφτόπουλα,γ********α
γύφτε,γ***ε
γύφτικου,γ******υ
γύφτοι,γ****ι
γύφτου,γ****υ
γύφτουλες,γ*******ς
γύφτους,γ*****ς
γύφτων,γ****ν
δουλάκι,δ*****ι
δουλικά,δ*****ά
δουλικό,δ*****ό
δούλας,δ****ς
δούλε,δ***ε
ευρωλιγουριάς,ε***********ς
ευρωλιγούρη,ε*********η
ζιγκολολεβέντες,ζ*************ς
καπότας,κ*****ς
καπότες,κ*****ς
καράβλαχοι,κ********ι
καράβλαχους,κ*********ς
καράβλαχων,κ********ν
καραβανάς,κ*******ς
καραγκιοζάκου,κ***********υ
καραγκιοζαρίας,κ************ς
καραπουτανάρες,κ************ς
καρατσουλάρας,κ***********ς
καργιόλα,κ******α
καργιόλες,κ*******ς
καργιόληδες,κ*********ς
καργιόλης,κ*******ς
καριόλες,κ******ς
κατουρλήδες,κ*********ς
κατουρλού,κ*******ύ
κατσίφλωροι,κ*********ι
καυλωμένη,κ*******η
καύλα,κ***α
καύλωσε,κ*****ε
κενυαπίθηκος,κ**********ς
κλάνουν,κ*****ν
κλάσει,κ****ι
κλάσιμο,κ*****ο
κλανιά,κ****ά
κλανιάρης,κ*******ς
κλανιές,κ*****ς
κλαπαρχίδης,κ*********ς
κουλή,κ***ή
κουλομαρία,κ********α
κουνουπιδόμαγκα,κ*************α
κουράδα,κ*****α
κουράδες,κ******ς
κουραδόμαγκες,κ***********ς
κρυφοπηδηχτούλης,κ**************ς
κρυόκωλοι,κ*******ι
κωλαράκι,κ******ι
κωλοαλβανός,κ*********ς
κωλοαπόφαση,κ*********η
κωλοβαράνε,κ********ε
κωλοβυσμάτων,κ**********ν
κωλοκατάσταση,κ***********η
κωλοκυβέρνηση,κ***********η
κωλομέρια,κ*******α
κωλομπαράδες,κ**********ς
κωλομπαράδων,κ**********ν
κωλομπαράς,κ********ς
κωλοπαιδαρισμού,κ*************ύ
κωλοτρυπίδα,κ*********α
κωλοφάναρο,κ********ο
κωλοφυλλάδα,κ*********α
κωλοχανείο,κ********ο
κωλοχαρακτήρα,κ***********α
κωλοχαρακτήρας,κ************ς
κωλοχώρα,κ******α
κωλοχώρι,κ******ι
κωλόγρια,κ******α
κωλόμπαρα,κ*******α
κωλόπαιδα,κ*******α
κωλόπαιδο,κ*******ο
κωλόπανο,κ******ο
κωλόσπιτα,κ*******α
κωλόσπιτο,κ*******ο
κωλόχαρτο,κ*******ο
κωλώνανε,κ******ε
κωλώσεις,κ******ς
κωλώσουν,κ******ν
κόπανε,κ****ε
κόπανος,κ*****ς
κόπανου,κ*****υ
κώλο,κ**ο
κώλοι,κ***ι
κώλος,κ***ς
κώλου,κ***υ
κώλους,κ****ς
κώλωσαν,κ*****ν
λελές,λ***ς
λουλάκι,λ*****ι
λούγκρες,λ******ς
λούληδες,λ******ς
μαλάκα,μ****α
μαλάκας,μ*****ς
μαλάκες,μ*****ς
μαλακάκο,μ******ο
μαλακία,μ*****α
μαλακίας,μ******ς
μαλακίες,μ******ς
μαλακιζόμαστε,μ***********ε
μαλακισμένα,μ*********α
μαλακοπίτουρες,μ************ς
μαλαπέρδα,μ*******α
μαμίσιοι,μ******ι
μαστούρια,μ*******α
μογγολοτόμαρα,μ***********α
μουνάκι,μ*****ι
μουνί,μ***ί
μουνιά,μ****ά
μουνόπανα,μ*******α
μουνόπανο,μ*******ο
μούλος,μ****ς
μπάσταρδα,μ*******α
μπάσταρδε,μ*******ε
μπάσταρδοι,μ********ι
μπάσταρδου,μ********υ
μπάσταρδους,μ*********ς
μπάφους,μ*****ς
μπαρουφολόγους,μ************ς
μπασταρδεμένο,μ***********ο
μπασταρδεμένος,μ************ς
μπασταρδεύει,μ**********ι
μπαστουνόβλαχοι,μ*************ι
μπετόβλακα,μ********α
μπετόβλακας,μ*********ς
μπινέ,μ***έ
μπινέδες,μ******ς
μπορδέλου,μ*******υ
μπορντέλου,μ********υ
μπουρδέλα,μ*******α
μπουρδέλο,μ*******ο
μπουρδέλου,μ********υ
μπουρδέλων,μ********ν
μπουρτζόβλαχοι,μ************ι
μπουρτζόβλαχος,μ************ς
μπουρτζόβλαχους,μ*************ς
μπουφονεοέλληνας,μ**************ς
μπουχέσας,μ*******ς
μπουχέσες,μ*******ς
νέγρα,ν***α
νέγρες,ν****ς
νέγρικα,ν*****α
νέγρικο,ν*****ο
νέγροι,ν****ι
νέγρος,ν****ς
νέγρου,ν****υ
νέγρων,ν****ν
ξέκολων,ξ*****ν
ξέκωλα,ξ****α
ξέκωλο,ξ****ο
ξεκώλιασμα,ξ********α
ξενογάμησε,ξ********ε
ξώβυζη,ξ****η
ξώπετση,ξ*****η
πέη,π*η
παλιοκομμούνι,π***********ι
παλιολινάτσα,π**********α
παλιολινάτσες,π***********ς
παλιολουμπίνα,π***********α
παλιομαλάκα,π*********α
παλιομετανάστη,π************η
παλιοπούστηδες,π************ς
παλιοπούστηδων,π************ν
παλιοπούστης,π**********ς
πανίβλακα,π*******α
πανηλίθια,π*******α
πανηλίθιε,π*******ε
πανηλίθιο,π*******ο
πανηλίθιοι,π********ι
πανηλίθιου,π********υ
πανηλίθιων,π********ν
πανηλιθίων,π********ν
παπάρας,π*****ς
παπαριά,π*****ά
παπαριές,π******ς
παπαρολογίας,π**********ς
παπαρολογίες,π**********ς
παπαρολόγε,π********ε
παπαρολόγοι,π*********ι
παπαρολόγος,π*********ς
παραχέσει,π*******ι
παρλαπίπες,π********ς
παρτουζών,π*******ν
παρτούζα,π******α
παρτούζες,π*******ς
πηδήχτηκα,π*******α
πιθηκάνθρωπος,π***********ς
πισωγλέντηδες,π***********ς
πισωγλέντης,π*********ς
πορδές,π****ς
πορδή,π***ή
πορδής,π****ς
πορνοβοσκός,π*********ς
πορνοδιαγωνισμούς,π***************ς
πορνοεκδότης,π**********ς
πορνοεπισκεπτών,π*************ν
πορνοκρατία,π*********α
πορνολάγνου,π*********υ
πορνοσινεμά,π*********ά
πορνόγερος,π********ς
πουστάρα,π******α
πουστιά,π*****ά
πουστιάς,π******ς
πουστιές,π******ς
πουστράκια,π********α
πουστόγερος,π*********ς
πουτάνα,π*****α
πουτάνας,π******ς
πουτανάδικα,π*********α
πουτανιά,π******ά
πουτσάκι,π******ι
πούστης,π*****ς
πούστικες,π*******ς
πούστικο,π******ο
πούτανος,π******ς
πούτσο,π****ο
πούτσος,π*****ς
πρεζάκι,π*****ι
πρεζάκια,π******α
πρεζέμποροι,π*********ι
πρεζέμπορος,π*********ς
πρεζεμπόριο,π*********ο
πρεζού,π****ύ
πρεζόνια,π******α
ρεντίκολα,ρ*******α
ρεντίκολο,ρ*******ο
σατανομπάσταρδοι,σ**************ι
σεξοεπιχειρήσεων,σ**************ν
σεξομάγαζα,σ********α
σεξομάγαζου,σ*********υ
σεξουάλα,σ******α
σεξουαλίζεσαι,σ***********ι
σικτίρ,σ****ρ
σιχτίρ,σ****ρ
σιχτίριζαν,σ********ν
σιχτίρισμα,σ********α
σιχτιρήσουν,σ*********ν
σιχτιρίζουν,σ*********ν
σιχτιρίσει,σ********ι
σιχτιρίσω,σ*******ω
σκάτωσε,σ*****ε
σκάτωσες,σ******ς
σκατά,σ***ά
σκατένιες,σ*******ς
σκατιάρα,σ******α
σκατιάρες,σ*******ς
σκατιάρηδες,σ*********ς
σκατιάρης,σ*******ς
σκατοαλβανό,σ*********ό
σκατογερνάς,σ*********ς
σκατοκέφαλα,σ*********α
σκατολογίες,σ*********ς
σκατουλάκι,σ********ι
σκατοχώρα,σ*******α
σκατωμένο,σ*******ο
σκατό,σ***ό
σκατόκοσμος,σ*********ς
σκατόπαιδα,σ********α
σκατόπαιδο,σ********ο
σκατόπαιδων,σ*********ν
σκατόφατσες,σ*********ς
σκατόψυχο,σ*******ο
σκατόψυχοι,σ********ι
σκατόψυχος,σ********ς
σκατώνεις,σ*******ς
σκατώσατε,σ*******ε
σκρόφα,σ****α
σκυλάδικη,σ*******η
σκυλάδικο,σ*******ο
σκυλάραπα,σ*******α
σκυλίλα,σ*****α
σκυλαδικορόκ,σ**********κ
σλαβόσποροι,σ*********ι
σλαβόσπορων,σ*********ν
σπερματοθήκη,σ**********η
στούρνε,σ*****ε
στούρνο,σ*****ο
στούρνοι,σ******ι
στούρνους,σ*******ς
στραβοκατουρήσατε,σ***************ε
στραβοχυμένος,σ***********ς
τεμπελχανά,τ********ά
τεμπελχανάδες,τ***********ς
τεμπελχανάς,τ*********ς
τεμπελχανάδες,τ************ς
τεμπελχανείο,τ**********ο
τεντιμπόης,τ********ς
τουρκαλάδες,τ*********ς
τουρκαλβανό,τ*********ό
τουρκιά,τ*****ά
τουρκολιγούρηδες,τ**************ς
τουρκομπαρόκ,τ**********κ
τουρκοφάγους,τ**********ς
τουρκοφαγία,τ*********α
τουρκόγυφτους,τ***********ς
τουρκόσπορο,τ*********ο
τουρκόσπορους,τ***********ς
τουρκόσπορων,τ**********ν
τσιμπουκιού,τ*********ύ
τσιμπούκια,τ********α
τσογλάνι,τ******ι
τσογλάνια,τ*******α
τσογλανάκια,τ*********α
τσογλαναρίας,τ**********ς
τσογλανισμοί,τ**********ί
τσογλανιών,τ********ν
τσογλανοπαρέα,τ***********α
τσουλάκι,τ******ι
τσουλάκια,τ*******α
τσουλί,τ****ί
τσουλιά,τ*****ά
τσουτσουνάκι,τ**********ι
τσουτσουνάκια,τ***********α
τσουτσούνι,τ********ι
τσουτσούνια,τ*********α
τσούλα,τ****α
τσόγλανο,τ******ο
τσόγλανος,τ*******ς
φασιστόμουτρα,φ***********α
φασιστόμουτρο,φ***********ο
φασιστόμουτρων,φ************ν
φλούφλη,φ*****η
φλούφληδων,φ********ν
φλωράκια,φ******α
φλόκους,φ*****ς
φλώρε,φ***ε
φλώρος,φ****ς
φλώρους,φ*****ς
χάχας,χ***ς
χέζει,χ***ι
χέζεις,χ****ς
χέζονται,χ******ι
χέζουνε,χ*****ε
χέζω,χ**ω
χέσε,χ**ε
χέσει,χ***ι
χέσεις,χ****ς
χέσιμο,χ****ο
χέστα,χ***α
χέστες,χ****ς
χέστη,χ***η
χέστηδες,χ******ς
χέστηκα,χ*****α
χέστηκες,χ******ς
χέστης,χ****ς
χέστρες,χ*****ς
χαζογκομενίστικα,χ**************α
χαζογκόμενα,χ*********α
χαζογκόμενες,χ**********ς
χασίς,χ***ς
χασίσια,χ*****α
χασικλή,χ*****ή
χασικλήδες,χ********ς
χασικλίδες,χ********ς
χασισάκια,χ*******α
χαφιεδότσουρμο,χ************ο
χαφιεδότσουρμου,χ*************υ
χεσμένες,χ******ς
χεσμένο,χ*****ο
χεσμένος,χ******ς
χεστήκαμε,χ*******ε
χεστήκανε,χ*******ε
χεστήκατε,χ*******ε
χεστεί,χ****ί
χοντρέλες,χ*******ς
χοντρέλω,χ******ω
χοντροκέφαλοι,χ***********ι
χοντρομπαλά,χ*********ά
χοντρομπαλάς,χ**********ς
χοντροσαραντάρηδες,χ****************ς
χοντροφτιαγμένα,χ*************α
ψοφάτε,ψ****ε
ψοφιμιών,ψ******ν
ψοφοδεή,ψ*****ή
ψωλές,ψ***ς
ψωλή,ψ**ή
ψωνιστήρι,ψ*******ι
ψόφα,ψ**α
ψώλος,ψ***ς
