kulleihin,k*******n
kulleiksi,k******i
kulleilla,k*******a
kulleille,k*******e
kulleilta,k*******a
kulleina,k******a
kulleissa,k*******a
kulleista,k*******a
kulleja,k*****a
kulli,k***i
kullia,k****a
kullien,k*****n
kulliin,k*****n
kulliksi,k******i
kullilla,k******a
kullille,k******e
kullilta,k******a
kullin,k****n
kullina,k*****a
kullissa,k******a
kullista,k******a
kullit,k****t
kyrpien,k*****n
kyrpiin,k*****n
kyrpinä,k*****ä
kyrpiä,k****ä
kyrpä,k***ä
kyrpänä,k*****ä
kyrpää,k****ä
kyrpään,k*****n
kyrviksi,k******i
kyrville,k******e
kyrvillä,k******ä
kyrviltä,k******ä
kyrvissä,k******ä
kyrvistä,k******ä
kyrväksi,k******i
kyrvälle,k******e
kyrvällä,k******ä
kyrvältä,k******ä
kyrvän,k****n
kyrvässä,k******ä
kyrvästä,k******ä
kyrvät,k****t
pillu,p***u
pillua,p****a
pilluihin,p*******n
pilluiksi,p*******i
pilluilla,p*******a
pilluille,p*******e
pilluilta,p*******a
pilluina,p******a
pilluissa,p*******a
pilluista,p*******a
pilluja,p*****a
pillujen,p******n
pilluksi,p******i
pillulla,p******a
pillulle,p******e
pillulta,p******a
pillun,p****n
pilluna,p*****a
pillussa,p******a
pillusta,p******a
pillut,p****t
pilluun,p*****n
vittu,v***u
vittua,v****a
vittuihin,v*******n
vittuina,v******a
vittuja,v*****a
vittujen,v******n
vittuna,v*****a
vittuun,v*****n
vituiksi,v******i
vituilla,v******a
vituille,v******e
vituilta,v******a
vituissa,v******a
vituista,v******a
vituksi,v*****i
vitulla,v*****a
vitulle,v*****e
vitulta,v*****a
vitun,v***n
vitussa,v*****a
vitusta,v*****a
vitut,v***t
