alboche,a*****e
alboches,a******s
archifoutre,a*********e
baisable,b******e
baise,b***e
baiseur,b*****r
batard,b****d
batards,b*****s
biatch,b****h
bibite,b****e
bicot,b***t
bicots,b****s
biffle,b****e
biffler,b*****r
bifle,b***e
bifler,b****r
bitch,b***h
bite,b**e
bitembois,b*******s
bonasse,b*****e
bonnasse,b******e
bordel,b****l
bougnoul,b******l
bougnoule,b*******e
bougnoules,b********s
bougnoulisation,b*************n
bougnouliser,b**********r
boukak,b****k
boukaks,b*****s
bounioul,b******l
bounioule,b*******e
branle-couille,b************e
branler,b*****r
branlette,b*******e
branleur,b******r
branleurs,b*******s
branlo,b****o
branlotter,b********r
branlée,b*****e
brise-burnes,b**********s
broute-minou,b**********u
brêle,b***e
burne,b***e
burnes,b****s
bâtard,b****d
bâtarde,b*****e
casse-bonbon,c**********n
casse-burette,c***********e
casse-couille,c***********e
casse-couilles,c************s
catin,c***n
catins,c****s
chat-bite,c*******e
chaude-pisse,c**********e
cherche-merde,c***********e
chiant,c****t
chiasse,c*****e
chiasser,c******r
chiatique,c*******e
chibre,c****e
chiennasse,c********e
chier,c***r
chieur,c****r
chinetoc,c******c
chinetok,c******k
chinetoque,c********e
chintok,c*****k
chiotte,c*****e
chiottes,c******s
chiure,c****e
chiée,c***e
chleuh,c****h
chleuhs,c*****s
chnoque,c*****e
claque-merde,c**********e
clito,c***o
cocu,c**u
con,c*n
conasse,c*****e
conchier,c******r
connard,c*****d
connarde,c******e
connards,c******s
connasse,c******e
conne,c***e
connerie,c******e
conneries,c*******s
connes,c****s
cons,c**s
couille,c*****e
couilles,c******s
couillu,c*****u
crevure,c*****e
crisse,c****e
crotté,c****é
crétin,c****n
crétins,c*****s
câlice,c****e
demi-molle,d********e
derche,d****e
doigter,d*****r
ducon,d***n
dugland,d*****d
duschnock,d*******k
débile,d****e
déconnade,d*******e
déconnage,d*******e
dégueulassement,d*************t
emmerde,e*****e
emmerder,e******r
emmerdes,e******s
emmerdeur,e*******r
emmerdeuse,e********e
emmerdé,e*****é
enculable,e*******e
enculade,e******e
enculagailler,e***********r
enculage,e******e
enculailleur,e**********r
enculatoire,e*********e
encule,e****e
enculement,e********t
enculer,e*****r
enculerie,e*******e
enculette,e*******e
enculeur,e******r
enculeuse,e*******e
enculé,e****é
enculée,e*****e
enculées,e******s
enculés,e*****s
enflure,e*****e
enfoirer,e******r
enfoiré,e*****é
enfoirés,e******s
fils-de-puterie,f*************e
filsdeputerie,f***********e
fiotte,f****e
fister,f****r
foirade,f*****e
foufe,f***e
foufoune,f******e
foufounes,f*******s
foufounette,f*********e
fouille-merde,f***********e
fouteur,f*****r
foutoir,f*****r
foutre,f****e
foutriquer,f********r
fucker,f****r
garce,g***e
glandeur,g******r
glandeuse,g*******e
glandouillou,g**********u
glandu,g****u
glaoui,g****i
gogol,g***l
gouine,g****e
gouines,g*****s
gueuler,g*****r
imbaisable,i********e
imbitabilité,i**********é
imbitable,i*******e
jean-foutre,j*********e
lopette,l*****e
lèche-cul,l*******l
mange-merde,m*********e
mauviette,m*******e
merdaille,m*******e
merdaillon,m********n
merdasse,m******e
merde,m***e
merder,m****r
merderie,m******e
merdes,m****s
merdeux,m*****x
merdicité,m*******é
merdier,m*****r
merdique,m******e
merdogène,m*******e
merdouillard,m**********d
niak,n**k
niaks,n***s
nibard,n****d
nichon,n****n
nichons,n*****s
niquer,n****r
nègre,n***e
nègres,n****s
négresse,n******e
négresses,n*******s
négro,n***o
négros,n****s
ostie,o***e
paki,p**i
pakis,p***s
papier-cul,p********l
pisse-au-lit,p**********t
pisser,p****r
pisseur,p*****r
pissou,p****u
pochard,p*****d
pochetron,p*******n
pochtron,p******n
pogne-cul,p*******l
poivrot,p*****t
pouffiasse,p********e
poufiasse,p*******e
poufiasses,p********s
putain,p****n
putains,p*****s
pute,p**e
putes,p***s
pédé,p**é
pédés,p***s
péquenaud,p*******d
pétasse,p*****e
pétasses,p******s
ras-la-moule,r**********e
ras-le-bonbon,r***********n
ras-les-fesses,r************s
refucker,r******r
réenculer,r*******r
s'archifoutre,s***********e
sagouin,s*****n
salaud,s****d
salauds,s*****s
salop,s***p
salopard,s******d
salope,s****e
salopes,s*****s
sans-couilles,s***********s
scheiße,s*****e
schleu,s****u
schleue,s*****e
schleues,s******s
schleuh,s*****h
schleuhs,s******s
schleus,s*****s
schnek,s****k
schnock,s*****k
schnoque,s******e
schnouf,s*****f
sent-la-pisse,s***********e
shit,s**t
souchien,s******n
souchienne,s********e
sous-merde,s********e
suce-boules,s*********s
sucer,s***r
tabarnac,t******c
tabarnak,t******k
taffiole,t******e
taffioles,t*******s
tafiole,t*****e
tantouserie,t*********e
tantouze,t******e
tarlouse,t******e
tarlouze,t******e
taré,t**é
taspé,t***é
tassepé,t*****é
techa,t***a
teub,t**b
teubé,t***é
teuch,t***h
teucha,t****a
tire-au-cul,t*********l
tocard,t****d
troncher,t******r
trouduc,t*****c
trouducune,t********e
troufignoler,t**********r
troufignolerie,t************e
troufignoliser,t************r
troufignon,t********n
turluchon,t*******n
vide-couilles,v***********s
weeaboo,w*****o
zboob,z***b
zboube,z****e
zguègue,z*****e
zob,z*b
éburné,é****é
écouillé,é******é
