3P,**
SEX,***
うんこ,う**
うんこたれ,う***れ
うんこやろう,う****う
うんこ野郎,う***郎
うんち,う**
おちんちん,お***ん
おっぱい,お***
おまんこ,お***
おまんこやろう,お*****う
おまんこ野郎,お****郎
おめこ,お**
おチンチン,お***ン
くそ,**
くそやろう,く***う
くそ野郎,く***う
くろんぼ,く**ぼ
ちんこ,ち**
ちんちん,ち***
ちんば,ち**
ちんぽ,ち**
つんぼ,つ**
はげ,**
びっこ,び**
ふにゃちんやろう,ふ******う
ふにゃちん野郎,ふ*****郎
まんこ,ま**
まんこやろう,ま****う
まんこ野郎,ま***郎
めくら,***
アナルセックス,ア*****ス
アナル調教,ア***教
アメ公,ア**
イキまくり,イ***り
イタ公,イ**
イラマチオ,イ***オ
エロ,**
オチンチン,オ***ン
オッパイ,オ***
オナホ,オ**
オナホール,オ***ル
オマンコ,オ***
オメコ,オ**
キジルシ,キ**シ
キンタマ,キ***
キンタマ野郎,キ****郎
キ印,**
クソ,**
クソ野郎,く***う
クロンボ,ク**ボ
セックス,セ**ス
センズリ,セ**リ
チビ,**
チャンコロ,チ***ロ
チョッパリ,チ***リ
チョン,チ**
チョン公,チ***
チンカス,チ***
チンカス野郎,チ****郎
チンコ,チ**
チンチン,チ***
チンポ,チ**
デカちん,デ**ん
デカチン,デ**ン
デブ,**
ニガー,ニ**
ニグロ,ニ**
ハゲ,**
ハメまくり,ハ***り
ハメ撮り,ハ**り
バカチョン,バ***ン
バキュームフェラ,バ******ラ
パイズリ,パ**リ
パイパン,パ**ン
ファック,フ**ク
ファックユー,フ***ユー
フェラ,フ**
フェラごっくん,フ*****ん
フェラゴックン,フ*****ン
フェラチオ,フ***オ
フニャチンやろう,フ******う
フニャチン野郎,フ*****郎
ブス,**
マンコ,マ**
ヤリチン,ヤ**ン
ヤリマン,ヤ**ン
ワレメ,ワ**
中出し,中**
乱交,**
便器女,***
即ハメ,即**
口内射精,口***
口内発射,口***
土人,**
巨乳,**
手コキ,手**
手マン,手**
生ハメ,生**
痴女,**
盲,***
肉便器,***
腐れまんこ,腐***こ
腐れマンコ,腐***コ
輪姦,**
金玉,**
金玉野郎,金***
間の子,***
電マ,**
露助,**
顔射,**
黒んぼ,***
黒ん坊,***
鼻フック,鼻**
fuck,f***
