간나새끼,간***
갈보,갈*
갈보년,갈**
갈보놈,갈**
갈보새끼,갈***
갈보자식,갈***
개갈보,개**
개같은,개**
개같은년,개***
개같은놈,개***
개같은새끼,개****
개같은자식,개****
개걸레,개**
개년,개*
개년아,개**
개놈,개*
개놈아,개**
개놈의새끼,개****
개돌아이,개***
개또라이,개***
개망나니,개***
개발년,개**
개발놈,개**
개발새끼,개***
개발싸개,개***
개병신,개**
개보지,개**
개보지년,개***
개보지놈,개***
개보지털,개***
개불알,개**
개빠구리,개***
개뼈다귀,개***
개상년,개**
개상놈,개**
개새끼,개**
개소리,개**
개싸이코,개***
개쌍년,개**
개쌍놈,개**
개썅년,개**
개썅놈,개**
개쓰레기,개***
개씨부랄,개***
개씨팔,개**
개씨팔년,개**
개씨팔놈,개**
개씨팔좆밥,개****
개씹보지,개***
개씹새,개**
개씹새끼,개***
개씹창,개**
개염병,개**
개자식,개**
개자지,개**
개작살,개**
개잡것,개**
개잡년,개**
개잡놈,개**
개좆같은,개***
개좆같은것,개****
개좆같은년,개****
개좆같은놈,개****
개좆만아,개***
개지랄,개**
개쪼다,개**
개찌질이,개***
개허접,개**
개호로,개**
개호로년,개***
개호로놈,개***
개호로새끼,개****
거지년,거**
거지놈,거**
거지발싸개,거****
거지새끼,거***
거지좃밥,거***
걸레같은년,걸****
걸레같은놈,걸****
걸레년,걸**
걸레놈,걸**
고자놈,고**
고자새끼,고***
구멍질,구**
그지좆밥,그***
까진년,까**
깜둥이,깜**
껌둥이,껌**
꼴통새끼,꼴***
나쁜년,나**
나쁜놈,나**
나쁜새끼,나***
남창,남*
니기리좆도,닝****
니기미,니**
니기미씨댕,니****
니미,니*
니미럴,니**
니미럴새끼,니****
니미씨팔,니***
니미씨팔놈아,니*****
니미씹,니**
니미애미,니***
니미좃,니**
니보지,니**
니자지,니**
닥쳐,닥*
대갈빡,대**
돌대가리,돌***
돌아이,돌**
돌아이새끼,돌****
뒈질,뒈*
뒈질년,뒈**
뒈질놈,뒈**
뒈질새끼,뒈***
등신새끼,등***
딸딸이,딸**
또라이,또**
또라이새끼,또****
똥대가리,똥***
뚱보새끼,뚱***
막간년,막**
막간놈,막**
맛간년,맛**
맛간놈,맛**
맛간새끼,맛***
망할년,망**
망할놈,망**
망할새끼,망***
멍청한년,멍***
멍청한놈,멍***
멍청한새끼,멍****
멍텅구리,멍***
미친개보지,미****
미친개새끼,미****
미친개잡,미***
미친년,미**
미친놈,미**
미친상년,미***
미친상놈,미***
미친새끼,미***
미친쌍년,미***
미친쌍놈,미***
미친썅년,미***
미친썅놈,미***
미친씹새끼,미****
반병신,반**
변남,변*
변녀,변*
변섹,변*
변태,변*
변태새끼,변***
병신,병*
병신같은년,병****
병신같은놈,병****
병신개자식,병****
병신새끼,병***
병신씹새,병***
보지,보*
보지구멍,보***
보지새끼,보***
보지털,보**
불알,불*
빌어먹을년,빌****
빌어먹을놈,빌****
빌어먹을새끼,빌*****
빠구리,빠**
빠돌이,빠**
빠순이,빠**
빨갱이,빨**
빨통,빨*
사까시,사**
삽질,삽*
상년,상*
상놈,상*
상놈의새끼,상****
새대가리,새***
색년,색*
색놈,색*
색마,색*
서양이쁜이,서****
섹남,섹*
섹녀,섹*
섹마,섹*
섹파,섹*
소새끼,소**
십딱,십*
십팔,십*
쌍,*
쌍년,쌍*
쌍놈,쌍*
쌍놈의새끼,쌍****
쌍판,쌍*
썅,*
썅년,썅*
썅놈,썅*
썅놈의새끼,썅****
썩을년,썩**
썩을놈,썩**
썩을놈의새끼,썩*****
쓰레기년,쓰***
씨댕,씨*
씨댕년,씨**
씨댕놈,씨**
씨댕새끼,씨***
씨댕아,씨**
씨발,씨*
씨발개새끼,씨****
씨발것,씨**
씨발년,씨**
씨발놈,씨**
씨발놈의새끼,씨*****
씨발새끼,씨***
씨발좆,씨**
씨발좆나,씨***
씨방새,씨**
씨방새끼,씨***
씨부랄,씨**
씨부랄년,씨***
씨부랄놈,씨***
씨불탱,씨**
씨팔,씨*
씨팔개새끼,씨****
씨팔것,씨**
씨팔년,씨**
씨팔놈,씨**
씨팔놈의새끼,씨*****
씨팔좆,씨**
씨팔좆나,씨***
씹구멍,씹**
씹년,씹*
씹놈,씹*
씹새끼,씹*
씹새야,씹*
씹장생,씹**
씹탱구리,씹***
씹팔,씹*
씹팔개새끼,씨****
씹팔것,씨**
씹팔년,씨**
씹팔놈,씨**
씹팔놈의새끼,씨*****
씹팔좆,씨**
씹팔좆나,씨***
아갈빡,아**
아갈통,아**
양갈보,양**
양공주,양**
양년,양*
에미보지,에***
염병,염*
염병할,염**
염병할것,염***
염병할년,염***
염병할놈,염***
염병할새끼,염****
엿같은년,엿***
엿같은놈,엿***
엿같은새끼,엿****
엿먹어,엿**
우라질,우**
육봉대가리,육****
육시랄,육**
육시랄년,육***
육시랄놈,육***
육시럴,육**
자지년,자**
자지놈,자**
자지새끼,자***
잡것,잡*
잡년,잡*
잡놈,잡*
잡새끼,잡**
재수없는년,재****
재수없는놈,재****
재수없는새끼,재*****
존나,존*
존나게,존**
졸라,졸*
졸라게,졸**
좃나십팔,좃***
좃나씨발,좃***
좃나씨팔,좃***
좃나씹팔,좃***
좃대가리,좃***
좃됐다,좃**
좃만아,좃**
좃만한것,좃***
좃만한년,좃***
좃만한놈,좃***
좃만한새끼,좃****
좃맹구,좃**
좃밥,좃*
좃빠구리,좃***
좃빠지게,좃***
좆,*
좆같다,좆**
좆같은년,좆***
좆같은놈,좆***
좆같은새끼,좆****
좆까,좆*
좆나,*나
좆나씨팔,좆***
좆대가리,좆***
좆됐다,좆**
좆만아,좆**
좆만한것,좆***
좆만한년,좆***
좆만한놈,좆***
좆만한새끼,좆****
좆맹구,좆**
좆밥,좆*
좆빠구리,좆***
좆빠지게,좆***
좇까라,좇**
죽일년,죽**
죽일놈,죽**
죽일새끼,죽***
쥐새끼,쥐**
쥐좆만한,쥐***
즐쳐드셈,즐***
지랄,지*
지랄발광,지***
지랄하네,지***
짱깨,짱*
쪽바리,쪽**
쪽발이,쪽**
창남,창*
창녀,창*
창년,창*
창놈,창*
처먹어,처**
쳐먹어,쳐**
코쟁이,코**
허접들,허**
허접새끼,허***
호구새끼,호***
호로개자식,호****
호로개잡년,호****
호로개잡놈,호****
호로새끼,호***
호로자식,호***
호로잡것,호***
호로잡년,호***
호로잡놈,호***
호모년,호**
호모놈,호**
호모새끼,호***
호모자식,호***
후릴년,후**
후릴놈,후**
