chuj,c**j
chuja,c***a
chuje,c***e
chujem,c****m
chujowe,c*****e
chuju,c***u
cip,c*p
cipa,c**a
cipo,c**o
ciul,c**l
ciula,c***a
ciulu,c***u
cwel,c**l
cwela,c***a
cwele,c***e
cwelem,c****m
cwelu,c***u
cweluchu,c******u
dopieprzenie,d**********e
dopierdolić,d*********ć
dosrać,d****ć
dosrajcie,d*******e
dupach,d****h
dupami,d****i
dupcz,d***z
dupczenia,d*******a
dupczy,d****y
dupo,d**o
dupy,d**y
dymać,d***ć
dymał,d***ł
dymali,d****i
dymana,d****a
dymani,d****i
dymania,d*****a
dymaniem,d******m
dymanku,d*****u
fiut,f**t
fiutów,f****w
fiuta,f***a
fiutami,f*****i
fiutem,f****m
fiuty,f***y
gówna,g***a
gównach,g*****h
gównami,g*****i
gównem,g****m
gówniana,g******a
gówniane,g******e
gównianej,g*******j
gówniany,g******y
gównianym,g*******m
gównie,g****e
gówno,g***o
gównojady,g*******y
gównozjadem,g*********m
gównozjady,g********y
huje,h**e
hwdp,h**p
jeb,j*b
jebło,j***o
jeba,j**a
jebać,j***ć
jebał,j***ł
jebałem,j*****m
jebak,j***k
jebaka,j****a
jebaki,j****i
jebaną,j****ą
jebana,j****a
jebane,j****e
jebanego,j******o
jebani,j****i
jebania,j*****a
jebany,j****y
jebie,j***e
jebliwa,j*****a
jebnąć,j****ć
jebnąłby,j******y
jebnięty,j******y
jebnij,j****j
kurew,k***w
kurewka,k*****a
kurewska,k******a
kurewsko,k******o
kurewstwie,k********e
kurw,k**w
kurwą,k***ą
kurwę,k***ę
kurwa,k***a
kurwach,k*****h
kurwami,k*****i
kurwi,k***i
kurwidół,k******ł
kurwidołek,k********k
kurwidole,k*******e
kurwie,k****e
kurwiszon,k*******n
kurwiszonami,k**********i
kurwiszonie,k*********e
kurwiszony,k********y
kurwo,k***o
kurwom,k****m
kurwował,k******ł
kurwy,k***y
najebany,n******y
napierdala,n********a
napierdalać,n*********ć
napierdalacie,n***********e
napierdzielanie,n*************e
nasra,n***a
nasrał,n****ł
nasrane,n*****e
nieskurwienie,n***********e
obsrała,o*****a
obsrały,o*****y
obsrana,o*****a
obsrane,o*****e
obsrany,o*****y
obsrywać,o******ć
odpieprzcie,o*********e
odpieprzy,o*******y
odpierdala,o********a
odpierdalasz,o**********z
odpierdoli,o********i
odpierdzielony,o************y
opieprzą,o******ą
opieprzają,o********ą
opieprzanie,o*********e
opieprzasz,o********z
opieprzy,o******y
opieprzył,o*******ł
opierdala,o*******a
opierdalajcie,o***********e
opierdalania,o**********a
opierdalanie,o**********e
opierdzielić,o**********ć
osrać,o***ć
osranej,o*****j
piździ,p****i
piździec,p******c
piczkę,p****ę
piczki,p****i
pieprzę,p*****ę
pieprzenie,p********e
pieprznięta,p*********a
pieprzony,p*******y
pieprzyła,p*******a
pierdolą,p******ą
pierdolę,p******ę
pierdolca,p*******a
pierdolenia,p*********a
pierdolenie,p*********e
pierdoli,p******i
pierdolić,p*******ć
pierdolił,p*******ł
pierdolnięci,p**********i
pierdolnięta,p**********a
pierdolnięte,p**********e
pierdolnięty,p**********y
pierdolnie,p********e
pierdolone,p********e
pierdolonym,p*********m
pierdu,p****u
pierdykam,p*******m
pierdyknął,p********ł
pierdzą,p*****ą
pierdzące,p*******e
pierdzących,p*********h
pierdzenia,p********a
pierdzenie,p********e
pierdzeniu,p********u
pierdzi,p*****i
pierdział,p*******ł
pierdziała,p********a
pierdzie,p******e
pierdzieć,p*******ć
pierdziel,p*******l
pierdzielę,p********ę
pierdziela,p********a
pierdziele,p********e
pierdzielenia,p***********a
pierdzielenie,p***********e
pierdzieli,p********i
pierdzielić,p*********ć
pierdzielone,p**********e
pierdzistołek,p***********k
pierdziucha,p*********a
pierdziut,p*******t
pindą,p***ą
pinda,p***a
pindo,p***o
pindy,p***y
pizd,p**d
pizdę,p***ę
pizda,p***a
pizdu,p***u
pizdy,p***y
pizga,p***a
pizgać,p****ć
podpierdolili,p***********i
podpierdolono,p***********o
podsrywaniu,p*********u
podupczą,p******ą
pojeb,p***b
pojebów,p*****w
pojeba,p****a
pojebało,p******o
pojebańcu,p*******u
pojebańcy,p*******y
pojebane,p******e
pojebany,p******y
pojebanym,p*******m
pojebie,p*****e
pojeby,p****y
popierdolilo,p**********o
popierdolone,p**********e
popierdolonych,p************h
popierdywanie,p***********e
popierdzielania,p*************a
popierdzielone,p************e
poruchał,p******ł
poruchamy,p*******y
posrańcami,p********i
posracie,p******e
posrali,p*****i
posraną,p*****ą
posrana,p*****a
posranego,p*******o
posrani,p*****i
posraniec,p*******c
posrany,p*****y
posranych,p*******h
posrasz,p*****z
posrywający,p*********y
przejeb,p*****b
przejebać,p*******ć
przejebane,p********e
przesrane,p*******e
przesrany,p*******y
przyjebali,p********i
przypieprzajmy,p************y
przypierdalać,p***********ć
przypierdol,p*********l
przypierdolić,p***********ć
przypierdolił,p***********ł
rozdupcył,r*******ł
rozjebał,r******ł
rozjebania,r********a
rozpieprzy,r********y
rozpieprzyli,r**********i
rozpierdolę,r*********ę
rucha,r***a
ruchać,r****ć
ruchałem,r******m
ruchało,r*****o
ruchacz,r*****z
ruchali,r*****i
rucham,r****m
ruchania,r******a
ruchanie,r******e
ruchasz,r*****z
skurwi,s****i
skurwił,s*****ł
skurwieni,s*******i
skurwysyn,s*******n
skurwysynów,s*********w
skurwysyna,s********a
skurwysynami,s**********i
skurwysynem,s*********m
skurwysynie,s*********e
skurwysynom,s*********m
skurwysynu,s********u
skurwysyny,s********y
spieprzaj,s*******j
spierdala,s*******a
spierdalaj,s********j
spierdalaliście,s*************e
spierdol,s******l
spierdział,s********ł
spierdzielaj,s**********j
sra,s*a
srać,s**ć
srał,s**ł
sracie,s****e
sracz,s***z
sracza,s****a
sraczach,s******h
sraczce,s*****e
sracze,s****e
sraczy,s****y
srają,s***ą
srające,s*****e
srający,s*****y
srających,s*******h
srajtaśma,s*******a
srak,s**k
srakę,s***ę
sraki,s***i
srali,s***i
sram,s**m
sranego,s*****o
srania,s****a
sranie,s****e
sraniem,s*****m
srasz,s***z
szczą,s***ą
szczące,s*****e
szcza,s***a
szczać,s****ć
szczał,s****ł
szczała,s*****a
szczam,s****m
szczanie,s******e
szczochów,s*******w
szczochach,s********h
szczy,s***y
upierdolony,u*********y
wjebał,w****ł
wjebany,w*****y
wkurw,w***w
wkurwić,w*****ć
wkurwiłem,w*******m
wkurwia,w*****a
wkurwiacie,w********e
wkurwiającego,w***********o
wkurwiali,w*******i
wkurwiam,w******m
wkurwienie,w********e
wkurwili,w******i
wkurwionego,w*********o
wkurwiony,w*******y
wpieprzają,w********ą
wpieprzyć,w*******ć
wpieprzył,w*******ł
wpierdala,w*******a
wpierdalają,w*********ą
wpierdol,w******l
wpierdziela,w*********a
wpierdzieli,w*********i
wpiernicz,w*******z
wydymać,w*****ć
wydymana,w******a
wydymanie,w*******e
wydymaniu,w*******u
wydymany,w******y
wyjebać,w*****ć
wyjebane,w******e
wypieprza,w*******a
wypieprzeniu,w**********u
wypieprzyć,w********ć
wypierdalać,w*********ć
wypierdalaj,w*********j
wypierdalam,w*********m
wypierdalania,w***********a
wypierdol,w*******l
wypierdolił,w*********ł
wypierdolili,w**********i
wypierdolona,w**********a
wypierdzielone,w************e
wyrucha,w*****a
wyruchał,w******ł
wyruchałby,w********y
wyruchali,w*******i
wyrucham,w******m
wyruchana,w*******a
wysrać,w****ć
zajeb,z***b
zajebać,z*****ć
zajebał,z*****ł
zajebałem,z*******m
zajebiście,z********e
zajebiesz,z*******z
zajebista,z*******a
zajebiste,z*******e
zajebistego,z*********o
zajebistość,z*********ć
zajebisty,z*******y
zajebistym,z********m
zapieprza,z*******a
zapieprzać,z********ć
zapieprzają,z*********ą
zapieprzasz,z*********z
zapierdala,z********a
zapierdalaj,z*********j
zapierdol,z*******l
zapierdoli,z********i
zapierdziel,z*********l
zapierdzielać,z***********ć
zapierdzielaj,z***********j
zapierniczać,z**********ć
zasra,z***a
zasrańca,z******a
zasrańce,z******e
zasrańcom,z*******m
zasrańcu,z******u
zasraną,z*****ą
zasrane,z*****e
zasranego,z*******o
zasranej,z******j
zasrani,z*****i
zasrany,z*****y
zasranych,z*******h
zasranymi,z*******i
zesrał,z****ł
zesrała,z*****a
zesrałbyś,z*******ś
zesrało,z*****o
zesrały,z*****y
zesrają,z*****ą
zesrali,z*****i
zesrasz,z*****z
zjeb,z**b
zjebany,z*****y
zjebie,z****e
