a-hole,a****e
analkulor,a*******r
analplugg,a*******g
analporr,a******r
analsex,a*****x
analt,a***t
arschel,a*****l
arsel,a***l
arselet,a*****t
arsle,a***e
arslen,a****n
as,a*
attackflator,a**********r
avskum,a****m
avsugning,a*******g
bög,b*g
böga,b**a
bögar,b***r
bögarna,b*****a
bögarnas,b******s
bögbingo,b******o
bögbomb,b*****b
bögdjävel,b*******l
bögen,b***n
bögfaktor,b*******r
böghög,b****g
böghatare,b*******e
böghora,b*****a
bögjävel,b******l
bögjävlarna,b*********a
bögmagasin,b********n
bögpar,b****r
bögparlör,b*******r
bögporr,b*****r
bögskämt,b******t
bögskräck,b*******k
bögskräcken,b*********n
babbe,b***e
badhelvetet,b*********t
badjävlar,b*******r
ballar,b****r
balle,b***e
betonghäck,b********k
betongröv,b*******v
bitterfitta,b*********a
bitterfittalappen,b***************n
bitterfittan,b**********n
blattar,b*****r
blattarna,b*******a
blatte,b****e
blattehumor,b*********r
blatten,b*****n
blattesnack,b*********k
blattesvenska,b***********a
blodsugarjävlar,b*************r
bokhora,b*****a
bokhora-sidan,b***********n
bollibompasex,b***********x
bondläpp,b******p
bonnjävlar,b********r
bonnläppar,b********r
brakskit,b******t
breeders,b******s
bullshit-filsosof,b***************f
butchflator,b*********r
cp,c*
danskjävlar,d*********r
datajävel,d*******l
datorrunkande,d***********e
djäkla,d****a
djävel,d****l
djäveln,d*****n
djävelskap,d********p
djävlar,d*****r
djävlarna,d*******a
djävligt,d******t
djävulusiska,d**********a
dumfan,d****n
dumhuve,d*****e
dumhuvud,d******d
dumjävel,d******l
dummerjöns,d********s
fåntratt,f******t
förbövelen,f********n
förbannade,f********e
förbannat,f*******t
fan,f*n
fanken,f****n
fanskapet,f*******t
fanstygen,f*******n
fetto,f***o
fikus,f***s
finndjävul,f********l
fitta,f***a
fittan,f****n
fittfakta,f*******a
fittfis,f******s
fitthora,f******a
fittjävel,f*******l
fittor,f****r
fittorna,f******a
fittslickare,f**********e
fittstim,f******m
fjant,f****t
fjolla,f****a
flata,f***a
flatorna,f******a
flinfitta,f*******a
flugskit,f******t
frilanshelvetet,f*************t
fuckar,f****r
fucking,f*****g
göka,g**a
gnällkärring,g**********g
gnällkärringar,g************r
golfidioter,g*********r
grönjävligt,g*********t
groggluder,g********r
gubbfan,g*****n
gubbjävel,g*******l
gubbjävlar,g********r
gubbslemmet,g*********t
guling,g****g
gulingarna,g********a
gulingen,g*****n
hängbröst,h*******t
hängröv,h*****v
hängtuttar,h********r
hästkuk,h*****k
hästskit,h******t
hästskiten,h********n
hönshjärna,h********a
helvete,h*****e
helvetes,h******s
herrejävlar,h*********r
homo,h**o
homolobbyns,h*********s
homomän,h*****n
homoresorna,h*********a
homos,h***s
hondjävulen,h*********n
hora,h**a
horan,h***n
horbock,h*****k
horunge,h*****e
hundskit,h******t
hundskiten,h********n
husneger,h******r
idiot,i***t
jäklar,j***r
jävel,j***l
jäveln,j****n
jävelskap,j*******p
jävla,j***a
jävlad,j****d
jävlar,j****r
jävlarna,j******a
jävlats,j*****s
jävlig,j****g
jävliga,j*****a
jävligare,j*******e
jävligaste,j********e
jävulsk,j*****k
juggar,j****r
jugge,j***e
juggedisco,j********o
juggejävel,j********l
juggemaffian,j**********n
juggen,j****n
kärring,k*****g
kötthuvud,k*******d
kanadick,k******k
kanadicken,k********n
kanadickerna,k**********a
klantarsel,k********l
klitta,k****a
klyktattare,k*********e
knulla,k****a
knullade,k******e
knullar,k*****r
knullare,k******e
knullas,k*****s
knullat,k*****t
knullborgarmärket,k***************t
knullkompis,k*********s
knullkompisar,k***********r
knullmara,k*******a
kommunistkärringen,k****************n
koskit,k****t
kuk,k*k
kukar,k***r
kukarna,k*****a
kukat,k***t
kukbruk,k*****k
kuken,k***n
kukhuvud,k******d
kukjävel,k******l
kukkunskap,k********p
kuksugare,k******e
kuksugaren,k******n
kuksugareskan,k**********n
kuksugerska,k*********a
läbb,l**b
lapphelvetet,l**********t
lappjävel,l*******l
lappjäveln,l********n
lappjävlar,l********r
lassemajas,l********s
lebb,l**b
luder,l***r
lyxrunka,l******a
mög,m*g
mainstream-skit,m*************t
mainstream-skiten,m***************n
mammaknullare,m***********e
masjävlar,m*******r
mes,m*s
mongo,m***o
muhammedhund,m**********d
muhammedhundar,m************r
neger,n***r
negerboll,n*******l
negerbollar,n*********r
negerpojkar,n*********r
negrer,n****r
nigger,n****r
niggern,n*****n
niggrerna,n*******a
operabögar,o********r
orre,o**e
pajas,p***s
pajjas,p****s
pattar,p****r
pissland,p******d
pisslata,p******a
pissråttan,p********n
pisstidningar,p***********r
pissvädret,p********t
pitt,p**t
pitten,p****n
praktarsel,p********l
pucko,p***o
pundhuve,p******e
pundhuvud,p*******d
punkjävlar,p********r
råttpiss,r******s
röding,r****g
röv,r**a
rövhål,r****l
rövhatt,r*****t
rövknull,r******l
rövknullade,r*********e
rövknullare,r*********e
rövunge,r*****e
runka,r***a
runkad,r****d
runkade,r*****e
runkar,r****r
runkat,r****t
runkobjekt,r********t
sär,s*r
salthelvete,s*********e
sandneger,s******r
satan,s***n
schlagerbögarna,s*************a
shit,s**t
sjözigenarfolk,s************k
sjuhelsikes,s*********s
sjuhelvetes,s*********s
skadehelvete,s**********e
skit,s**t
skit-tV,s*****v
skitäckligt,s*********t
skitarga,s******a
skitavtal,s*******l
skitballt,s*******t
skitband,s******d
skitbilligt,s*********t
skitblaska,s********a
skitbränsle,s*********e
skitcoolt,s*******t
skitdålig,s*******g
skitdåligt,s********t
skitdag,s*****g
skitdagis,s*******s
skitenkelt,s********t
skitfärdig,s********g
skitförbannade,s************e
skitfilmer,s********r
skitfränt,s*******t
skitful,s*****l
skitgöra,s******a
skitgörat,s*******t
skitglad,s******d
skitglada,s*******a
skitgnäll,s*******l
skitgoda,s******a
skithäftigt,s*********t
skithögen,s*******n
skithögt,s******t
skithelg,s******g
skithemskt,s********t
skithockey,s********y
skitirriterad,s***********d
skitit,s****t
skitjobbet,s********t
skitjobbig,s********g
skitjobbiga,s*********a
skitkåt,s*****t
skitkallt,s*******t
skitkass,s******s
skitkonstiga,s**********a
skitkonstigt,s**********t
skitläckert,s*********t
skitlätt,s******t
skitlöjliga,s*********a
skitlöjligt,s*********t
skitlön,s*****n
skitlöner,s*******r
skitlag,s*****g
skitland,s******d
skitliberal,s*********l
skitligan,s*******n
skitliv,s*****v
skitlukten,s********n
skitmål,s*****l
skitmat,s*****t
skitmatch,s*******h
skitmatchen,s*********n
skitmedicin,s*********n
skitmusik,s*******k
skitnödig,s*******g
skitnödigt,s********t
skitnöjd,s******d
skitnöjda,s*******a
skitnervös,s********s
skitobehagligt,s************t
skitont,s*****t
skitpappa,s*******a
skitprat,s******t
skitprogrammet,s************t
skitprylar,s********r
skitroliga,s********a
skitroligt,s********t
skitsäsong,s********g
skitsak,s*****k
skitsaker,s*******r
skitsida,s******a
skitskyttar,s*********r
skitsmarta,s********a
skitsnackare,s**********e
skitsnacksmejl,s************l
skitsnygg,s*******g
skitsnygga,s********a
skitställe,s********e
skitstövel,s********l
skitstöveln,s*********n
skitstövlar,s*********r
skitstövlarna,s***********a
skitstark,s*******k
skitstressad,s**********d
skitsura,s******a
skitsvårt,s*******t
skitsystem,s********m
skittaskig,s********g
skittaskiga,s*********a
skittjock,s*******k
skitträff,s*******f
skittråkig,s********g
skittråkigt,s*********t
skittufft,s*******t
skitviktig,s********g
skitviktigt,s*********t
skitvillkor,s*********r
slampa,s****a
slyna,s***a
slyngel,s*****l
småjävlig,s*******g
snorunge,s******e
spaggarna,s*******a
spagge,s****e
spermaharen,s*********n
stockholmsjävlar,s**************r
stridspittar,s**********r
svarting,s******g
svartingar,s********r
svartingarna,s**********a
svartingen,s*******n
svartskallar,s**********r
svartskallarna,s************a
svartskalle,s*********e
svennehora,s********a
tölp,t**p
tamejfan,t******n
tattare,t*****e
tattarjänta,t*********a
tattarna,t******a
tjackhora,t*******a
tjackluder,t********r
tjockis,t*****s
vibrationslösfitta,v****************a
vildknull,v*******l
zigenare,z******e
zigenarstuk,z*********k
