乳房性交,****
他妈,**
他妈的,***
他媽,**
你妈的屄,你***
你妈的逼,你***
你妈逼,你**
傻B,傻*
傻屄,傻*
傻逼,傻*
兽交,**
勃起,**
口交,**
叼你妈的小屁屁,*******
后背体位,****
吮吸阴茎,****
奸尸,**
奸虐,**
妓女,**
姦童,**
婊子,**
嫩逼,**
射精,**
屁眼,**
屄,*
屄缝,**
屌,*
屌你老妈,****
干你妈,***
干你娘的,****
幼交,**
性奴,**
我操,**
我日,**
我靠,**
我靠你老娘,我****
捅你,**
捅我,**
插他,**
插你,**
插她,**
插我,**
插死你,***
操,*
操B,**
操他妈,***
操你,*你
操你大爷,****
操你妈,***
操你妈的B,****
操你妈的大鸡巴,*******
操你妈的逼,*****
操你妹,***
操你姥姥,****
操你娘,***
操你娘老鸡巴,******
操你屁眼,****
操我,**
操死,**
操逼,**
日你,*你
日你妈,***
日你妈的,***的
日你龟儿子,*****
深喉,**
滚你娘的逼,*****
混蛋,**
爆菊花,***
狗B,**
狗交,**
狗娘养的,狗***
狗日的,***
秃屌,**
粪便,**
肉棍,**
肉棒,**
肉洞,**
肏,*
肛交,**
肥尻,**
臭婊子,***
蠢货,**
贱B,*
轮奸,**
迷奸,**
长成个逼样,*****
阳具,**
阳萎,**
阴茎,**
阴茎,**
阴道,**
阴道,**
骚逼,**
鸡巴,**
鸡巴,**
鸡巴蛋,***
