^(?!.*([tTｔ][ｕu][jｊ][iｉ]|163|126|vagaa|live|netease|yixin)).*?([\da-z○∩_ａ-ｚＡ-Ｚ＿Α-Ωα-ωа-яА-Я⒈-⒛ⅰ-ⅹⅠ-Ⅻāáǎàēéěèīíǐìōóǒòūúǔùǖǘǚǜüêɑ?ńň?ɡāáǎàōóǒòêēéěèīíǐìūúǔùǖǘǚǜü#]{2,40}[\W\S_＿]{0,15}[\da-z○∩_ａ-ｚＡ-Ｚ＿Α-Ωα-ωа-яА-Я⒈-⒛ⅰ-ⅹⅠ-Ⅻāáǎàēéěèīíǐìōóǒòūúǔùǖǘǚǜüêɑ?ńň?ɡāáǎàōóǒòêēéěèīíǐìūúǔùǖǘǚǜü#])[^\xd2\xbb-\xfd\x9b]{0,6}[\.點点。?．,丶`][^A-Za-z0-9_\xd2\xbb-\xfd\x9b]{0,20}([℃ｃcCＣсСＧて][^A-Za-z0-9_\xd2\xbb-\xfd\x9b]{0,5}[oOｏＯōóǒò0０oOＯｏ○〇喔][^A-Za-z0-9_\xd2\xbb-\xfd\x9b]{0,5}[ＭMmｍМΜMм㎡?nNｎＮńň?])
送([^a-zA-Z一-龥0-9]|[_丷灬一丨丿乀乄丶])*黄([^a-zA-Z一-龥0-9]|[_丷灬一丨丿乀乄丶])*马|(送|发)([^a-zA-Z一-龥0-9]|[_丷灬一丨丿乀乄丶])*礼([^a-zA-Z一-龥0-9]|[_丷灬一丨丿乀乄丶])*包|(带队|收人).*?([0-9０-９①-⑩⑴-⑽一二三四五六七八九十零壹贰叁肆伍陆柒捌玖两oΟｏＯらㄧlㄋ]([^a-zA-Z一-龥0-9]|[_丷灬一丨丿乀乄丶])*){4,11}.*?[送发].{0,3}(各种)?(绝版|武器|装备|礼包|福利|枪械|钻石)
([你我][他你][媽吗]|[做作]鸡|b你妈|[x草操艹糙嘈曹漕C襙肏槽][他她你我]|破.{0,3}处|[傻煞賣烂卖]([^a-zA-Z一-龥0-9]|[_丷灬一丨丿乀乄丶])*[逼笔比b]|(北方|军团|战队|南方).{0,3}狗|狗样的|瘠薄|[x草去玩操艹糙嘈曹漕抄C襙肏槽]([^a-zA-Z一-龥0-9]|[_丷灬一丨丿乀乄丶])*[你他尼泥].{0,3}[玛马码妈杩吗母亲]|兰子|杂.{0,3}[碎种]|[被给让]狗[x草操艹糙嘈曹漕C襙肏槽]|艾滋.{0,3}[男女]|灵车|火葬场|[x草操艹糙嘈曹漕C襙肏槽].{0,3}[娘爹猫狗])
((点.{0,2}[x草操艹糙嘈曹漕襙肏槽])|嘴活|下体|少([^a-zA-Z一-龥0-9]|[_丷灬一丨丿乀乄丶])*数([^a-zA-Z一-龥0-9]|[_丷灬一丨丿乀乄丶])*民([^a-zA-Z一-龥0-9]|[_丷灬一丨丿乀乄丶])*族|汉([^a-zA-Z一-龥0-9]|[_丷灬一丨丿乀乄丶])*(族|人)|马币|窩囊廢|[卖买].{0,3}[逼B]|狗.{0,3}[籃篮].{0,3}子|接客|沙比|挂机狗|[死s].{0,3}(户口|妈|全.{0,3}家)|[买卖出售].{0,3}(透视|脚本|辅助|外G|自动瞄准)|[填甜舔腆].{0,3}[逼b])
(服务器|网络|[网網wｗ黄][易yｙ]|大[厦楼]).{0,10}(攻击|瘫痪|被[黑炸烧]|[着起]火|火灾|[暴爆被][炸炸]|倒闭|关门|垃圾|欺骗玩家)|骨干网络|宕机|要求[赔补]偿|集体(不玩|脱坑)|垃圾(游戏|[网網wｗ黄][易yｙ])|[补赔]偿(太少|不合理)
(垃圾|坑爹|太坑)(服务器|游戏|网易)|静坐|示威|游行|(要求|必须|马上|立即|[给出]的)[赔补]偿|暴动|集体要求|(网易|wy|服务器|游戏)(大[厦楼])?被?(火灾|着火|被炸|爆炸|[攻功袭打击]击|黑客|击毁|出事)|离开(游戏|天下)|倒闭|三[石屎]|王八蛋|([会要被]|竟然)回档
(laji|LJ|垃圾|垃J|L圾|脑残)([^a-zA-Z一-龥0-9]|[_丷灬一丨丿乀乄丶])*(游戏|公司|服务器|网络|某易|网易|网E|丁磊|丁三[石屎])
崴崴|河([^a-zA-Z一-龥0-9]|[_丷灬一丨丿乀乄丶])*男([^a-zA-Z一-龥0-9]|[_丷灬一丨丿乀乄丶])*[人狗]|(透视|自瞄|辅助|自动瞄准|脚本).*?[0-9０-９①-⑩⑴-⑽一二三四五六七八九十零壹贰叁肆伍陆柒捌玖两oΟｏＯらㄧlㄋ]{4,}
(cao|[叫喷]爹|菜B|阴B|全家女|骂你[爸爹]|尼玛[逼b]|T你[妈爹]|你他妈|乡巴佬|乡B|脑残|坑B|狗R|曰|狗头|菜狗|B样|你吗的)
(刷|唰|赠送|贈送).{0,5}(武器|黄金|枪支|神器|英雄币|金钻|亡灵).*?[0-9０-９①-⑩⑴-⑽一二三四五六七八九十零壹贰叁肆伍陆柒捌玖两oΟｏＯらㄧlㄋ]{4,}|货到付款|先刷后|皇冠信譽|售金钻石|增送金钻|笩刷
(穷狗|你妈的|他妈的|野爹|喊爸爸|叫爸爸|狗逼|日了狗|儍|狗屎|渣B|渣b|愺)
(菜逼|沙碧|卡机狗|挂机狗|^(草|操|衮|滚|垃圾|laji|吗的|妈的|孙子|儿子)([^a-zA-Z一-龥0-9]|[_丷灬一丨丿乀乄丶])*$|眼瞎|瞎子|哑巴|菜狗|出瘦本号|瘦本号|窝囊废|阳痿)
(MLGB|衮|沙比|萨比|撒比|弱智|脑残|坑比|瞎子|[转让][本此]号|G带|[买卖瘦售]G|你洞里|打飞机|是处女)
(反恐|枪神纪|逆战|LOL|使命召唤|COD|英雄联盟|腾讯|CS|小电影|熟女|全家死|妈死)
(吊毛|傻吊|特么|奔丧|出殡|鸟游戏|[别少]BB|傻狗|襙|骚狐狸|畜S|卖B|你爹|nima|需要[透视|自瞄|辅助|科技].*?[加|\+])
(出售|卖)([^a-zA-Z一-龥0-9]|[_丷灬一丨丿乀乄丶])*(此号|本号|该号)|蠢驴|鈤|草了|吗个比|彩笔|[此本]号(便宜|卖|出售|转让|售出)
(喷子狗|废狗|渣狗|阴狗|狗玩意|猥琐狗|穷碧|穷比|菜比|狗比|GB|啥逼|大便|吃屎|傻x|傻狗|喷粪|日你|[瞎别少]比比|T[爹爷爸]|凑尼玛)
([s狗傻杂废妈娘]([^a-zA-Z一-龥0-9]|[_丷灬一丨丿乀乄丶])*[物b逼碎]|你.{0,2}垃圾|龟儿子|萨笔|全服交流q|带打日常|废材|艹|官方群|[鸡j][巴b八]|射.{0,2}墙|射精|你全家|虐狗|你TM|狗德行|有屎|(儿子|孙子|小学生)[T踢]|(爸|爷|爹)我|穷叼|(儿子|孙子)你)
(送|售|卖|刷|唰).*?(金|黄钻|礼包|装备|钻石|号|枪).*?(加|\+|联系|密|十).*?([0-9０-９①-⑩⑴-⑽一二三四五六七八九十零壹贰叁肆伍陆柒捌玖两oΟｏOＯらㄧlㄋ]([^a-zA-Z一-龥0-9]|[_丷灬一丨丿乀乄丶])*){4,}
(爆点|报点|小学|群|疯|他是|你是|军团|战队|名将|哪只|哪条|挂|bug|虐|自瞄|票|为梦)狗|狗(一样|娘养|男女|东西|儿子|似的|眼|日|关好)
517[3３三叁彡山衫闪善栅疝扇栅姗杉扇珊煽汕讪钐⑶⒊③㈢ⅢョぅうX]|[带教].*?[卡用]BUG
坐台|作爱|阝月|钻插|足脚交|走光偷拍|纵情兵团|自慰抠穴|自慰|自拍写真|自拍美穴|自插小穴|子宫|周六性吧|中文搜性网|中年美妇
猪聾畸|欠人骑|犬交|佳静安定片|周天法|真主安拉|代考|胡江争斗|NMD|赛你娘|代写论|89动乱|新華內情|淫騷妹|流亡|血色京畿|回族人吃猪肉|独立台湾|装x|找抽吧|考设备|代办文
朱溶劑|修煉|溫B|喷尿|滾那嗎|拍肩神药|伦功|泄欲|纯一郎|tongxinglian|八九六四|台湾自由|专制|洞小口紧|粥永康|救度众生说|救度众生说|破鞋|老人政治|民意论坛|阳精
这B货|插你的嘴|是我儿子|网赚平台|全家都早点死|塞B用|死你个SB|三陪女|是太监|失散多年的亲?[爸爹爷]|射在?你吗.{0,5}[嘴B脸逼里]|你吗骑在我身上|[你的亲狗][dDｄＤ][iIiＩ][eEｅＥ]
欲仙欲死|欲仙欲浪|欲海天龙传|浴室自拍|浴室乱伦|浴尿|玉穴|玉乳|玉蒲团|诱色|诱惑视频|幼香阁|幼圖|幼交|幼妓|幼齿|幼逼
有.生没.养|装蛋|孬[种货]|[哪那拿娜]个[儿孙]举报|[唰刷耍]你个?女人|[在再]举?报我?禁[我窝沃硪]言|早泄|装[逼比币必笔弊俾碧毕壁避毙璧弼匕畀痹狴吡庇鄙妣婢芘哔秕荜BbＢｂ]货
游戏.*(诚([^a-zA-Z一-龥0-9]|[_丷灬一丨丿乀乄丶])*邀|邀([^a-zA-Z一-龥0-9]|[_丷灬一丨丿乀乄丶])*请|欢([^a-zA-Z一-龥0-9]|[_丷灬一丨丿乀乄丶])*迎)([^a-zA-Z一-龥0-9]|[_丷灬一丨丿乀乄丶])*[进近入近]([^a-zA-Z一-龥0-9]|[_丷灬一丨丿乀乄丶])*[住驻入来]
应召|隐窝窝|婬乱军团|淫汁|淫战群P|淫欲世家|淫欲日本|淫液|淫样|淫穴里骚水|淫穴|淫娃|淫图|淫丝荡袜|淫水四溅|淫水丝袜
罂[^一-龥]*粟[^一-龥]*籽|大[^一-龥]*麻|甲基苯丙胺|吗[^一-龥]*啡|冰[^一-龥]*毒|氯[^一-龥]*胺[^一-龥]*酮|毒[^一-龥]*品|钓[^一-龥]*鱼[^一-龥]*[槝島嶋岛].*日本|日本.*钓[^一-龥]*鱼[^一-龥]*[槝島嶋岛]|中日亲善|台日共荣|大[^一-龥]*(日|曰)[^一-龥]*本
淫水涟涟|淫水横溢|淫水横流|淫水翻騰|淫水爱液|淫水|淫书|淫兽学园|淫师荡母|淫声浪语|淫色贴图|淫色|淫肉诱惑|淫情|淫腔|淫妻|淫女
淫东方|淫店|淫荡贵妇|淫虫|淫痴|淫逼|淫の方程式|淫B|银民吧|陰穴|阴水|阴毛|阴精|阴茎|阴户|阴核|阴阜|阴缔|阴蒂|阴道图片
阴道|阴唇|阴部特写|阴部|阴屄|一夜性网|一夜情|一夜欢|一个风韵女人的性爱历程|一本道|野外性交|要色色|咬着龟头|摇头丸
妖媚熟母|杨思敏|阳具|艳照|艳舞淫业|艳乳|艳情小说|艳妇淫女|颜射自拍|颜骑|亚洲有码|亚洲淫娃|亚洲性虐|亚洲色情|亚洲情色网
雪腿玉胯|穴淫|穴图|穴爽|穴海|羞耻母|胸濤乳浪|性之站|性战擂台|性欲|性用品|性佣|性息|性器具|性启蒙|性奴会|性奴|性交
性奴集中营|蒙古独|大奶媽|售弹簧刀|賤人|那嗎逼|頭領墳墓管理員|轮功|九龙论坛|薩達姆|江绵恒|烂人|学运|鶏八|佛怀煽仇录|賤bi|代办发票|四六级答案|太王四神
小[^一-龥]*穴|[发法珐砝][^一-龥]*[论轮伦纶仑抡沦輪][^一-龥]*[大功]
香水型迷奸药|相奸|现代情色小说|蘚鮑|下流地带|洗肠射尿|嘻游中国|吸精少女|吸精|西洋美女|妩媚挑逗|五月天.{0.3}[网情黄色]|無毛穴|無碼電影|無碼H漫
西[^一-龥]*藏|佛[^一-龥]*教|[密秘][^一-龥]*宗
无修正|无套自拍|无套内射|无毛美少女|无码做爱|无码长片|无码淫女|无码淫漫|无码无套|无码体验|无码丝袜|无码炮图|无码精选|无码彩图|我要性交
我要官人|我就色|我就去色|我操你|窝窝客|慰春情|慰安妇|猥亵|万淫堂|玩穴|玩女大王|玩逼|完蛋操|脱内裤|吞精骚妹|凸肉优
我奸|阳痿|賣淫|华语世界论坛|末世论|帮人怀孕|共産黨|新疆限|狗娘養的|慰安妇|女被人家搞|干入|围攻警|装弹甲|开锁工具|妳马的|陽物|集体打砸|一通健康法|紅色恐怖|援交妹
我和你妈|你妈(是我|去卖)|你没妈|你妈卖了|草你小妈|[摆闹叨高磨]你妈|跟你的?妈|给.妈烧纸|你妈妈?在被窝|给你妈妈?暖身|我日李妈|你妈性交|你妈.{0,2}水好大|你个血妈|你妈怎么生你
问候.{0,5}全家|[你拟妳尼泥伱呢袮腻][妈媽].*(大傻兵|傻8|傻X)|你全家(出车祸|火葬场)|我和你妹在床上|你家女女.*吹箫|插你木亲|你父亲死|你妈蛋|你MA|臭狗|尼玛勒个B|曹泥马|^你[个妈媽]B$
外[^一-龥]{0,6}挂|[私俬][^一-龥]{0,6}[服服菔棴箙]|(([种種][^一-龥]{0,6}植|[职職][^一-龥]{0,6}[業业])[^一-龥]{0,6}[掛挂GgＧｇ])|((喊[^一-龥]{0,6}[話话]|[辅輔][^一-龥]{0,6}助|[師师][^一-龥]{0,6}[門门])[^一-龥]{0,6}([掛挂GgＧｇ]|软[^一-龥]{0,6}件))|(喊[^一-龥]{0,6}[話话]|[辅輔][^一-龥]{0,6}助)[^一-龥]?[器QqＱｑ]
吞精|性饥渴|性虎|性感诱惑|性感妖娆|性感沙滩|性感乳娘|性感肉丝|性福源|性愛|歇逼|小穴|小骚B|小嫩鸡|小姐打飞机|销魂洞
偷拍美穴|偷窥图片|偷欢|童颜巨乳|调教虐待|舔阴|舔屁眼|舔脚|舔鸡巴|舔逼|舔屄|舔B|天天情色|天天干贴图|体奸|桃园蜜洞|素人娘
酥痒|酥穴|酥胸诱惑|丝诱|足交|丝袜写真|丝袜高跟|爽穴|爽死我了|双龙入洞|乱伦|熟母|骚器|肉欲|獸交|兽欲|兽交|兽奸|手淫|释欲|食精
睡你的?([妈姐妹娘]|老婆|媳妇)|[和跟]你的?[妈姐妹娘]?([妈姐妹娘]|老婆|媳妇)睡觉?|你的?[妈姐妹娘]?([妈姐妹娘]|老婆|媳妇)[跟和].睡觉?|[操曹草].你.([妈姐妹娘]|老婆|媳妇)|你.?嘴[太真很]臭
谁有那.{0,2}网站|出售.*(AV|日本女优|无码|无病毒)|免费发好网站|自卫[Mm]{2}|网站.*你懂
手机监听器|广场事件|办理文凭|党内危机|联盟党|发骚|陰精|杜冷丁|山口組|成人电|性快感|中功|脏逼|三个代婊|台湾青年独立联盟|开苞|肉棍子|乱奸|军用手
是我们的儿子|跟你妈亲嘴|硪騲拟嘛|一条gou|你一户口本|损你妹|嫖你M|你们?家.*出车祸|^孙子[^一-龥Ａ-Ｚａ-ｚa-zA-Z]*$
世界维吾尔大会|东西南北论坛|操嫂子|强效失意药|禁书|爛B|性推广歌|和狗做|办文凭|愛滋病|末世劫难|統獨論壇|亡党|外交與方略|浪叫|暴力袭警|上訪|紅色恐|印度神油
湿穴|湿身诱惑|失身粉|圣泉学淫|生殖|生徒胸触|生奸内射|深爱色色|射颜|射爽|射奶|社区成人|舌头穴|少修正|少女被插|少妇偷情
失散多年的([爹儿孙爷外爸跌][公爷爸子跌爹孙]?|[dDＤｄ][iIＩi][eEｅＥ])
生出你这样[个的].{0,2}[儿子仔孙]|你们?家就?得死一?个?人|你[吗妈马嘛麻码玛蚂犸嬷傌嗎媽嫲嬤榪溤犘獁瑪痲碼祃禡罵蔴螞貊鎷閁馬駡鰢鷌麼麽姐MmＭｍ娘酿醸爸爹母]在我床
射墙上|[玩擦]你的?(女[儿人]|爱人)的?菊?花?|滚[回到]?[BbＢｂ逼][IiＩi]?里去?|[cCＣｃ草日干弄搞擦KkＫｋ][aAＡａ]?[oOＯｏ]?你的?[一全整]家|王八帮|草拟嘴|去你妈的[BbＢｂ逼]?|性无能|jian人帮
上你亲?爱?的?[妈姐娘酿醸爸爹母]{1,2}
傻13儿?|可怜的[儿孙]|我?[RrＲｒ][IiＩi]?内全家|[母姐妹娘].垃圾|脑[CcＣｃ]([AaＡａ][NnＮｎ])?|脑子?[出有]毛病|[母姐妹娘]亲?.?(慰安|[WwＷｗ][EeＥｅ][IiＩi].?[AaＡａ][NnＮｎ])[妇FfＦｆ][UuＵu]?
森[^一-龥]*林.{0,3}痒|哪[^一-龥]*里.{0,2}湿|水[^一-龥]*太[^一-龥]*多
色窝窝(?!头)|色书库|色五月天|色婷婷|色成人|色情|色迷城|色狼小说|色狼论坛|色界|色狐狸网址|色BB吧|色97爱|騷浪|骚姨妈|骚穴怒放
骚穴|骚水|骚乳|骚妻|骚女叫春|骚女|骚母|骚妹|骚妈|骚浪人妻|骚浪美女|骚姐姐|骚妇露逼|骚妇掰B|骚洞|骚逼喷水|骚逼|骚屄
骚B熟女|三唑仑|三陪|三八淫|三P|入穴|乳头|乳射|乳尻|乳交|乳沟|乳房|乳此丝袜|乳此丰满|乳此动人|乳爆|乳霸|肉便器|肉穴|肉箫|肉丝裤袜
氵[^一-龥]*中|亻[^一-龥]*直|扌[^一-龥]*斤
肉蒲团|肉具|肉茎|肉壶|肉棍干骚妇|肉棍|肉沟|肉感炮友|肉缝|肉洞|肉唇|肉逼|肉棒|日逼|日屄|日本有码|日本素人|灌肠|AV女优|人性本色
肉壶|鸟巢最少死|兩岸關係|政治风波|大東亞共榮|建国党|淫情女|屠杀学生|攻官小姐|芳香型智悟气功|六四受难者家属证辞|顶帖器|附送枪|大学骚乱|卖地财政|党后萎
人体摄影|人人有色论坛|人妻自拍|人妻榨乳|人妻熟女|人妻色诱|人妻交换|惹火自拍|惹火身材|群阴会|群魔色舞|群交亂舞|群交|群奸轮射
情妹妹|每周一死|李洪寬|泰奴橋警衛兵|馬英九|枪手队|赴港生子|戳那嗎逼|空虛的伊坤|騷卵|温家保|顶花心|人代会|磅遥控器|肉穴|十八摸|京地震|浓精|反腐敗論壇|港澳办
炮图|淫虐|淫奴|淫妞|淫母|淫魔|淫蜜|淫糜|淫妹|淫驴屯|淫亂|潮吹|淫流|淫浪|淫姐|淫叫|淫浆|淫秽|淫河|淫告白|淫妇自慰|淫妇
女屄|虐奴|虐恋花园|奴隷调教|奴畜抄|嫩穴肉缝|嫩穴|嫩女|嫩奶|嫩缝|嫩逼|嫩屄|嫩鲍鱼|嫩鲍|嫩B|嫐屄|男女蒲典|男女交欢
您.*(幸运用户|(获[^一-龥]{0,5}取|验[^一-龥]{0,5}证|(兑|兌)[^一-龥]{0,5}(换|取|奖|換)|核[^一-龥]{0,5}对|(領|领)[^一-龥]{0,5}(取|礼)|幸[^一-龥]{0,5}运|更换).?(号|碼|码)|被.{0,3}选)
娘两腿之间|j女|骯髒社徻|防身药水|圣女峰|办理证件|杀指南|骚逼|隱者之路|遺精|胸主席|耶苏|賤逼|酒象喝汤|陆军部署|法能功|淫语连连|吸血獸|售麻醉|共軍|網特|第二首都|瓮安|倫功|嫖俄罗|毀滅步兵|胡温|平惨案|江賊民|丘垂貞|學聯|迷魂香|爆发骚|頇|烟草局|刘伯承|等人手术|洪志
你[^一-龥Ａ-Ｚａ-ｚa-zA-Z]*[的们门門們]?[^一-龥Ａ-Ｚａ-ｚa-zA-Z]*[吗妈嘛麻码玛蚂犸嬷傌嗎媽嫲嬤榪溤犘獁瑪痲碼祃禡罵蔴螞鎷馬駡鰢鷌麼麽姐MmＭｍ妹娘酿醸爸爹母][^一-龥Ａ-Ｚａ-ｚa-zA-Z]*被我?[爆暴插抽肉靠搞]
你(媳妇|老婆)的B(?![KkＫｋoOｏＯｓＳsS])|草你的女末|搞你ZHU宗|河南.{0,5}(够东西|慰安妇)|够和朱杂教|鉨鎷的|你妈是[JjＪｊ]女|[栲草].?你们?的?[姐女妹]
男根|奶子|奶挺臀翘|奶大屄肥|母子交欢|母子奸情|母女双飞|母奸|摩洛客|摸阴蒂|明星淫图|偷窥网|成人网站|A片|蜜穴|蜜桃成熟时
黽|三K黨|猪聋畸|讓你操|氵去车仑|代开发票|人民币恶搞|千禧弘法|血腥清场|阅后即焚|发票出|平反六四|jiaqinglin|口淫|东条英机|干牠|胡志明|援交|三三九乘元功
蜜洞|密穴贴图|密穴|密室淫行|秘裂|秘唇|迷药|迷情药|迷情粉|迷奸|迷魂药|迷幻药|咪咪图片|猛插|猛操狂射|蒙汗药|魅惑巨乳|媚药少年
妹妹阴毛|妹妹骚图|美幼|美穴|美臀嫰穴|美臀夹阴|美腿丝足|美体艳姿|美骚妇|美乳|美女走光|美女高潮|美女成人|梅花屄|梅毒
露逼|露屄|露B|鹿城娱乐|漏逼|六月联盟|流淫|流蜜汁|淋病|亮穴|亮屄|莲花逼|连続失禁|丽春苑|老师的小穴|老少乱伦|浪穴|浪女
六\.四|异见人士|一党专制|胡进涛|屄|拽逼|操t|复印件制|吴仪|僵贼民|贷办|妈比|伦理电影|清华帮|贪官也辛|手机魔卡|分裂祖国|插妳|偷拍|asiangirl|红外透视|应子弹|钓鱼台|蒙古鞑子|近亲相奸|乳頭|他媽|熟妇|卖国|北京黑幕|胡緊掏|飛揚論壇|瑞安事件|贼民|卖枪|媽的|共字玄机
浪叫|浪妇|狼友|狂乳激揺|狂插|狂操|快乐AV|跨下呻吟|胯下呻吟|口淫|口射|口内爆射|口交|口活|口爆|抠穴|开苞|大白腚|巨骚|巨乳素人
来咬你的?[爷爸爹]?[爷爸爹]|你这[只个]#0?7(?!\d)|你[是个只]日本狗|[没无][娘妈母]管的[孙儿]子|[儿孙]子.{0,2}爹|玩你的?丈母娘|给你全家买盒子
来看(劳资|老子|我)[和跟]你们?的?[MmＭｍ妈姐妹娘女]?[MmＭｍ妈姐妹娘女]表演|被我曰|[SsＳｓ][HhＨｈ]?[IiＩi]一户口本|生出你这垃圾|畜胜
口[^一-龥]*袋[^一-龥]*巴[^一-龥]*士|芳[^一-龥]*芳[^一-龥]*手[^一-龥]*游|魔[^一-龥]*域|玉[^一-龥]*米[^一-龥]*金[^一-龥]*店
巨乳俏女医|巨乳|巨炮兵团|巨奶|巨屌|菊花蕾|菊花洞|就去诱惑|就去色色|就去日|酒店援交|警奴|精子|精液榨取|精液浴|精液|经典炮图|近親相姦
菊爆|薄瓜瓜|身份生成器|夺权|64惨案|麻果配|麻醉钢枪|江青|9坪|鄧笑貧|屌七|逼樣|爛貨|李月月鳥|它他妈|幹一家|薄一波|卖发票|傻鳥|无界|鴿派|小比樣|成人图|血溅人民天堂|江則民|軍妓|毛一鲜|爆破|淫靡|鄭義|尹慶民|江独裁|聂荣臻|昏药|孟建柱
茎肛互撸哇|淫得一手好湿|淫尸做乐|乳来伸掌|小心胸器|七尺大乳|观阴大湿|乳次多交|以茎治洞|阴插阳搓|助你好孕|睾大威猛|穷(孙子|孙子|儿子)|眼瞎|求举报|举报老子
近亲相奸|紧穴|紧缚凌辱|金毛穴|金鳞岂是池中物|街头扒衣|叫床|脚交|交换夫妻|江猪媳|江八点|贱逼|监禁陵辱|姦淫|姦染|奸幼|奸淫电车
交流[裙群群]|衤君
交[^一-龥]{0,3}易[^一-龥]{0,3}猫
交[^一-龥]*流[^一-龥]*(群|君羊)
奸你|阿扁萬歲|骗钱|GONG党|福尔马林|避孕膜|买真枪|领土拿|十七位老部长|仆不怕饮|杨建利|买财富|顓|江氏集团|林佳龍|白黄牙签|毛厕洞|办理票据|炸立交|罂粟|烂逼|暴力执法|政变|重亚硒酸钠|嗎啡|联总|愛滋|中华昆仑女神功|司徒華|不滅帝王|烂比|嫩阴|人民真实|李旺阳|江澤慧
假阳具插穴|寂寞自摸|妓女|集体淫|集体性爱|极品奶妹|极品黑丝|极品波神|极品波霸|极品白虎|鷄巴|激凸走光|激情小说|激情贴图
加油机干扰器|媒体封锁|肘永康|针孔摄像机|狗j巴|马英九|东京热|姐包夜|彩票选号机|j8|XX功|臺灣建國運動組織|64memo|奸她|亲共媒体|民进党
黄[^一-龥]*色[^一-龥]*视[^一-龥]*频|戴[^一-龥]*套|[骚色][^一-龥]*女|水.*多.*感觉|插.*舒[^一-龥]*服
欢乐性今宵|欢欢娱乐时空|花样性交|护士诱惑|互淫|互舔淫穴|蝴蝶逼|后庭专区|后庭器具|鸿图记|黑毛屄|黑逼|黑屄|好色女
胡耀邦|政治反对派|親民黨|东正教|禅密功|莖候佳陰|新闻总署态度蛮横|上海帮|涛一样胡|买卖枪支|共铲党|丽媛离|足交|大法修炼者|干X|操鶏|獨裁|卖QQ|胡紧套
豪乳|含屌|国产无码|国产偷拍|国产骚货|国产嫖娼|国产AV|鬼輪姦|鬼畜轮奸|龟头对准阴道|灌满精液|勾魂少妇|公媳乱
鬼村|售一元硬|轮大|发贴机|工自联|地磅解码器|江蛤蟆|東京熱|连发手|鶏女|自烧|布什|塞你母|哈狗帮|賈育台|保密局|緱|屠殺|美国佬|驶你娘|枪声|属灵教|恶党|渊盖苏文|真钱斗地|九抨|陰部|皇家轮盘|特务机构|阳物|鬥士霍克|冤民大同盟|骚包|吉跋猫|十七大权力争霸战|支那|八九风波
龟[孙儿]|出门被撞[SsＳｓ屎]|透你[一整]家|李?宗?瑞?[^一-龥]*艳兆门?|[PpＰｐ][IiＩi]眼|奖励内定
狗[孩孙]子|跟狗那么[像样]|弄[^一-龥]*你[^一-龥]*妈|条狗(在吗|滚|衮)|装.的狗|都被叫儿子了|狗.*条狗|就是.{0,10}[1１一]条狗|[操骗]了?[Ν尼泥][玛马妈]|问[猴侯候].{0,6}(18|十八)代|[123一二三][条只]狗在[不吗]
狗[Bb痹比逼畀币弼]网易|全体抗议|尼玛网易
狗[^一-龥]*[Bb痹逼]|肛[^一-龥]*门|狗屎吃多|骂你祖宗|天天骂你
共产|狂淫|考前答|wubangguo|傅作義|铁血师|防身枪|发课|策没有不|藏獨|麻醉枪|妹上门|社会安全号码生成|沈昌人体科技|媽比|滾那嗎老比|渣波波|学骚乱|人在云上|苯比|法克鱿|持不同政見|shit|迷昏药|jzm|夜激情|代写论文|她媽|亚砷（酸）酐|登輝|大啵|蜜穴|世界经济导报
恭[^一-龥]*喜.*（抽|选）
给你妈去看性病|装你妈|曹李妈|日过你妈|你妈个蛋|你家的妈|你妈妈?的骚活|你妈XXOO|他妈买.?棺.?材|奸了你妈|操聂妈|凸你妈|操捏妈|你丫的妈|庄尼妈|骗你妈的?(处|初夜)
给你(亲爱)?的?(母亲|[吗妈马嘛麻码玛蚂犸嬷傌嗎媽嫲嬤榪溤犘獁瑪痲碼祃禡罵蔴螞貊鎷閁馬駡鰢鷌麼麽姐MmＭｍ娘酿醸爸爹母]).?(看病|烧纸)
睾丸|高清性愛|高级逼|高潮集锦|高潮白浆|肛栓|肛门拳交|肛门喷水|肛交|肛屄|幹砲|幹炮|干穴|夫妻自拍|夫妻乱交
夫妻俱乐部|夫妻多p|夫妻3p|疯狂抽送|风艳阁|风骚欲女|风骚淫荡|丰唇艳姬|粉穴|粉红穴|粉屄|肥逼|扉之阴|放荡熟女|放荡少妇宾馆|放荡少妇
发票销|身份证号码产生器|骚的可以|幹死|fangong|氢弹|耶稣基督血水圣灵全备福音布道团|杀害学生|你tm|吹箫|塔利班|嫩逼|党禁|私處|台湾共和国|买枪|政治犯
二穴中出|堕淫|多人性愛|多人轮|对准桃源洞口|毒龙舔脚|动漫色图|東洋屄|东热空姐|东北xx网|丁字裤翘臀|丁香社区|点色论坛
第[^一-龥]*三[^一-龥]*方[^一-龥]*(软[^一-龥]*件|工[^一-龥]*具)
低[^一-龥]*折[^一-龥]*号|好[^一-龥]*力[^一-龥]*金[^一-龥]*库
盗撮|蕩妹|荡女|荡妇|带套肛交|大众色情成人网|大奶头|大奶骚女|大奶美逼|大乱交|大力抽送|大鸡巴|大花逼|大胆少女|大胆出位|大波骚妇
大波粉B|打野炮|春药|春光外泻|处女开包|抽插仿真|赤裸天使|耻辱轮奸|痴乳|吃鸡巴|成人自拍|成人小说
出门被车装|偷你妈的?臊子|一群疯([GgｇＧ][OｏＯo][UuuＵ])|([ckKCＣｃＫｋ][AＡａa][OｏＯo])你家女|瞎.{0,5}狗眼|你们家的?女性|我和你妈.*[草操曹槽肏插差搞]
成人午夜场|成人文学|成人图片|成人社区|成人片|成人论坛|成人黄站|成人仿真|成人导航|成人抽插|成人百强|成人bt|成人A片|潮喷|朝天穴
超毛大鲍|猖妓|插阴茎|插阴|插穴止痒|插穴手淫|插穴|插入内射|插后庭|插比|插逼|插暴|厕所偷拍|厕所盗摄|厕奴|肏|操肿|操穴喷水
草你乃|你[娘酿醸母]的|你家女人[跟和](牲口|我)性交|你家有人出殡|塞你老玛|我([ck]ao|ri)你(nai|ma)|射了?你[妈码吗麻]{1,2}.{0,2}脸|鈤你妹|娘了个逼|擦你一?户口
曹你一户口本|你老婆交给我|你妹的黑木耳|完你妈没给钱|你妈肛|你妈的月经|你全家烂屁股|尻嫩的?[^一-龥Ａ-Ｚａ-ｚa-zA-Z]*妈妈?.?B|插进去一定很紧
糙[^一-龥]{0,5}你[^一-龥]{0,5}吗
操穴|操妻|操你妈|操母狗|操烂|操黑|操比|操逼|操屄|操B指南|苍蝇水|采花堂|不良少女日记|宾馆女郎
碧香亭|逼痒|逼毛|逼奸|屄毛|屄屄特写|本土无码|北京xx网|爆乳人妻|爆乳娘|爆乳|暴淫|暴乳|暴力虐待|暴奸|百凤宫
百[^一-龥]{0,3}度.{0,5}搜.*(回[^一-龥]{0,3}馈[^一-龥]{0,3}礼[^一-龥]{0,3}包|[领抽][^一-龥]{0,3}[取奖])
白液四溅|白嫩骚妇|白浆四溅|白虎阴穴|白虎小穴|白虎少妇|白虎嫩B|掰穴皮卡丘|掰穴打洞|掰穴|拔屄自拍|拔屄|扒穴|扒屄|肮脏美学
按[^一-龥]*摩[^一-龥]*女|推[^一-龥]*油
安眠藥|新華通論壇|成佛做主|北美自由論壇|华藏功|蘇特勤|89惨剧|香港独立|政權|摩门教|华夏论坛|煉功|杀你全家|性欲|民主党|伊斯兰|四博会|核武器|透视仪
爱幼阁|爱液横流|爱液|爱图公园|爱妻淫穴|Ｘ到噴屎尿|xiao77|援交|sm调教|SM舔穴|SM女王|sex吧|porn|petgirl
f([^a-zA-Z一-龥0-9]|[_丷灬一丨丿乀乄丶])*u([^a-zA-Z一-龥0-9]|[_丷灬一丨丿乀乄丶])*c([^a-zA-Z一-龥0-9]|[_丷灬一丨丿乀乄丶])*k|b([^a-zA-Z一-龥0-9]|[_丷灬一丨丿乀乄丶])*i([^a-zA-Z一-龥0-9]|[_丷灬一丨丿乀乄丶])*t([^a-zA-Z一-龥0-9]|[_丷灬一丨丿乀乄丶])*c([^a-zA-Z一-龥0-9]|[_丷灬一丨丿乀乄丶])*h
[陰阴][^一-龥]{0,5}[埠道缝毛肉戶水户牝膣茎唇洞]|淫[^一-龥]{0,5}[具棒唇洞叫精浪乱毛母肉乳骚舌水汤臀穴血痒液汁嘴]|膣[^一-龥]{0,5}[壁穴]|[龟龜].{0,3}[头頭]
[退腿褪煺][^一-龥]*[款]|[代带贷][^一-龥]*[连练冲铳](?!电)|序[^一-龥]*列[^一-龥]*号|直[^一-龥]*充(?!电)
[怂耸][比龟BbＢｂ](?![KkＫｋoOｏＯｓＳsS])|[草糙插衮搓][类拟呢你]的?老?[妈马嘛木]|给.{0,3}买骨灰盒|考恁娘|尔子举报我|去尼玛了个[BbＢｂ](?![KkＫｋoOｏＯｓＳsS])
[售卖买求].{0,5}([激鸡记][^一-龥]{0,6}[和活][^一-龥]{0,6}[吗马骂码]|马子)
[手奸卖]淫性(交|爱|生活)|尻|元[\\|/|包][年月人]|[赌堵睹][^一-龥]{0,6}[庄坊仿防访纺场]|恭[^一-龥]*喜.*[抽选]
[手奸卖]淫性(交|爱|生活)|尻|元[\\|/|包][年月人]
[收售].{0,9}(开局|成品).{0,6}号|推[^一-龥]*广[^一-龥]*号|内[^一-龥]*部[^一-龥]*员[^一-龥]*工|破游戏
[社射]丁?[3３三叁彡磊]?石?老婆嘴?|脑瘫|你niang|[买卖麦賣麥埋迈脉買蕒嘪](guancai|GUANCAI)|只会乱叫的够
[社射][内嫩恁]吗精?[一整满]?脸?|你全.?女[人性]的?[逼比币必笔弊俾碧毕壁避毙璧弼匕畀痹狴吡庇鄙妣婢芘哔秕荜BbＢｂ]
[啥杀傻纱沙煞刹][^一-龥]*[Bb痹比逼畀币弼笔Xx][^一-龥]*[游遊蝣][^一-龥]*[戲戏]
[日曰]您们?的?亲?妈|天天涮你|家族孙子|(孙子|怂)家族|狗篮子|穷酸样|小[BbＢｂ]崽子|[去滚]尼玛的|问候你们?.{0,6}[MmＭｍ][UuＵu]?亲
[客愙克][^一-龥]{0,3}[服菔][^一-龥]{0,4}[扣QqｑpＱ球讯抠鹅叩訊口ね筘騰群]
[可能][^一-龥]*以?[^一-龥]*视[^一-龥]*频|裸[^一-龥]*聊|激[^一-龥]*情[^一-龥]*视[^一-龥]*频|脱[^一-龥]*衣[^一-龥]*舞
[九9９]([^a-zA-Z一-龥0-9]|[_丷灬一丨丿乀乄丶])*[评坪枰平]|[三3３][^一-龥]*[退煺]|大[^一-龥]*[纪记][^一-龥]*元
[叫喊][^一-龥]*[声个下][^一-龥]*[爸爹爷]?[爸爹爷]|给你家?的?.{0,2}哭丧|我跟你家?的?.{1,2}生的?你|([中我]国)?(什么|[哪那]个?)省[分份]?的?骗[仔子]最?多
[共龚].{0,2}[党當谠]|[反返][^一-龥]*[共龚]|[反返][^一-龥]*中[^一-龥]*央
[工エ][^一-龥]{0,10}[作做][^一-龥]{0,10}[室]
[肛口性乳][^一-龥]*交
[儿孙]子[们门門們]|那么多儿子|[qQＱｑ][uUＵu][aAａＡ][nNｎＮ]家|祝[他你拟妳伱].{0,5}死光|儿子跟上
[тТΤTtＴｔтＴ]\s{0,3}[AaＡａ]\s{0,3}[BbＢｂ]\s{0,3}[AaＡａ]\s{0,3}[◎☉●σoOｏＯθаоОοΟΘ¤⊙○ɑāáǎàōóǒò0０oOＯｏ○〇]
[kK白][^一-龥]{0,3}粉|[搖摇][^一-龥]{0,3}[頭头][^一-龥]{0,3}丸|海[^一-龥]{0,3}洛[^一-龥]{0,3}因|[鸦鴉][^一-龥]{0,3}片|可[^一-龥]{0,3}卡[^一-龥]{0,3}因|冰[^一-龥]{0,3}毒|迷[^一-龥]{0,3}幻[^一-龥]{0,3}[药藥]|迷[^一-龥]{0,3}[药藥]|嗨[^一-龥]{0,3}[药藥]|[性春][^一-龥]{0,3}[药藥]|毒[^一-龥]{0,3}品
[2２⒉㈡②⑵二贰][Bb比逼笔]养|驴几吧|这群龟?孙子
[\d０-９⒈⒉⒊⒋⒌⒍⒎⒏⒐⒑⑴⑵⑶⑷⑸⑹⑺⑻⑼⑽①②③④⑤⑥⑦⑧⑨零一二三四五六七八九οoOｏＯ0０oOＯОｏ○〇零久扒伍]+[元园圆][^a-zA-Z一-龥0-9_丷灬一丨丿乀乄丶]*[=:。][^a-zA-Z一-龥0-9_丷灬一丨丿乀乄丶]*[\d０-９⒈⒉⒊⒋⒌⒍⒎⒏⒐⒑⑴⑵⑶⑷⑸⑹⑺⑻⑼⑽①②③④⑤⑥⑦⑧⑨零一二三四五六七八九οoOｏＯ0０oOＯОｏ○〇零久扒伍]+[WwＷｗ万萬][元园圆绿][钻宝寶賓]
[\d０-９⒈⒉⒊⒋⒌⒍⒎⒏⒐⒑⑴⑵⑶⑷⑸⑹⑺⑻⑼⑽①②③④⑤⑥⑦⑧⑨零一二三四五六七八九οoOｏＯ0０oOＯОｏ○〇零久扒伍]+[WwＷｗ万萬][元园圆绿][钻宝寶賓][^a-zA-Z一-龥0-9_丷灬一丨丿乀乄丶]*[=:][^a-zA-Z一-龥0-9_丷灬一丨丿乀乄丶]*[\d０-９⒈⒉⒊⒋⒌⒍⒎⒏⒐⒑⑴⑵⑶⑷⑸⑹⑺⑻⑼⑽①②③④⑤⑥⑦⑧⑨零一二三四五六七八九οoOｏＯ0０oOＯОｏ○〇零久扒伍]+[元园圆]
[\d０－９]{0,4}.{0,3}[万元园圆]?[=:：；;][\d０－９]{0,4}.[万元园圆].*([QqＱｑＭｍMm扣抠叩筘电]|[联聯]系|咨询|详谈)
(新手讨论|交[^a-zA-Z一-龥0-9_丷灬一丨丿乀乄丶]*流|礼[^a-zA-Z一-龥0-9_丷灬一丨丿乀乄丶]*[盒品包]).{0,20}((群|裙|君羊|企鹅)|[QqＱｑ扣秋]).{0,5}([\d０-９⒈⒉⒊⒋⒌⒍⒎⒏⒐⒑⑴⑵⑶⑷⑸⑹⑺⑻⑼⑽①②③④⑤⑥⑦⑧⑨零一二三四五六七八九οoOｏＯ0０oOＯОｏ○〇零久扒伍]{1,}[^a-zA-Z一-龥0-9_丷灬一丨丿乀乄丶]*){6,}
(视[^一-龥]{0,6}频|表[^一-龥]{0,6}演|卖[^一-龥]{0,6}身|全[^一-龥]{0,6}身|美[^一-龥]{0,6}女)[^一-龥]{0,10}(激[^一-龥]{0,6}情|脱[^一-龥]{0,6}衣|自[^一-龥]{0,6}拍|自[^一-龥]{0,6}慰|裸[^一-龥]{0,6}聊|全[^一-龥]{0,6}裸|脱[^一-龥]{0,6}光)
(拍宝?|交易)[\d０-９a-zA-ZＡ-Ｚａ-ｚ]{0,3}[城网]|[商购][\d０-９a-zA-ZＡ-Ｚａ-ｚ]{0,3}宝[\d０-９a-zA-ZＡ-Ｚａ-ｚ]{0,3}([城网]|平台)|拍[宝拍][\d０-９a-zA-ZＡ-Ｚａ-ｚ]{0,3}(交易|购物商)[城网]|(易网[\d０-９a-zA-ZＡ-Ｚａ-ｚ]{0,3}交易[商]{0,1}城)
(内[一-龥]{0,3}部|交[一-龥]{0,3}流)[GgｇＧ].*([QqＱｑＭｍMm扣抠叩筘群电]|[联聯]系|咨询|详谈)
(卖[^一-龥]{0,6}身|激[^一-龥]{0,6}情|脱[^一-龥]{0,6}衣|自[^一-龥]{0,6}拍|自[^一-龥]{0,6}慰|裸[^一-龥]{0,6}聊|全[^一-龥]?身|裸[^一-龥]{0,6}体)[^一-龥]{0,10}(视[^一-龥]{0,6}频|表[^一-龥]{0,6}演|聊[^一-龥]{0,6}天|服[^一-龥]{0,6}务)
(禮|礼|幸运|被(抽|选|评)).*((百|佰|栢).{0,3}(渡|镀|度)|(b|B|Ｂ|ｂ).{0,3}(Ａ|a|ａ|A).{0,3}(Ｉ|I|ｉ|i).{0,3}(D|Ｄ|d|ｄ).{0,3}(ｕ|Ｕ|U|u)|Q|q|ｑ|Ｑ|联系|咨询|职员)
(礼[^一-龥]*(品|包)|奖[^一-龥]*(品|励))[^一-龥]*(百|佰)[^一-龥]*度
(礼[^一-龥]*(品|包)|奖[^一-龥]*(品|励)).*(百|佰)[^一-龥]*度
(垃([^a-zA-Z一-龥0-9]|[_丷灬一丨丿乀乄丶])*圾|[坑骗黑圈吭]([^a-zA-Z一-龥0-9]|[_丷灬一丨丿乀乄丶])*钱|黑([^a-zA-Z一-龥0-9]|[_丷灬一丨丿乀乄丶])*心)([^a-zA-Z一-龥0-9]|[_丷灬一丨丿乀乄丶])*游([^a-zA-Z一-龥0-9]|[_丷灬一丨丿乀乄丶])*戏|这游戏(没人玩|坑钱)
(集体|大家|一起).{0,3}(投诉|静坐|抗议|说法|删号|抵制)
(河.?南|河.?北|山.?西|陕.?西|广.?东|内.?蒙|上.?海|浙.?江|江.?苏|北.?京)[^一-龥]{0,10}(傻.?逼|煞.?笔|[狗猪]|麻.?痹|SB|妈B|垃.?圾|JB|老.?母|祖.?宗|吃.?屎|孙.?子|强.?奸|强.?jian|qiang.?奸|得.{0,3}癌|死.?全.?家)
(河.?南|河.?北|山.?西|陕.?西|广.?东|内.?蒙|上.?海|浙.?江|江.?苏|北.?京).{0,10}(傻.?逼|煞.?笔|[狗猪]|麻.?痹|SB|妈B|垃.?圾|JB|老.?母|祖.?宗|吃.?屎|孙.?子|强.?奸|强.?jian|qiang.?奸|得.{0,3}癌|死.?全.?家)
(喊[^一-龥]{0,6}[話话]|[辅輔][^一-龥]{0,6}助)[^一-龥]?[器QqＱｑ]|(洗|清)黑货
(各位|大家|百度|浏览器|google|网[页网站]).*(登陆|[找打]|搜索).*(礼[包物品]|回馈|大豪礼|抽奖|领奖|刚领)
(发|给|送|领|获).*庆[^一-龥]*典[^一-龥]*礼[^一-龥]*包|庆[^一-龥]*典[^一-龥]*礼[^一-龥]*包.*(发|给|送|领|获)
(丁|[DdＤｄ][IiＩi][NnＮｎ][GgＧｇ]).{0,3}([磊雷]|[LlＬｌ][EeＥｅ][IiＩi]|三石|3石).{0,3}[妈爸爹奶娘母父爷姐妹公婆女马酿姥孙]
(出售|卖).*(软件|脚本)|[全整][服副区區](所有|全部)?的?(人|玩家)?[给給][爺爷爹爸][跪滚草日曰干]|你.{0,2}妈.{0,2}个.{0,2}[BbＢｂ]
(冲|充|chong)([^a-zA-Z一-龥0-9]|[_丷灬一丨丿乀乄丶])*(tui|退)
(百|佰)[^一-龥]*度.*搜.*(礼[^一-龥]*(包|品)|奖[^一-龥]*(品|励))
(V|weixin|薇威微维唯)([^a-zA-Z一-龥0-9]|[_丷灬一丨丿乀乄丶])*(信|xin|新)
(G[^一-龥\da-zA-ZＡ-Ｚａ-ｚ]*M|[KkｋＫ][FfｆＦ][ZzｚＺ]|网[^一-龥\da-zA-ZＡ-Ｚａ-ｚ]*易|WY|开[^一-龥\da-zA-ZＡ-Ｚａ-ｚ]*发[^一-龥\da-zA-ZＡ-Ｚａ-ｚ]*[猪组])[我硪偶][擦草操曹槽糙嘈嶆愺慒懆肏蓸褿襙鄵鏪鐰騲插叉衩汊檫杈锸偛嵖扠挿捈揷肞臿芆訍釵鍤鑔钗靫]
(G[^一-龥\da-zA-ZＡ-Ｚａ-ｚ]*M|[KkｋＫ][FfｆＦ][ZzｚＺ]|网[^一-龥\da-zA-ZＡ-Ｚａ-ｚ]*易|WY|开[^一-龥\da-zA-ZＡ-Ｚａ-ｚ]*发[^一-龥\da-zA-ZＡ-Ｚａ-ｚ]*[猪组])[擦草操曹槽糙嘈嶆愺慒懆肏蓸褿襙鄵鏪鐰騲插叉衩汊檫杈锸偛嵖扠挿捈揷肞臿芆訍釵鍤鑔钗靫][内恁嫩您你泥拟腻逆溺倪尼匿妮铌昵坭猊伲怩伱]
([无免][一-龥]{0,3}伤[一-龥]{0,3}害|第[一-龥]{0,3}三[一-龥]{0,3}方)软件
([首售艏][^一-龥]*[重充冲]|开[^一-龥]*局)[^一-龥]*[号好豪浩耗昊]|[\d一二三四五六七八九十零壹贰叁肆伍陆柒捌玖两].{0,2}[折].{0,2}[代带][^一-龥]*[充冲]
([视表婊].{0,2}[频演屏]).{0,2}(([激卖脱拖].{0,2}[情身衣依晴])|(自.?慰))|(([激卖脱拖].{0,2}[情身衣依晴])|(自.?慰)).{0,2}([视表婊].{0,2}[频演屏])
([练连莲練炼恋鰊链]|[LlＬｌ][IiＩi][AaＡａ][NnＮｎ][^一-龥]{0,10}[级級号號]|[客愙克][^一-龥]{0,3}[服菔]).*[扣QqｑpＱ抠叩口ね筘騰群].{0,3}(\d{5,11})
([练连莲練炼恋鰊链]|[LlＬｌ][IiＩi][AaＡａ][NnＮｎ][^一-龥]{0,10}[级級号號]).*[扣QqｑpＱ抠叩口ね筘騰群].{0,3}(\d{5,11})
([开|新|火]([^a-zA-Z一-龥0-9]|[_丷灬一丨丿乀乄丶])*服)([^a-zA-Z一-龥0-9]|[_丷灬一丨丿乀乄丶])*送([^a-zA-Z一-龥0-9]|[_丷灬一丨丿乀乄丶])*(礼|大礼|元宝|钻石|绿钻|礼包)
([爆暴插抽肉靠搞超草檫操曹槽肏]|kao|cao)的?你的?[吗妈马嘛麻码玛蚂犸嬷傌嗎媽嫲嬤榪溤犘獁瑪痲碼祃禡罵蔴螞貊鎷閁馬駡鰢鷌麼麽姐MmＭｍ娘酿醸爸爹母]
([八8８]([^a-zA-Z一-龥0-9]|[_丷灬一丨丿乀乄丶])*[九９9]|[六６6][四４4])[^一-龥]*([学雪血][^一-龥]*[嘲潮]|事[^一-龥]*件|屠[^一-龥]*杀|惨[^一-龥]*案)
([GCgｇＭ][MmｍＭ]|丁磊|网易|[丁叮]三石|游戏管理员|KFZ|开发[组猪]).{0,5}([伱你泥]([妈吗马蚂娘]|女马|老婆|女儿)|去死|祖宗十八代|B毛|他([妈吗马蚂娘]|老婆|女儿|女马|(太阳|日|ri)你)|[嫩大小臭傻煞][笔BbｂＢ逼比屄]|[麻痳]痹|全家.{1,2}[人性的]|亲爹|老[母木]|吃屎|断子绝孙|杂碎|尼?玛乐戈壁)
([CcＣｃGgＧｇ].?[AaＡａ].?[OoＯｏ]|[GgＧｇ].?[AaＡａ].?[NnＮｎ]|[RrＲｒ].?[IiＩi]|[FfＦｆ].?[UuＵu].?[CcＣｃ].?[KkＫｋ]|草|日)[^A-Za-zＡ-Ｚａ-ｚ一-龥]{0,6}[痹比逼畀Bb弼]
([a-zA-Zａ-ｚＡ-Ｚ][a-zA-ZＡ-Ｚａ-ｚ][\d]{2}[-_][\d]{4}[-_\s][\d]{4}[-_][\d]{4}|[a-zA-Zａ-ｚＡ-Ｚ]\s{0,5}[a-zA-Zａ-ｚＡ-Ｚ]\s{0,5}[0-9]{2}((-|_|\s)[0-9]{4}){3}|[a-zA-Zａ-ｚＡ-Ｚ]\s{0,5}[a-zA-Zａ-ｚＡ-Ｚ]\s{0,5}[0-9]{2}\s{0,5}((-|_|\s)[0-9]{4}){3})
([\da-zA-Z○∩_ａ-ｚＡ-Ｚ＿Α-Ωα-ωа-яА-Я⒈-⒛ⅰ-ⅹⅠ-ⅫāáǎàēéёЕЁěèīíǐìōóǒòūúǔùǖǘǚǜüêɑńňɡāáǎàōóǒòêēéёЕЁěèīíǐìūúǔùǖǘǚǜü#]){3,40}[^一-龥]{0,6}[點点_＿。丶、\.][^A-Za-z0-9_一-龥]{0,6}([tTｔＴ┬τΤтТㄒ丅][^A-Za-z0-9_一-龥]{0,6}[kKｋＫкКκΚ](?![A-Za-z]))
弃[^一-龥]*坑.*[换送赠][^一-龥]*(号|角色|id|號)
[刷打评]([^a-zA-Z一-龥0-9]|[_丷灬一丨丿乀乄丶])*([差槎岔][^一-龥]*[評平评屏坪]|低分|[1１①⑴一㈠⒈壹ㄧl㈡②⑵⒉2２二贰两][^一-龥0-9０-９]*[星腥惺猩])
[Tｔ].*[ｘxX].*[ｈhH].*[ｄdD].*[ｃc].*[ｚz]|[Tｔ].*[ｘxX].*[ｈhH].*[ｄdD].*[gｇ].*[fｆ]
[tｔ]([^a-zA-Z一-龥0-9]|[_丷灬一丨丿乀乄丶])*[ｇg][^一-龥]*([0-9０-９①-⑩⑴-⑽⒈-⒐㈠-㈨⑴-⑼一衣二儿尔三山四死五吴六七八九十零壹贰叁肆伍陆柒捌玖两零灵oΟｏＯらㄧlㄋ]([^a-zA-Z一-龥0-9]|[_丷灬一丨丿乀乄丶])*){4,}
[Gｇ]([^a-zA-Z一-龥0-9]|[_丷灬一丨丿乀乄丶])*[ｓs][^一-龥]*([0-9０-９①-⑩⑴-⑽⒈-⒐㈠-㈨⑴-⑼一衣二儿尔三山四死五吴六七八九十零壹贰叁肆伍陆柒捌玖两零灵oΟｏＯらㄧlㄋ]([^a-zA-Z一-龥0-9]|[_丷灬一丨丿乀乄丶])*){4,}
(退|tui)([^a-zA-Z一-龥0-9]|[_丷灬一丨丿乀乄丶])*(款|钱|qian|fei|费)
(天下|[網网ｗw][ｙy易益]).*?([黑圈坑骗蒙][^a-zA-Z一-龥0-9_丷灬一丨丿乀乄丶]*(钱|玩家)|不要.?玩|玩家都走)
(淘[^一-龥]*宝|信[^一-龥]*誉|5173|苹[^一-龥]*果|IOS)[^一-龥]*([代直秒][^一-龥]*[刷练充冲])
(淘[^一-龥]*宝|信[^一-龥]*誉|5173)[^一-龥]*(([代直秒][^一-龥]*[刷练充冲])|交[^一-龥]*易|充[^一-龥]*值)
(卖|送|买|收|shou|出售|出手|甩).*(破[^一-龥]*解|秒[^一-龥]*杀|客[^一-龥]*户[^一-龥]*端|辅[^一-龥]*助|科[^一-龥]*技)
(处理|出售|解脱)[^一-龥]*[此这本]个?[^一-龥]*([号號]|帐号|角色|ID)|[此这本]个?[^一-龥]*([号號]|角色|ID|帐号).{0,2}(处理|出售|解脱)
(?=.*(漏洞|bug|退还)).*([元鈨沅][^一-龥]*[宝寶寶]|[充冲][^一-龥]*[值钱直]|苹果|IOS|水果)
(?=.*(宝[^一-龥]*石|图[^一-龥]*谱|合[^一-龥]*成)).*(b([^a-zA-Z一-龥0-9]|[_丷灬一丨丿乀乄丶])*u([^a-zA-Z一-龥0-9]|[_丷灬一丨丿乀乄丶])*g)
(?=.*([苹平]果|IOS)).*退|退[^一-龥]*[充冲]
(?!.*?(不[黑坑圈]))[网w][^0-9a-z一-龥]*?[Y易].*?([黑坑]|圈[^0-9a-z一-龥]*?[錢钱]|搞毛|鸡巴)
(?=.*冻结).*(元[^一-龥]*宝|充[^一-龥]*值|代[^一-龥]*充)
(?=.*出售).*(号|羽毛|天机|奕剑|云麓|翎羽|角色|ID)
(?=.*(平[^一-龥]*台)).*(搜|充[^一-龥]*值|优[^一-龥]*惠|折)
(?=.*(工作室|网络|公司)).*(招[人聘工]|承接)|[工エ][^一-龥]{0,10}[作做][^一-龥]{0,10}[室]
(?=.*(工作室|网络|公司)).*(招[人聘工]|承接)
(?=.*([币弊逼BbＢｂ钱])).*(建[^一-龥]{0,6}[设行]|农[^一-龥]{0,6}[业行]|[中工][^一-龥]{0,6}行|招[^一-龥]{0,6}行|工[^一-龥]{0,6}商|邮[^一-龥]{0,6}政|网[^一-龥]{0,6}银|汇[^一-龥]{0,6}款|农[^一-龥]{0,6}行)
(?=.*((礼|禮)[^一-龥]{0,3}[包品]|奖[^一-龥]{0,3}[励品]|回[^一-龥]{0,3}馈)).*((百|佰|栢).{0,3}(渡|镀|度)|(b|B|Ｂ|ｂ).{0,3}(Ａ|a|ａ|A).{0,3}(Ｉ|I|ｉ|i).{0,3}(D|Ｄ|d|ｄ).{0,3}(ｕ|Ｕ|U|u))
((胸罩|内裤|生巾|孕套).{0,30}){2,10}
((小|本人?)[女钕籹釹汝]|无聊).*[鸡jJ几机即肌ｊＪ][情QqｑＱ].?([聊窷]|liao|LIAO)
((禮|礼).{0,5}(包|品)).*(收|够买|卖)
((催|迷)情|性欲)((酒|粉|剂|水|素|液|丸)|咖啡|汽水|女郎|砂糖|香精|香水)
((百|佰|栢).{0,3}(渡|镀|度)|(b|B|Ｂ|ｂ).{0,3}(Ａ|a|ａ|A).{0,3}(Ｉ|I|ｉ|i).{0,3}(D|Ｄ|d|ｄ).{0,3}(ｕ|Ｕ|U|u)).{0,3}(搜|捜|艘|艘|叟|嗖|溲|馊|嗖|螋|瞍)
(([\d０-９A-Za-zＡ-Ｚａ-ｚΑ-Ωα-ωа-яА-Я㈠-㈩①-⑩⑴-⒇⒈-⒛ⅰ-ⅹⅠ-Ⅻāáǎàēéěèīíǐìōóǒòūúǔùǖǘǚǜüêɑńň?ɡāáǎàōóǒòêēéěèīíǐìūúǔùǖǘǚǜü][^一-龥]{0,3}){3}).{0,3}[\.點电点、。·．丶`][^A-Za-z0-9]{0,6}([oOｏＯōóǒò0０oOＯｏ○〇][^A-Za-z0-9]{0,3}[rRｒＲ][^A-Za-z0-9]{0,3}[gGｇＧɡ])
([YyｙＹㄚγУ￥歪丘￥扣QqｑpＱ球讯抠鹅叩訊口ね筘□邱丘]|频[^一-龥]*道|微[^一-龥#]*信|陌[^一-龥]*陌)[^一-龥#]*([0-9０-９①-⑩⑴-⑽一二三四五六七八九十零壹贰叁肆伍陆柒捌玖两oΟｏＯらㄧlㄋ]([^a-zA-Z一-龥0-9#]|[_丷灬一丨丿乀乄丶])*){4,}
(([YyｙＹㄚγУ￥歪丘￥扣QqｑpＱ球讯抠鹅叩訊口ね筘□邱丘]|频[^一-龥]*道))[^一-龥#]*([0-9０-９①-⑩⑴-⑽一二三四五六七八九十零壹贰叁肆伍陆柒捌玖两oΟｏＯらㄧlㄋ]([^a-zA-Z一-龥0-9#]|[_丷灬一丨丿乀乄丶])*){4,}
[扣QqｑpＱ球讯抠鹅叩訊口ね筘□秋邱丘][^一-龥#]*([0-9０-９①-⑩⑴-⑽一二三四五六七八九十零壹贰叁肆伍陆柒捌玖两oΟｏＯらㄧlㄋ]([^a-zA-Z一-龥0-9#]|[_丷灬一丨丿乀乄丶])*){4,}
([倒岛蹈洗盗盜]|[dDｄＤ][ａaAＡ][ｏoOＯ0])[^一-龥]{0,6}[号皓耗號浩]|[扣QqｑpＱ球讯抠鹅叩訊口ね筘@□加邱丘]([^a-zA-Z一-龥0-9]|[_丷灬一丨丿乀乄丶])*[群组]|君羊|裙|[扣QqｑＱ]([^a-zA-Z一-龥0-9]|[_丷灬一丨丿乀乄丶])*[扣QqｑＱ]|[Ｑq]([^a-zA-Z一-龥0-9]|[_丷灬一丨丿乀乄丶])*[ｕu]([^a-zA-Z一-龥0-9]|[_丷灬一丨丿乀乄丶])*[ｎn]|(?=.*号).*冻[^一-龥]*结|[加+求入进来][^一-龥]*群|群[^一-龥]*号
(([\d０-９A-Za-zＡ-Ｚａ-ｚΑ-Ωα-ωа-яА-Я㈠-㈩①-⑩⑴-⒇⒈-⒛ⅰ-ⅹⅠ-Ⅻāáǎàēéěèīíǐìōóǒòūúǔùǖǘǚǜüêɑńň?ɡāáǎàōóǒòêēéěèīíǐìūúǔùǖǘǚǜü][^一-龥]{0,3}){3}).{0,3}[\.點电点、。·．丶`][^A-Za-z0-9]{0,6}([℃ｃcCＣсСＧて][^A-Za-z0-9]{0,3}[nNｎＮńňηиИйЙлЛпПΠπ])
(([\d０-９A-Za-zＡ-Ｚａ-ｚΑ-Ωα-ωа-яА-Я㈠-㈩①-⑩⑴-⒇⒈-⒛ⅰ-ⅹⅠ-Ⅻāáǎàēéěèīíǐìōóǒòūúǔùǖǘǚǜüêɑńň?ɡāáǎàōóǒòêēéěèīíǐìūúǔùǖǘǚǜü][^一-龥]{0,3}){3}).{0,3}[\.點电点、。·．丶`][^A-Za-z0-9]{0,6}([nNｎＮńň?][^A-Za-z0-9]{0,3}[eEｅＥēéěèê][^A-Za-z0-9]{0,3}[tTｔＴ])
([\da-z○∩_ａ-ｚＡ-Ｚ＿Α-Ωα-ωа-яА-Я⒈-⒛ⅰ-ⅹⅠ-Ⅻāáǎàēéěèīíǐìōóǒòūúǔùǖǘǚǜüêɑ?ńň?ɡāáǎàōóǒòêēéěèīíǐìūúǔùǖǘǚǜü#]{2,40}[\W\S_＿]{0,2}[\da-z○∩_ａ-ｚＡ-Ｚ＿Α-Ωα-ωа-яА-Я⒈-⒛ⅰ-ⅹⅠ-Ⅻāáǎàēéěèīíǐìōóǒòūúǔùǖǘǚǜüêɑ?ńň?ɡāáǎàōóǒòêēéěèīíǐìūúǔùǖǘǚǜü#])[^一-龥]{0,6}[\.點点。·．,丶`][^A-Za-z0-9_一-龥]{0,6}([℃ｃcCＣсСＧて][^A-Za-z0-9_一-龥]{0,3}[oOｏＯōóǒò0０oOＯｏ○〇][^A-Za-z0-9_一-龥]{0,3}[ＭMmｍМΜMм㎡?nNｎＮńň])
^(?!.*([тТΤTtＴｔтＴ][AaＡａ][BbＢｂ])).*([тТΤTtＴｔтＴ]\s{0,3}[ＡａaA]\s{0,3}[◎☉●σoOｏＯθаоОοΟΘ¤⊙○ɑāáǎàōóǒò0０oOＯｏ○〇]\s{0,3}[bＢｂB]\s{0,3}[ａＡaA]\s{0,3}[◎☉●σoOｏＯθаоОοΟΘ¤⊙○ɑāáǎàōóǒò0０oOＯｏ○〇]|[5５⒌⑸⑤㈤伍五](\s|[^一-龥a-zA-Z\d]){0,5}[l!！1iIｉＩīíǐì！一壹１⒈①⑴㈠Ⅰ](\s|[^一-龥a-zA-Z\d]){0,5}[7７⒎⑺⑦㈦柒七](\s|[^一-龥a-zA-Z\d]){0,5}[⒊⑶③㈢三叁3３]|[陶桃淘][^一-龥]{0,5}[宝])
消[^一-龥]{0,6}息[^一-龥]{0,6}员|进入.*得(银子|礼[品包]|奖[品励])|删[^一-龥]{0,6}号
([AａＡa]([^A-Za-z0-9_一-龥]|[一丨]){0,5}[EｅＥe]|[TtＴｔт]([^A-Za-z0-9_一-龥]|[一丨]){0,5}[KkＫｋkｋκＫｋ]|[卡抗坑吭康亢糠慷]([^A-Za-z0-9_一-龥]|[一丨]){0,5}[姆木母]|[℃ｃcCＣсСＧて]([^A-Za-z0-9_一-龥]|[一丨]){0,5}[oOｏＯōóǒò0０oOＯｏ○〇]?([^A-Za-z0-9_一-龥]|[一丨]){0,5}[ＭMmｍМΜMм㎡]).*(登[^一-龥]{0,3}[陆入录]|获|补[^一-龥]{0,3}偿|礼[^一-龥]{0,3}[包品]|奖[^一-龥]{0,3}励|领|填|登[^一-龥]{0,3}入|送[^一-龥]{0,3}(元[^一-龥]{0,3}宝|银[^一-龥]{0,3}子))
(登[^一-龥]{0,3}[陆录入]|获|补[^一-龥]{0,3}偿|礼[^一-龥]{0,3}包|奖[^一-龥]{0,3}励|领|填).*([TtＴｔт]([^A-Za-z0-9_一-龥]|[一丨]){0,5}[KkＫｋkｋκＫｋ]|[卡抗坑吭康亢糠慷]([^A-Za-z0-9_一-龥]|[一丨]){0,5}[姆木母]|[℃ｃcCＣсСＧて]([^A-Za-z0-9_一-龥]|[一丨]){0,5}[oOｏＯōóǒò0０oOＯｏ○〇]?([^A-Za-z0-9_一-龥]|[一丨]){0,5}[ＭMmｍМΜMм㎡])
((([黄黃皇煌簧璜磺潢篁蟥穔櫎媓獚墴熿鱑hHｈＨaAａＡаАāáǎàɑ]|[yYｙＹ][^A-Za-z0-9_一-龥]{0,6}[eEｅＥ][^A-Za-z0-9_一-龥]{0,6}[lLｌＬ]{2}[^A-Za-z0-9_一-龥]{0,6}[oOｏＯ][^A-Za-z0-9_一-龥]{0,6}[wWｗＷ])[^A-Za-z0-9_一-龥]{0,6}(([色涩铯銫]|[sSｓＳ][^A-Za-z0-9_一-龥]{0,6}[eEｅＥēéěèê])[^A-Za-z0-9_一-龥]{0,6})?)|[成城大][^A-Za-z0-9_一-龥]{0,6}[人魜]|[情请箐清青][^A-Za-z0-9_一-龥]{0,6}([色涩铯銫]|[sSｓＳ][^A-Za-z0-9_一-龥]{0,6}[eEｅＥēéěèê])|([色涩铯銫]|[sSｓＳ][^A-Za-z0-9_一-龥]{0,6}[eEｅＥēéěèê])[^A-Za-z0-9_一-龥]{0,6}[情请箐清青]|激[^A-Za-z0-9_一-龥]{0,6}[情请箐清青]|[aAａＡаАāáǎàɑ][^A-Za-z0-9_一-龥]{0,6}[vVｖＶ片带])[^A-Za-z0-9_一-龥](电[^A-Za-z0-9_一-龥]{0,6}影|视[^A-Za-z0-9_一-龥]{0,6}频|录[^A-Za-z0-9_一-龥]{0,6}像|[ＭMmｍМΜMм㎡][^A-Za-z0-9_一-龥]{0,6}[oOｏＯōóǒò0０oOＯｏ○〇][^A-Za-z0-9_一-龥]{0,6}[vVｖＶ][^A-Za-z0-9_一-龥]{0,6}[iIｉＩīíǐì][^A-Za-z0-9_一-龥]{0,6}[eEｅＥēéěèê]|[fFｆＦ][^A-Za-z0-9_一-龥]{0,6}[iIｉＩīíǐì][^A-Za-z0-9_一-龥]{0,6}[lLｌＬ][^A-Za-z0-9_一-龥]{0,6}[ＭMmｍМΜMм㎡]|影[^A-Za-z0-9_一-龥]{0,6}片)
(([黄黃煌簧璜磺潢篁蟥穔櫎媓獚墴熿鱑]|[yYｙＹ][^一-龥]{0,6}[eEｅＥ][^一-龥]{0,6}[lLｌＬ]{2}[^一-龥]{0,6}[oOｏＯ][^一-龥]{0,6}[wWｗＷ])|([色涩铯銫]|([sSｓＳ][^一-龥]{0,6}[eEｅＥēéěèê])|[成城大][^一-龥]{0,6}[人魜]|[情请箐清青][^一-龥]{0,6}([色涩铯銫]|[sSｓＳ][^一-龥]{0,6}[eEｅＥēéěèê]))|([色涩铯銫]|([sSｓＳ][^一-龥]{0,6}[eEｅＥēéěèê]))[^一-龥]{0,6}[情请箐清青]|激[^一-龥]{0,6}[情请箐清青]|[三顶頂][^一-龥]{0,6}[級级])[^一-龥]{0,3}([片罔惘辋網焹棢蛧輞誷网站]|地[^一-龥]{0,6}[址止芷]|空[^一-龥]{0,6}[间間]|[鏈链][^一-龥]{0,6}接|小[^一-龥]{0,6}[说說]|[視视][^一-龥]{0,6}[頻频]|[電电][^一-龥]{0,6}影|[錄录][^一-龥]{0,6}像)
(?=.*([陶淘Tt][^一-龥]{0,6}[Bb寶宝]|[叶葉][^一-龥]{0,6}子[^一-龥]{0,6}猪|([5５⒌㈤⑤⑸五伍][^一-龥]{0,6}[1⒈㈠①⑴一壹１l][^一-龥]{0,6}[7７七柒⒎㈦⑦⑺][^一-龥]{0,6}[3三叁３⒊㈢③⑶])|yezizhu|拍[^一-龥]{0,6}拍|paipai|taobao|tao[^一-龥]{0,6}[寶宝])).{0,6}(出[^一-龥]{0,6}售|[挂掛][^一-龥]{0,6}单|上[^一-龥]{0,6}架|交[^一-龥]{0,6}易|[買賣卖收买售])
([呆代戴玳蚮贷袋带黛帶DdＤｄ]|[DdＤｄ].?[AaＡａ].?[IiＩi])[^一-龥]{0,10}([练连孕接練煉炼]|[LlＬｌ].?[IiＩi].?[AaＡａ].?[NnＮｎ])
([黄黃皇煌簧璜磺潢篁蟥穔櫎媓獚墴熿鱑毛色涩铯射銫]|刺激|淫荡|好看|成人)[^一-龥]{0,5}([片罔惘辋網焹棢蛧輞誷网戰]|地[址止芷]|空[间間]|[鏈链]接|小[说說]|[視视][頻频]|[電电]影|[錄录][像象]|[MmＭｍ][VvＶv])
(激情(照|秀))|少妇|自[^一-龥]{0,8}慰|艳女|女优|学生妹妹|美女制服|学生制服|淫水|短裙诱惑|性感诱惑|性生活|情色|色情|嫖娼
(裸.?聊|激.?情|脱.?衣).{0,3}([女浪美骚].?女|妹.?妹|小.?姐)|[毛aAａＡаАāáǎàɑ][罔惘辋網焹棢望蛧輞誷网戰站vVｖＶ片]|激情.{0,3}([M妹女Q聊脱性]|(视.?频)|(SP))|([M妹女Q聊脱性]|(视.?频)|(SP)).{0,3}激情
[登上].{0,5}[\da-zA-Z\.]{4,10}.*(领|送|拿|赠|得).*(礼[^一-龥]{0,3}[品包]|银[^一-龥]{0,3}[子两]|[补[^一-龥]{0,3}偿|奖[^一-龥]{0,3}励)
外[^一-龥]{0,6}挂|[私俬][^一-龥]{0,6}[服服菔棴箙]|(喊[^一-龥]{0,6}[話话]|[辅輔][^一-龥]{0,6}助)[^一-龥]?[器QqＱｑ]|([无免][一-龥]{0,3}伤[一-龥]{0,3}害|第[一-龥]{0,3}三[一-龥]{0,3}方)软件|(出售|卖|买|收|购).{0,2}(软件|木马|脚本|WG)
[kKｋＫ白][^一-龥]{0,6}粉|[搖摇][^一-龥]{0,6}[頭头][^一-龥]{0,6}丸|海[^一-龥]{0,6}洛[^一-龥]{0,6}因|[鸦鴉][^一-龥]{0,6}片|可[^一-龥]{0,6}卡[^一-龥]{0,6}因|[迷催][^一-龥]{0,6}[情魂幻][^一-龥]{0,6}[药奸藥]|迷[^一-龥]{0,6}[药藥]|嗨[^一-龥]{0,6}[药藥]|[性春][^一-龥]{0,6}[药藥]|冰[^一-龥]{0,6}毒|黑箱子信|(洗|清)黑货|罂[^一-龥]*粟[^一-龥]*籽|大[^一-龥]*麻|甲基苯丙胺|吗[^一-龥]*啡|冰[^一-龥]*毒|氯[^一-龥]*胺[^一-龥]*酮|毒[^一-龥]*品|钓[^一-龥]*鱼[^一-龥]*[槝島嶋岛].*日本|日本.*钓[^一-龥]*鱼[^一-龥]*[槝島嶋岛]|中日亲善|台日共荣|大[^一-龥]*(日|曰)[^一-龥]*本
([套淘掏陶萄綯啕匋绹鋾醄裪逃]|tao|ｔａｏ)[^a-zA-Z一-龥0-9_丷灬一丨丿乀乄丶]*([包宝保葆寶寳堡煲]|bao|ｂａｏ)|[呆贷代岱][^a-zA-Z一-龥0-9_丷灬一丨丿乀乄丶]*[充冲][^a-zA-Z一-龥0-9_丷灬一丨丿乀乄丶]*[值直]|[呆贷代岱][^a-zA-Z一-龥0-9_丷灬一丨丿乀乄丶]*[练链恋炼]
(?=.*([55唔五無唔物武誤伍屋吾吳５舞午吴务Ⅵ⒌⑤㈤⑸巫悟捂污呜乌雾勿毋晤梧诬芜妩仵忤蜈怃鼯焐鹉武痦牾浯霧務悞][^a-zA-Z一-龥0-9]{0,3}[1１ｉⅠ⒈㈠①⑴一以要药妖幺腰摇咬邀夭吆亿伊易依议忆一意壹衣][^a-zA-Z一-龥0-9]{0,3}[7７⒎⑺七齐旗企其妻奇漆器启骑期棋琪起琦岂汽欺淇崎歧凄栖泣祈][^a-zA-Z一-龥0-9]{0,3}[3３三叁彡山衫闪善栅疝扇栅姗杉扇珊煽汕讪钐⑶⒊③㈢Ⅲョぅう]|[淘掏][^一-龥]{0,3}宝|交[^一-龥]{0,3}易[^一-龥]{0,3}猫)).*(卖|出售|甩).{0,3}(号|角色|id|帐号|账号|ID)
(?=.*(群|君羊|[9就九久玖旧舅酒究救鸠灸韭９㈨⒐Ⅹ⑼⑨]([^a-zA-Z一-龥0-9]|[_丷灬一丨丿乀乄丶])*[1１ｉⅠ⒈㈠①⑴一以要药妖幺腰摇咬邀夭吆亿伊易依议忆一意壹衣]|[藤滕腾]([^a-zA-Z一-龥0-9]|[_丷灬一丨丿乀乄丶])*[讯逊迅汛卂]|[uｕ]([^a-zA-Z一-龥0-9]|[_丷灬一丨丿乀乄丶])*[cｃ]|[当档挡铛珰噹當垱筜]([^a-zA-Z一-龥0-9]|[_丷灬一丨丿乀乄丶])*[乐樂楽]|[百白佰栢竡伯]([^a-zA-Z一-龥0-9]|[_丷灬一丨丿乀乄丶])*[度镀渡]|[豌碗婉宛腕琬]([^a-zA-Z一-龥0-9]|[_丷灬一丨丿乀乄丶])*[豆逗痘窦脰]|[同铜筒桐侗峒茼垌]([^a-zA-Z一-龥0-9]|[_丷灬一丨丿乀乄丶])*[步歩埗踄]([^a-zA-Z一-龥0-9]|[_丷灬一丨丿乀乄丶])*推|[快块筷]([^a-zA-Z一-龥0-9]|[_丷灬一丨丿乀乄丶])*[用拥佣]|[3３三叁彡山衫闪善栅疝扇栅姗杉扇珊煽汕讪钐⑶⒊③㈢Ⅲョぅう]([^a-zA-Z一-龥0-9]|[_丷灬一丨丿乀乄丶])*[六6６陆⑥]([^a-zA-Z一-龥0-9]|[_丷灬一丨丿乀乄丶])*[零0０]|机([^a-zA-Z一-龥0-9]|[_丷灬一丨丿乀乄丶])*[锋峰烽]|[按胺铵桉荌侒垵安]([^a-zA-Z一-龥0-9]|[_丷灬一丨丿乀乄丶])*智|应([^a-zA-Z一-龥0-9]|[_丷灬一丨丿乀乄丶])*[用拥佣砽庸]([^a-zA-Z一-龥0-9]|[_丷灬一丨丿乀乄丶])*汇|[nｎ]([^a-zA-Z一-龥0-9]|[_丷灬一丨丿乀乄丶])*[eｅ]([^a-zA-Z一-龥0-9]|[_丷灬一丨丿乀乄丶])*[ａa]([^a-zA-Z一-龥0-9]|[_丷灬一丨丿乀乄丶])*[ｒr]([^a-zA-Z一-龥0-9]|[_丷灬一丨丿乀乄丶])*[ｍm]([^a-zA-Z一-龥0-9]|[_丷灬一丨丿乀乄丶])*[ｅe]|小([^a-zA-Z一-龥0-9]|[_丷灬一丨丿乀乄丶])*[米咪]|[9就九久玖旧舅酒究救鸠灸韭９㈨⒐Ⅹ⑼⑨久]([^a-zA-Z一-龥0-9]|[_丷灬一丨丿乀乄丶])*[游由悠])).*([礼禮][^一-龥]{0,3}包|代[^一-龥]{0,3}充)
(([拟你嫩迩他她祢恁您妳伱尔呢尼N][^一-龥]{0,10}([mM媽玛妈吗麻嗎爸爹奶嗎娘母父爷姐妹公婆女马姥孙姨死])[^一-龥]{0,5}(死了|[比B逼痹]|贱货|全家))|出门.{2,10}撞死)
((弓虽)|强).?((女干)|(火暴)|[奸爆])|[做作][^一-龥]{0,3}[爱愛]|[售卖买求].{0,5}([激鸡记][^一-龥]{0,6}[和活][^一-龥]{0,6}[吗马骂码]|马子)
([CcＣｃGgＧｇ][^A-Za-z0-9_一-龥]?[AaＡａ][^A-Za-z0-9_一-龥]?[OoＯｏ]|[GgＧｇ][^A-Za-z0-9_一-龥]?[AaＡａ][^A-Za-z0-9_一-龥]?[NnＮｎ]|[RrＲｒ][^A-Za-z0-9_一-龥]?[IiＩi]|[FfＦｆ][^A-Za-z0-9_一-龥]?[UuＵu][^A-Za-z0-9_一-龥]?[CcＣｃ][^A-Za-z0-9_一-龥]?[KkＫｋ]|[草操插日靠射擦干艹肏曰射捅尿叉曹戳搞透衮滚叼刁摸丢吊奸爆])[^A-Za-z0-9_一-龥]{0,6}([你迩他她泥祢妳伱妮尼您]|[NnＮｎ][^A-Za-z0-9_一-龥]?[IiＩi]|[TtＴｔ][^A-Za-z0-9_一-龥]?[AaＡａ]|[YyＹｙ][^A-Za-z0-9_一-龥]?[UuＵu][^A-Za-z0-9_一-龥]?[OoＯｏ]|[HhＨｈ][^A-Za-z0-9_一-龥]?[EeＥｅ][^A-Za-z0-9_一-龥]?[RrＲｒ]|[HhＨｈ][^A-Za-z0-9_一-龥]?[IiＩi][^A-Za-z0-9_一-龥]?[SsＳｓ])[^A-Za-z0-9_一-龥]{0,6}([媽嗎馬禡鎷码玛傌蚂嗎杩罵犸碼祃螞溤榪獁吗妈爸爹奶娘母父爷爺姐妹公婆女马嘴酿姥孙姨]|[MmＭｍ][^A-Za-z0-9_一-龥]?[AaＡａ]|[NnＮｎ][^A-Za-z0-9_一-龥]?[IiＩi][^A-Za-z0-9_一-龥]?[ＡａAa][^A-Za-z0-9_一-龥]?[ＮｎNn][^A-Za-z0-9_一-龥]?[ＧｇGg]|全[^A-Za-z0-9_一-龥]{0,6}家|[祖组][^A-Za-z0-9_一-龥]{0,6}[宗先]|麻[^A-Za-z0-9_一-龥]{0,6}痹|八[^A-Za-z0-9_一-龥]{0,6}代|媳[^A-Za-z0-9_一-龥]{0,6}妇|先[^A-Za-z0-9_一-龥]?人|户[^A-Za-z0-9_一-龥]?口|[有带][^A-Za-z0-9_一-龥]?穴|老[^A-Za-z0-9_一-龥]?母|亲[^A-Za-z0-9_一-龥]?([娘姐妹爹]|奶|姥))
([CcＣｃGgＧｇ][^A-Za-z0-9一-龥]?[AaＡａ][^A-Za-z0-9一-龥]?[OoＯｏ]|[GgＧｇ][^A-Za-z0-9一-龥]?[AaＡａ][^A-Za-z0-9一-龥]?[NnＮｎ]|[RrＲｒ][^A-Za-z0-9一-龥]?[IiＩi]|[FfＦｆ][^A-Za-z0-9一-龥]?[UuＵu][^A-Za-z0-9一-龥]?[CcＣｃ][^A-Za-z0-9一-龥]?[KkＫｋ]|[草操插日靠射擦干艹肏曰射捅尿叉曹戳搞透衮滚叼刁摸丢吊奸爆槽]).{0,3}([GgＧｇ][^A-Za-z0-9一-龥]{0,3}[MmＭｍ]|[KkＫｋ][^A-Za-z0-9一-龥]{0,3}[FfＦｆ][^A-Za-z0-9一-龥]{0,3}[ZzＺｚ]|[网網WwＷｗ][^A-Za-z0-9一-龥]{0,3}[易YyＹｙ])
([CcrRX贼虐草玩操懆襙嚓蹂躏扎插日靠射擦干艹肏曰射捅尿叉曹戳搞透衮滚叼刁摸吊奸爆槽察骑尻弄gG]|cao|CAO|问候|诅咒|太阳)[^一-龥]{0,6}([拟沵你嫩迩他她祢恁您妳伱尔呢尼N]|[NnＮｎ][IiＩｉ]|[TtＴｔ][AaＡａ])[^一-龥]{0,6}([亲后老大]?[mM媽玛妈吗禡鎷码玛傌蚂嗎杩罵犸碼祃螞溤榪獁爸爹奶嗎娘母父爷姐妹公婆女马姥孙姨麻]|全家|仙人|老婆|媳妇|孙子)
([草操曹槽肏插差搞日曰]|问候)[^一-龥]*[你拟妳][^一-龥]*([妈媽]|家[^一-龥]*女[^一-龥]*[性人]|全[^一-龥]*家)|你.?妈[^一-龥]*被[插草操曹槽肏插差搞]|你们?全?(家|[jJＪｊ][IiＩi][aａＡA])(所有)?的?女[性人的]
([催迷]情|性欲)([酒粉剂水素液丸]|咖啡|汽水|女郎|砂糖|香精|香水)|消[^一-龥]{0,6}息[^一-龥]{0,6}员|进入.*得(银子|礼[品包]|奖[品励])|删[^一-龥]{0,6}(角色|号)
([你迩他她泥祢妳伱妮尼您]|[NnＮｎ].?[IiＩi]|[TtＴｔ].?[AaＡａ])[^一-龥]{0,6}([媽嗎馬吗妈爸爹奶娘母父爷爺姐妹公婆女马嘴酿]|[MmＭｍ].?[AaＡａ]|[NnＮｎ].?[IiＩi].?[ＡａAa].?[ＮｎNn].?[ＧｇGg]|全[^一-龥]{0,6}家|祖[^一-龥]{0,6}宗|麻[^一-龥]{0,6}痹|八[^一-龥]{0,6}代|媳[^一-龥]{0,6}妇)[^一-龥]{0,6}[卵痹嗨逼箅芘痹bBｂＢ]
([你您]|[nNｎＮ][iIiＩ])们?(亲|qin)?爱?的?(亲|qin)?([mMｍＭ][aAａＡ]|[jJＪｊ][iIＩi][eEｅＥ]|[mMｍＭ][EｅＥe][IiiＩ])|我.你们?(亲|qin)?爱?的?(亲|qin)?([妹姐])
([强強轮論輪倫侖綸掄淪崙崘惀腀论伦沦仑纶抡囵倫綸綸腀淪谜迷诱幼鸡雞狗豬驢]|[車车][仑侖]|弓虽)[^A-Za-z0-9Ａ-Ｚａ-ｚ０-９一-龥]{0,10}([干奸虐草叼操嚓插日靠射擦贱艹肏尻]|女干)
[陰阴][^一-龥]{0,5}[埠道缝毛肉戶水户牝膣茎唇洞沟勾]|淫[^一-龥]{0,5}[具棒唇洞叫精浪乱毛母肉乳骚舌水汤臀穴血痒液汁嘴]|膣[^一-龥]{0,5}[壁穴]|[龟龜].{0,3}[头頭]
[豬狗驴驢猪][^一-龥]{0,6}[日曰操養草擦嚓]|[鸡機雞机三３叁][^一-龥]{0,6}[巴八叭芭]|婊[^一-龥]{0,6}子|[做作][^一-龥]{0,6}爱|屁[^一-龥]{0,6}眼|妓[^一-龥]{0,6}女|畜[^一-龥]{0,6}[牲生]|杂[^一-龥]{0,6}种|全[^一-龥]{0,6}家[^一-龥]{0,6}[掛絕挂死绝]
尼玛了个比|你个杂交|尼玛水多|你马戈壁|^[你拟妳尼泥伱呢袮腻]?[妈媽]$|你全家我要弄|[nNＮｎ][iIiＩ][mMＭｍ][aAａＡ]|你妈隔壁|草你个打比|干你个SB
我[^和跟去]{0,2}你(亲爱)?[的们门門們]?[妈麻码玛蚂犸嬷傌嗎媽嫲嬤榪溤犘獁瑪痲碼祃禡罵蔴螞貊鎷駡鰢鷌麼麽姐娘酿醸爸爹母]
(?=.*(游戏|网易|天下|HD|hd)).*(垃([^a-zA-Z一-龥0-9]|[_丷灬一丨丿乀乄丶])*圾|[坑骗黑圈吭]([^a-zA-Z一-龥0-9]|[_丷灬一丨丿乀乄丶])*钱|黑([^a-zA-Z一-龥0-9]|[_丷灬一丨丿乀乄丶])*心|[啥杀傻纱沙煞刹S]([^a-zA-Z一-龥0-9]|[_丷灬一丨丿乀乄丶])*[Bb痹比逼畀币弼]|[鸡机叽J]([^a-zA-Z一-龥0-9]|[_丷灬一丨丿乀乄丶])*[吧八巴b]|不要玩|没人玩|倒闭|卸载)
[木沐](([^a-zA-Z一-龥0-9]|[_丷灬一丨丿乀乄丶])*[瓜呱胍]([^a-zA-Z一-龥0-9]|[_丷灬一丨丿乀乄丶])*移([^a-zA-Z一-龥0-9]|[_丷灬一丨丿乀乄丶])*动|[蚂玛犸]([^a-zA-Z一-龥0-9]|[_丷灬一丨丿乀乄丶])*[议蚁])|梦([^a-zA-Z一-龥0-9]|[_丷灬一丨丿乀乄丶])*宝([^a-zA-Z一-龥0-9]|[_丷灬一丨丿乀乄丶])*谷|[历厉利]([^a-zA-Z一-龥0-9]|[_丷灬一丨丿乀乄丶])*趣|触([^a-zA-Z一-龥0-9]|[_丷灬一丨丿乀乄丶])*科|([kｋ]([^a-zA-Z一-龥0-9]|[_丷灬一丨丿乀乄丶])*){2}语([^a-zA-Z一-龥0-9]|[_丷灬一丨丿乀乄丶])*音
江猪媳|法功|蒋公|外蒙回归|台湾有权独立|蟆叫专家|恶势力插|精籽|严方军|黎阳平|官因发帖|s2x|拍肩型|常劲|亲共分子|封锁消|售枪支|外交部|四事件|理证件|佛祖|吴弘达|天推广歌|主席忏|北京帮|主義|发票代开|尹庆民|册那娘餓比|蒙古達子|專政|赵子阳|二奶|教育部|温加饱|圣战|笔仙|中俄邊界
(?=.*手游).*(垃[^一-龥]*圾|[坑吭操草曹槽糙嘈漕肏螬艹襙騲艚愺擦礤嚓插叉]|黑[^一-龥]*心|[sｓｊj]([^a-zA-Z一-龥0-9]|[_丷灬一丨丿乀乄丶])*[bｂ])
[x]([^a-zA-Z一-龥0-9]|[_丷灬一丨丿乀乄丶])*[s]([^a-zA-Z一-龥0-9]|[_丷灬一丨丿乀乄丶])*([0-9０-９①-⑩㈠-㈩⑴-⑽一二三四五六七八九十零壹贰叁肆伍陆柒捌玖两oΟｏＯらㄧlIZㄋ]([^a-zA-Z一-龥0-9]|[_丷灬一丨丿乀乄丶])*){2,10}|(退|[tｔ][ｕu][ｉi])[^一-龥]*([ｋk]([^a-zA-Z一-龥0-9]|[_丷灬一丨丿乀乄丶])*[ｕu]([^a-zA-Z一-龥0-9]|[_丷灬一丨丿乀乄丶])*[ａa]([^a-zA-Z一-龥0-9]|[_丷灬一丨丿乀乄丶])*[ｎn]|[ｑq]([^a-zA-Z一-龥0-9]|[_丷灬一丨丿乀乄丶])*[iｉ]([^a-zA-Z一-龥0-9]|[_丷灬一丨丿乀乄丶])*[aａ]([^a-zA-Z一-龥0-9]|[_丷灬一丨丿乀乄丶])*[nｎ]|款|钱)
美國之音|万维读者论坛|轮流干|乖乖粉|十七大人事安排|园惨案|日死你|制服诱|共贼|温休曾退|绩过后付|兴中心幼|灯草和|赚钱资料|透视药|探测狗|小犬纯一狼|江系人马|僵賊|真骚|吕京花|级答案|事實獨立|自治机关|搞栗棒|孙逸仙|万法归一功|逼逼|暴乱|采花堂|华岳时事论坛|共黨|voachinese
(?=.*(联系|货|平台|交易|m|q|y))([0-9０-９①-⑩⑴-⑽一二三四五六七八九十零佰壹叭贰仟叁肆伍陆柒捌玖两oΟｏＯらㄧlㄋ]([^a-zA-Z一-龥0-9]|[_丷灬一丨丿乀乄丶])*){1,5}.{0,2}([^a-zA-Z一-龥0-9]|[_丷灬一丨丿乀乄丶])*([=~—〓∝∞≠≈≡＝≌∽等]|等于)([^a-zA-Z一-龥0-9]|[_丷灬一丨丿乀乄丶])*([0-9０-９①-⑩⑴-⑽一二三四五六七八九十零壹贰叁肆伍陆柒捌叭玖两oΟｏＯらㄧlㄋ]([^a-zA-Z一-龥0-9]|[_丷灬一丨丿乀乄丶])*){1,5}[^一-龥]*([元园圆员]|[RrｒＲ][ＭｍMm][ＢｂbB])
漢奸|統戰|上海孤兒院|鲍彤|十七大幕|彈劾|女優|共青团派|江氏家族|不思四化|透视眼睛|车用电子狗|五星红旗|婊|枪械制|赌博|中华养生益智气|香港马会|延安日记|尸博|报码|上访|民航局|丝情侣|幹比|色狼|fanhua|程铁军|麻醉槍|可待因|浑圆豪乳|售三棱|宇宙大法|唐家璇|王超華|南蛮|沈昌功
(?=.*(([礼澧禮]|[lｌ][iｉ])[^一-龥]*([包饱]|[ｂb][aａ][oｏ]))).*(送|出售|卖|收|chushou|私聊|加好友|专[^一-龥]*属|[工公][^一-龥]*会)
([wｗ]([^a-zA-Z一-龥0-9]|[_丷灬一丨丿乀乄丶])*[ｅe]([^a-zA-Z一-龥0-9]|[_丷灬一丨丿乀乄丶])*[ｉi]|微|徽)([^a-zA-Z一-龥0-9]|[_丷灬一丨丿乀乄丶])*([ｘx]([^a-zA-Z一-龥0-9]|[_丷灬一丨丿乀乄丶])*[ｉi]([^a-zA-Z一-龥0-9]|[_丷灬一丨丿乀乄丶])*[ｎn]|信)|[Ｔt]([^a-zA-Z一-龥0-9]|[_丷灬一丨丿乀乄丶])*[Ｘx]([^a-zA-Z一-龥0-9]|[_丷灬一丨丿乀乄丶])*[Ｈh]([^a-zA-Z一-龥0-9]|[_丷灬一丨丿乀乄丶])*[dＤ]([^a-zA-Z一-龥0-9]|[_丷灬一丨丿乀乄丶])*[Ｇg]([^a-zA-Z一-龥0-9]|[_丷灬一丨丿乀乄丶])*[Ｆf]|公[^一-龥]*众[^一-龥]*号
(?=.*企[^一-龥]*鹅).*(群|聊[^一-龥]*天|进|工[^一-龥]*具|唠[^一-龥]*嗑|讨[^一-龥]*论)
共产|狂淫|考前答|wubangguo|傅作義|铁血师|防身枪|发课|策没有不|藏獨|麻醉枪|妹上门|社会安全号码生成|沈昌人体科技|媽比|滾那嗎老比|渣波波|学骚乱|人在云上|苯比|法克鱿|持不同政見|shit|迷昏药|跑官|jzm|夜激情|代写论文|她媽|亚砷（酸）酐|登輝|大啵|蜜穴|世界经济导报
就tm|法X功|濕了還說不要|大法弟子|滥交|高麗棒子|氰化钾|摇头玩|氰化钠|轮子功|大紀園|春水横溢|考联盟|娘餓比|范燕琼|炮的小蜜|阴核|3p|人权保护|阿扁万岁|氧化汞|B样|乐透码|成人卡通|北韓|我他妈|骑你|侧那|软弱外交|钢针狗|限制言|lichangchun|賀國强|邓狗|达米宣教会
前阴后庭|前凸后翘|奇淫宝鉴|破处|迫奸|品穴|品香堂|品色堂|嫖妓指南|屁眼|噴精|喷精|炮友|欧美无套|欧美大乳|女优|女尻
(?=.*[差槎岔][^一-龥]*[評平评屏坪]).*([Iｉ]([^a-zA-Z一-龥0-9]|[_丷灬一丨丿乀乄丶])*[o０ｏ0]([^a-zａ-ｚＡ-ＺA-Z一-龥0-9])*[sｓ]|苹[^一-龥]*果|H([^a-zａ-ｚＡ-ＺA-Z一-龥0-9])*D|[aａ]([^a-zａ-ｚＡ-ＺA-Z一-龥0-9])*[ｐp]([^a-zａ-ｚＡ-ＺA-Z一-龥0-9])*[ｐp])
鬼村|售一元硬|轮大|发贴机|工自联|地磅解码器|江蛤蟆|東京熱|五月天|连发手|鶏女|自烧|布什|塞你母|哈狗帮|賈育台|保密局|緱|屠殺|美国佬|驶你娘|枪声|属灵教|恶党|渊盖苏文|真钱斗地|九抨|陰部|皇家轮盘|特务机构|阳物|鬥士霍克|冤民大同盟|骚包|吉跋猫|十七大权力争霸战|支那|八九风波
胡派人马|輪功|八九学|上海独立|江賊|台湾民国|蒙古达子|共产主义|q奸|操XX|自由亚洲|讲法传功|鸡掰|鸽派|北京市委黑幕|89之|泡友|天主教|耶和华|耶稣|基督|圣战|黄冰
(?=.*(漏洞|bug|退还)).*([元鈨沅][^一-龥]*[宝寶寶])|刷[^一-龥]*元[^一-龥]*宝|[伪假][^一-龥]*土[^一-龥]*豪
[9九９㈨⒐Ⅹ⑼⑨]([^a-zA-Z一-龥0-9]|[_丷灬一丨丿乀乄丶])*[１ｉⅠ⒈㈠①⑴一]|[藤滕腾]([^a-zA-Z一-龥0-9]|[_丷灬一丨丿乀乄丶])*[讯逊迅汛卂]|[当档挡铛珰噹當垱筜]([^a-zA-Z一-龥0-9]|[_丷灬一丨丿乀乄丶])*[乐樂楽]|[百白佰栢竡伯]([^a-zA-Z一-龥0-9]|[_丷灬一丨丿乀乄丶])*[度镀渡]|[豌碗婉宛腕琬]([^a-zA-Z一-龥0-9]|[_丷灬一丨丿乀乄丶])*[豆逗痘窦脰]|[同铜筒桐侗峒茼垌]([^a-zA-Z一-龥0-9]|[_丷灬一丨丿乀乄丶])*[步歩埗踄]([^a-zA-Z一-龥0-9]|[_丷灬一丨丿乀乄丶])*推|[魔摩磨][^一-龥]*[游遊蝣]
([入込]([^a-zA-Z一-龥0-9]|[_丷灬一丨丿乀乄丶])*驻|[加入进])([^a-zA-Z一-龥0-9]|[_丷灬一丨丿乀乄丶])*([裙群]|qun)|([裙群]|qun)([^a-zA-Z一-龥0-9]|[_丷灬一丨丿乀乄丶])*([号號浩昊]|hao|id)|返([^a-zA-Z一-龥0-9]|[_丷灬一丨丿乀乄丶])*利
自[^一-龥]*慰|处[^一-龥]*女|子[^一-龥]*宫|鸡[^一-龥]*鸡|咪[^一-龥]*咪|射[^一-龥]*脸|插[^一-龥]*里[^一-龥]*面|金[^一-龥]*瓶[^一-龥]*梅
交[^一-龥]*易[^一-龥]*平[^一-龥]*台|([jｊ][iｉ][ａa][ｏo]|交)([^a-zA-Z一-龥0-9]|[_丷灬一丨丿乀乄丶])*([yｙ][ｉi]|易)([^a-zA-Z一-龥0-9]|[_丷灬一丨丿乀乄丶])*([ｍm][ａa][ｏo]|猫)|[魔摩磨][^一-龥]*游[^一-龥]*网|[淘陶][^一-龥]*手[^一-龥]*游|[7７⒎⑺七齐旗企其妻奇漆器启骑期棋琪起琦岂汽欺淇崎歧凄栖泣祈]([^a-zA-Z一-龥0-9]|[_丷灬一丨丿乀乄丶])*[8Ⅷ⒏㈧⑧⑻吧把罢八８爸捌扒巴霸芭疤靶粑钯叭笆拔坝跋耙岜仈紦罷灞壩鲃豝朳玐覇蚆夿弝哵羓魞]([^a-zA-Z一-龥0-9]|[_丷灬一丨丿乀乄丶])*[8Ⅷ⒏㈧⑧⑻吧把罢八８爸捌扒巴霸芭疤靶粑钯叭笆拔坝跋耙岜仈紦罷灞壩鲃豝朳玐覇蚆夿弝哵羓魞]([^a-zA-Z一-龥0-9]|[_丷灬一丨丿乀乄丶])*[1１ｉⅠ⒈㈠①⑴一以要药妖幺腰摇咬邀夭吆亿伊易依议忆一意壹衣]
卖[^一-龥]*白[^一-龥]*菜|[扣QqｑpＱ][^一-龥]*币|英[^一-龥]*雄[^一-龥]*联[^一-龥]*盟|[Ll]([^a-zA-Z一-龥0-9#]|[_丷灬一丨丿乀乄丶])*[oO]([^a-zA-Z一-龥0-9#]|[_丷灬一丨丿乀乄丶])*[lL]|[现先][^一-龥]*货|单[^一-龥]*机|圈[^一-龥]*钱|黑[^一-龥]*心|糸统
騷鶏|戴秉国|台湾政论区|江綿恒|阴j|苍井空|釣魚島|离长春|臺灣建國|红客联盟|温加宝|爛逼|內褲|7个军区|奶子|錯B|乱LUN|双峰微颤|臺灣政論|鸡8|王立军
(?=.{0,5}[群君裙Q])[^#]{0,5}([0-9０-９①-⑩⑴-⑽一二三四五六七八九十零壹贰叁肆伍陆柒捌玖两oΟｏＯらㄧlㄋ]([^一-龥#]|[_丷灬一丨丿乀乄丶])*){5,}
(?=.*(联系|货|平台|交易|m|q|y))([0-9０-９①-⑩⑴-⑽一二三四五六七八九十零佰壹叭贰仟叁肆伍陆柒捌玖两oΟｏＯらㄧlㄋ]([^a-zA-Z一-龥0-9]|[_丷灬一丨丿乀乄丶])*){1,5}.{0,2}([^a-zA-Z一-龥0-9]|[_丷灬一丨丿乀乄丶])*([=~—〓∝∞≠≈≡＝≌∽等]|等于)([^a-zA-Z一-龥0-9]|[_丷灬一丨丿乀乄丶])*([0-9０-９①-⑩⑴-⑽一二三四五六七八九十零壹贰叁肆伍陆柒捌叭玖两oΟｏＯらㄧlㄋ]([^a-zA-Z一-龥0-9]|[_丷灬一丨丿乀乄丶])*){1,5}.{0,2}[^一-龥]*([元园圆沅员]|[RrｒＲ][ＭｍMm][ＢｂbB])
中南海斗争|89学潮大屠杀|卖自考|老虎机|木子論壇|政治|東方紅時空|计牌软件|生被砍|恶搞人民币|你姥|朱溶剂|干您|他他妈|江宰民|昆圖|木齐针|四二六社论
(?=.*[此本这].{0,2}号).*(甩|出售|卖|出手)
自[^一-龥]*(慰|焚|[wWｗＷшШщЩω][^a-zA-Z0-9一-龥]*[eEｅＥΣэЭзЗеЕёЁεΕēéěèê][^a-zA-Z0-9一-龥]*[iIｉＩīíǐìⅠ｜丨|])
[YyｙＹㄚγУ￥歪丘￥]([^a-zA-Z一-龥0-9]|[_丷灬一丨丿乀乄丶])*[YyｙＹㄚγУ￥歪丘￥][^一-龥]*号
游戏.{0,5}寿命.{0,5}(短|不[久长]|没多久)|(弃|跳出).{0,2}坑
(?=.*([元亓][^一-龥]*[宝寳])).*([带代戴袋][^一-龥]*[冲充刷]|套[^一-龥]*餐)
龜孫子|泄题|导的情人|幹你娘|两岸三地论坛|贷借款|肛|皮條客|双飞|津大地震|新闻封锁|人类罪恶论|售子弹|濫B|爱滋|宇宙主佛|江z民|幹他|干妳|江core|激情短|xuechao|恐怖主义
公诉|可卡叶|维权人士|peacehall|官逼民反|冲凉死|江太上|尾申鲸|招鶏|亂輪|外专局|麻醉狗|狼全部跪|反人類|奸杀|茅于轼|一夜激情|网站推广软件|女上门|身份证在线|言被劳教|華夏文摘|恐怖主義|矿难不公|高校骚乱|观世音|馬時敏|tm的|幸运码|地下教会|恩格斯|臺灣|地下刊物|回民吃猪肉|麥克斯
[9九久玖舅酒究救鸠灸韭９㈨⒐Ⅹ⑼⑨]([^a-zA-Z一-龥0-9]|[_丷灬一丨丿乀乄丶])*[城忧游]
(?=.*(游[^一-龥]*戏|网[^一-龥]*易|天[^一-龥]*下)).*(无[^一-龥]*聊|枯[^一-龥]*燥)
激情裸体|激情聊天|激情交友|激情电影|激情打炮|激情潮喷|鸡奸|鸡巴暴胀|鸡巴|火辣写真|火辣图片|黄色电影|黄金圣水|换妻杂交|换妻
([微威唯维薇V蔚嶶溦]|[wｗ]\s*[ｅe]\s*[ｉi])([^a-zA-Z一-龥0-9]|[_丷灬一丨丿乀乄丶])*([ｘx]\s*[ｉi]\s*[ｎn]|信)|[Kｋ]\s*[ｉI]\s*[ｙγY]\s*[I]\s*[mｍ]\s*[ｍm]
保过答案|zifen|幹逼|乳波臀浪|王剛|趕你娘|playboy|国安局|文革|SM|建國黨|蕩婦|原子弹|騷貨|五套功|令计划|肾源|容弹量|台湾建国运动组织|贩毒|掄功|一通功
控制媒|鶏吧|光学真题|软弱的国|参拜|甲流了|拐卖|劳动保障部|藏妇会|简易炸|网特|溫逼|外交論壇|蒙古回归|妈批|鸳鸯洗|州大批贪|北美自由论坛|冈村秀树|庆红|淫荡|鶏奸|NND|大便|蔣中正|假庆林|防火长城|台湾国|吳敦義|无人性的政权|北京当局|方迷香|逼样|激情电话|治疗红斑狼疮|幹你
(?=.*[首手售][^一-龥]*[冲充]).*([号浩號昊折浙]|平[^一-龥]*台|淘[^一-龥]*宝)
群奸乱交|裙下风光|裙内偷拍|拳交|全裸|曲线消魂|璩美凤|内射|翘臀嫩穴|翘臀嫩逼|俏臀摄魄|巧淫奸戏|浣肠|强奸|强暴
(去[^一-龥]*掉|除[^一-龥]*去).{0,2}(中[^一-龥]*文|汉[^一-龥]*字)|同[^一-龥]*音[^一-龥]*[字子]
[9九久玖舅酒究救鸠灸韭９㈨⒐Ⅹ⑼⑨]([^a-zA-Z一-龥0-9]|[_丷灬一丨丿乀乄丶])*[城成忧游]
(卖|买|shou|出售|出手|甩)[^一-龥]*(此|这个|我的)?.{0,1}(号|角色|ID|帐号|號|天机|羽毛|翎羽|云麓|奕剑)
外[^一-龥]*挂|[开用][^一-龥]*挂|叉[^一-龥]*叉[^一-龥]*助[^一-龥]*手|葫[^一-龥]*芦[^一-龥]*侠|烧[^一-龥]*饼[^一-龥]*工[^一-龥]*具|八[^一-龥]*门[^一-龥]*神[^一-龥]*器|辅[^一-龥]*助[^一-龥]*软[^一-龥]*件
母[^一-龥]*狗|新[^一-龥]*疆|舔[^一-龥]*j([^a-zA-Z一-龥0-9]|[_丷灬一丨丿乀乄丶])*j|傻[^一-龥]*逼|性[^一-龥]*[趣欲]|退[^一-龥]*服|加([^a-zA-Z一-龥0-9]|[_丷灬一丨丿乀乄丶])*q
(?=.*平台).*(加[^一-龥]*好[^一-龥]*友|折|私[^一-龥]*聊)
毛鲍|馒头屄|买春堂|玛雅网|妈妈色|旅馆自拍|裸体|裸陪|裸露自拍|轮奸|轮操|轮暴|亂倫|乱伦熟女网|卵子|露阴照|露穴|露毛
(?=.*(网[^一-龥]*易|游[^一-龥]*戏|天[^一-龥]*下)).*(你[^一-龥]*妹|你[^一-龥]*爹|[草肏艹])
(弹簧|砍|刺|跳|藏|腰|靴)刀|匕首|军用|左轮|(手|步|机(关)?|(狙|阻)击|(散|霰)弹)枪|(子|B|b|榴|散|霰)弹|雷管|乙醚|弓弩|杜冷丁|(炸|迷|毒|昏)药|核(弹|武)|透视|(冰|病)毒|(毒|赌|du)品|海洛|麻果|罂粟|大麻|鸦片|硝酸|硫酸|硝化|硫化|铀|钚|氰化|摇头丸|麻醉|迷(幻|奸|歼)?药|过氧|氢氧化|TNT
六\.四|异见人士|一党专制|胡进涛|屄|拽逼|操t|复印件制|吴仪|僵贼民|贷办|妈比|伦理电影|清华帮|贪官也辛|手机魔卡|分裂祖国|插妳|賬號|偷拍|asiangirl|红外透视|应子弹|钓鱼台|蒙古鞑子|近亲相奸|乳頭|他媽|熟妇|卖国|北京黑幕|胡緊掏|飛揚論壇|瑞安事件|贼民|卖枪|媽的|共字玄机
[1１ｉⅠ⒈㈠①⑴一以要药妖幺腰摇咬邀夭吆亿伊易依议忆一意壹衣].*[2二贰尔耳弍饵洱迩弐貳儿⒉②㈡⑵Ⅱ珥铒].*[7７⒎⑺七齐旗企其妻奇漆器启骑期棋琪起琦岂汽欺淇崎歧凄栖泣祈][9就九久玖旧舅酒究救鸠灸韭９㈨⒐Ⅹ⑼⑨].*[7７⒎⑺七齐旗企其妻奇漆器启骑期棋琪起琦岂汽欺淇崎歧凄栖泣祈].*[4４四肆㈣④⒋Ⅴ⑷思斯司丝嗣寺巳饲祀撕私食泗嘶驷].*[4４四肆㈣④⒋Ⅴ⑷思斯司丝嗣寺巳饲祀撕私食泗嘶驷].*[零0０].*[8Ⅷ⒏㈧⑧⑻吧把罢八８爸捌扒巴霸芭疤靶粑钯叭笆拔坝跋耙岜仈紦罷灞壩鲃豝朳玐覇蚆夿弝哵羓魞]
封[^一-龥]*号|禁[^一-龥]*言|举[^一-龥]*报|暴[^一-龥]*动|号[^一-龥]*[被给][^一-龥]*封
轻[^一-龥]*寒[^一-龥]*手[^一-龥]*游|掏[^一-龥]*靌
忘[^一-龥]*仙|天[^一-龥]*龙[^一-龥]*八[^一-龥]*部|笑[^一-龥]*傲[^一-龥]*江[^一-龥]*湖|全[^一-龥]*[名民][^一-龥]*奇[^一-龥]*迹|太[^一-龥]*极[^一-龥]*熊[^一-龥]*猫|时[^一-龥]*空[^一-龥]*猎[^一-龥]*人|征[^一-龥]*途|天[^一-龥]*天[^一-龥]*打[^一-龥]*怪[^一-龥]*兽|快[^一-龥]*打[^一-龥]*江[^一-龥]*湖|格[^一-龥]*斗[^一-龥]*江[^一-龥]*湖
真她妈|欠干|北美巡回讲法|招妓|插深些|神的教会|传九退三|新华通论坛|妇销魂|李總統|死gd|辦證|64大屠杀|灭共|杀人犯|邪教|想上你|强J|二b|恐怖份子|核工业基地
窑[^一-龥]*子|[果裸][^一-龥]*照|c([^a-zA-Z一-龥0-9]|[_丷灬一丨丿乀乄丶])*r([^a-zA-Z一-龥0-9]|[_丷灬一丨丿乀乄丶])*u([^a-zA-Z一-龥0-9]|[_丷灬一丨丿乀乄丶])*e([^a-zA-Z一-龥0-9]|[_丷灬一丨丿乀乄丶])*l([^a-zA-Z一-龥0-9]|[_丷灬一丨丿乀乄丶])*g([^a-zA-Z一-龥0-9]|[_丷灬一丨丿乀乄丶])*i([^a-zA-Z一-龥0-9]|[_丷灬一丨丿乀乄丶])*r([^a-zA-Z一-龥0-9]|[_丷灬一丨丿乀乄丶])*l([^a-zA-Z一-龥0-9]|[_丷灬一丨丿乀乄丶])*s
性奴集中营|蒙古独|大奶媽|售弹簧刀|賤人|那嗎逼|頭領墳墓管理員|轮功|九龙论坛|薩達姆|江绵恒|烂人|学运|鶏八|佛怀煽仇录|賤bi|六 四|代办发票|四六级答案|太王四神
机([^a-zA-Z一-龥0-9]|[_丷灬一丨丿乀乄丶])*[锋峰烽]|[按胺铵桉荌侒垵安]([^a-zA-Z一-龥0-9]|[_丷灬一丨丿乀乄丶])*智|应([^a-zA-Z一-龥0-9]|[_丷灬一丨丿乀乄丶])*[用拥佣砽庸]([^a-zA-Z一-龥0-9]|[_丷灬一丨丿乀乄丶])*汇|[nｎ]([^a-zA-Z一-龥0-9]|[_丷灬一丨丿乀乄丶])*[eｅ]([^a-zA-Z一-龥0-9]|[_丷灬一丨丿乀乄丶])*[ａa]([^a-zA-Z一-龥0-9]|[_丷灬一丨丿乀乄丶])*[ｒr]([^a-zA-Z一-龥0-9]|[_丷灬一丨丿乀乄丶])*[ｍm]([^a-zA-Z一-龥0-9]|[_丷灬一丨丿乀乄丶])*[ｅe]|小([^a-zA-Z一-龥0-9]|[_丷灬一丨丿乀乄丶])*[米咪]
(卖|送|买|收|shou|出售|出|出手|甩)[^一-龥]*个.{0,4}(号|角色|ID|帐号|號|天机|羽毛|翎羽|云麓|奕剑)
黄菊|罂粟壳|干你|干拎娘|青天白日|淫湿|卖党求荣|邓笑贫|抵制北京奥运|翻墙|陈光诚事件|波推龙|吴帮国|滾那嗎瘟比|推油按|换妻|黄色书|台湾狗|亂倫|温影帝|亚硝酸乙酯|sorasex|共独|燕玲论坛|likeqiang|无帮过|共狗|假文凭|轮子小报|流血事件|淫女|册那|八九民|江系人
(?=.*(网[^一-龥]*易|游[^一-龥]*戏|天[^一-龥]*下)).*(你[^一-龥]*妹|你[^一-龥]*爹|[草艹])
自由圣|大參考|陆独|高瞻|大史記|劉文勝|证件公司|郑建源|氣槍|東西南北論壇|麻醉藥|新语丝|连战|民族冲突|籀|女伟哥|膏藥旗|監視塔哨兵|周守訓|新疆国|监听王|h图|去他妈|兩岸三地論壇|byuntae|東社|WEB牌戰|臺灣獨立|東部地下水路|纯度黄|滾那嗎錯比|裸舞视|红床|先皇
控制媒|鶏吧|光学真题|软弱的国|参拜|甲流了|拐卖|劳动保障部|藏妇会|简易炸|网特|溫逼|外交論壇|蒙古回归|妈批|鸳鸯洗|州大批贪|北美自由论坛|冈村秀树|庆红|淫荡|鶏奸|NND|蔣中正|假庆林|防火长城|台湾国|吳敦義|无人性的政权|北京当局|方迷香|逼样|激情电话|治疗红斑狼疮|幹你
机([^a-zA-Z一-龥0-9]|[_丷灬一丨丿乀乄丶])*[锋峰烽]|[按胺铵桉荌侒垵安]([^a-zA-Z一-龥0-9]|[_丷灬一丨丿乀乄丶])*智|应([^a-zA-Z一-龥0-9]|[_丷灬一丨丿乀乄丶])*[用拥佣砽庸]([^a-zA-Z一-龥0-9]|[_丷灬一丨丿乀乄丶])*汇|[nｎ]([^a-zA-Z一-龥0-9]|[_丷灬一丨丿乀乄丶])*[eｅ]([^a-zA-Z一-龥0-9]|[_丷灬一丨丿乀乄丶])*[ａa]([^a-zA-Z一-龥0-9]|[_丷灬一丨丿乀乄丶])*[ｒr]([^a-zA-Z一-龥0-9]|[_丷灬一丨丿乀乄丶])*[ｍm]([^a-zA-Z一-龥0-9]|[_丷灬一丨丿乀乄丶])*[ｅe]|小([^a-zA-Z一-龥0-9]|[_丷灬一丨丿乀乄丶])*米
收.*(号|羽毛|天机|田鸡|奕剑|弈剑|云麓|云路|翎羽).*(价|钱|议|私聊|m|M)
加油机干扰器|媒体封锁|肘永康|tnnd|针孔摄像机|狗j巴|马英九|东京热|姐包夜|彩票选号机|j8|XX功|臺灣建國運動組織|64memo|奸她|亲共媒体|民进党
([差槎岔]|[cｃ]([^a-zａ-ｚＡ-ＺA-Z一-龥0-9])*[hｈ]([^a-zａ-ｚＡ-ＺA-Z一-龥0-9])*[aａ])[^一-龥]*([評平评屏坪]|[pｐ]([^a-zａ-ｚＡ-ＺA-Z一-龥0-9])*[iｉ]([^a-zａ-ｚＡ-ＺA-Z一-龥0-9])*[nｎ]([^a-zａ-ｚＡ-ＺA-Z一-龥0-9])*[gｇ])|([退褪煺]|[tｔ]([^a-zａ-ｚＡ-ＺA-Z一-龥0-9])*[uｕ]([^a-zａ-ｚＡ-ＺA-Z一-龥0-9])*[iｉ])[^一-龥]*([款钱錢]|[qｑ]([^a-zａ-ｚＡ-ＺA-Z一-龥0-9])*[iｉ]([^a-zａ-ｚＡ-ＺA-Z一-龥0-9])*[aａ]([^a-zａ-ｚＡ-ＺA-Z一-龥0-9])*[nｎ]|[kｋ]([^a-zａ-ｚＡ-ＺA-Z一-龥0-9])*[ｕu]([^a-zａ-ｚＡ-ＺA-Z一-龥0-9])*[ａa]([^a-zａ-ｚＡ-ＺA-Z一-龥0-9])*[ｎn])
就tm|法X功|濕了還說不要|大法弟子|滥交|高麗棒子|氰化钾|摇头玩|氰化钠|轮子功|大紀園|春水横溢|考联盟|娘餓比|范燕琼|炮的小蜜|阴核|3p|人权保护|阿扁万岁|氧化汞|B样|乐透码|成人卡通|北韓|干干|我他妈|骑你|侧那|软弱外交|钢针狗|限制言|lichangchun|賀國强|真tm|邓狗|达米宣教会
[Ｑq][ｕu][ｎn]|[扣QqｑpＱ][^一-龥]*组|[峮宭]|约[^一-龥]*泡|建.(0,3)群|企.*鹅.*群|鸡[^一-龥]*[霸吧把八爸巴]|岛国网址|超清大片|快播|考前答案|考试包过|兼职上门|骚穴|身份证产生器|人弹|约[^一-龥]*炮|艳[^一-龥]*照[^一-龥]*门|草[^一-龥]*榴|性(冷淡|骚扰)|约[^一-龥]*[否鸡鸭]|撸[^一-龥]*(管|太?多)|勾搭.{0,2}老[公婆]|炸逼|滚[^一-龥]*床[^一-龥]*单|开[^一-龥]*房|脱[^一-龥]*坑|潮[^一-龥]*吹|射[^一-龥]*[鲸精静]|防.*屏.*蔽|防.*[合和].*[蟹协]|梦[^一-龥]*幻|人[^一-龥]*民[^一-龥]*大[^一-龥]*会[^一-龥]*堂
(洗|清)黑货|口[^一-龥]*交|fuck|丁[^一-龥]*磊|丁[^一-龥]*[三3][^一-龥]*石|[Ff][fF][lL][tT][tT].[cC][oO][mM]|(坑|keng).{0,2}网易|老鸨|接客|龟公|饥渴|发情交配|送.*(美[^一-龥]*猴|猴[^一-龥]*王)|打[^一-龥]*[到倒].*日[^一-龥]*本|拆[^一-龥]*号|加企鹅|自[^一-龥]*由[^一-龥]*门|伪[^一-龥]*[豪壕]|骗[^一-龥]*[元沅][^一-龥]*[宝寶]
羽[^一-龥]*毛[^一-龥]*狗|[接吃][^一-龥]*屎|废[^一-龥]*狗|卧[^一-龥]*虎[^一-龥]*藏[^一-龥]*龙|([激鸡][^一-龥]*[活火和]|序[^一-龥]*列|[礼禮澧][^一-龥]*[包饱])[^一-龥]*[码号吗玛蚂马]|神[^一-龥]*魔[^一-龥]*大[^一-龥]*陆|魔[^一-龥]*力[^一-龥]*宝[^一-龥]*贝|刀[^一-龥]*塔|契[^一-龥]*约[^一-龥]*[2二]
(?=.*([9就九久玖旧舅酒究救鸠灸韭９㈨⒐Ⅹ⑼⑨]([^a-zA-Z一-龥0-9]|[_丷灬一丨丿乀乄丶])*[1１ｉⅠ⒈㈠①⑴一以要药妖幺腰摇咬邀夭吆亿伊易依议忆一意壹衣]|[藤滕腾]([^a-zA-Z一-龥0-9]|[_丷灬一丨丿乀乄丶])*[讯逊迅汛卂]|[uｕ]([^a-zA-Z一-龥0-9]|[_丷灬一丨丿乀乄丶])*[cｃ]|[当档挡铛珰噹當垱筜]([^a-zA-Z一-龥0-9]|[_丷灬一丨丿乀乄丶])*[乐樂楽]|[百白佰栢竡伯]([^a-zA-Z一-龥0-9]|[_丷灬一丨丿乀乄丶])*[度镀渡]|[豌碗婉宛腕琬]([^a-zA-Z一-龥0-9]|[_丷灬一丨丿乀乄丶])*[豆逗痘窦脰]|[同铜筒桐侗峒茼垌]([^a-zA-Z一-龥0-9]|[_丷灬一丨丿乀乄丶])*[步歩埗踄]([^a-zA-Z一-龥0-9]|[_丷灬一丨丿乀乄丶])*推|[快块筷]([^a-zA-Z一-龥0-9]|[_丷灬一丨丿乀乄丶])*[用拥佣]|渠([^a-zA-Z一-龥0-9]|[_丷灬一丨丿乀乄丶])*道|[9就九久玖旧舅酒究救鸠灸韭９㈨⒐Ⅹ⑼⑨]([^a-zA-Z一-龥0-9]|[_丷灬一丨丿乀乄丶])*[城成忧游])).*(群|招人|来[玩人]|[YyｙＹㄚγУ￥歪丘￥])
([CcＣｃGgＧｇ][^A-Za-z0-9_一-龥]?[AaＡａ][^A-Za-z0-9_一-龥]?[OoＯｏ]|[GgＧｇ][^A-Za-z0-9_一-龥]?[AaＡａ][^A-Za-z0-9_一-龥]?[NnＮｎ]|[RrＲｒ][^A-Za-z0-9_一-龥]?[IiＩi]|[FfＦｆ][^A-Za-z0-9_一-龥]?[UuＵu][^A-Za-z0-9_一-龥]?[CcＣｃ][^A-Za-z0-9_一-龥]?[KkＫｋ]|[草操插日靠射擦干艹肏曰射捅尿叉曹戳搞透衮滚叼刁摸丢吊奸爆])[^A-Za-z0-9_一-龥]{0,6}([你迩他她泥祢妳伱妮尼您]|[NnＮｎ][^A-Za-z0-9_一-龥]?[IiＩi]|[TtＴｔ][^A-Za-z0-9_一-龥]?[AaＡａ]|[YyＹｙ][^A-Za-z0-9_一-龥]?[UuＵu][^A-Za-z0-9_一-龥]?[OoＯｏ]|[HhＨｈ][^A-Za-z0-9_一-龥]?[EeＥｅ][^A-Za-z0-9_一-龥]?[RrＲｒ]|[HhＨｈ][^A-Za-z0-9_一-龥]?[IiＩi][^A-Za-z0-9_一-龥]?[SsＳｓ])[^A-Za-z0-9_一-龥]{0,6}([媽嗎馬吗妈爸爹奶娘母父爷爺姐妹公婆女马嘴酿姥孙姨]|[MmＭｍ][^A-Za-z0-9_一-龥]?[AaＡａ]|[NnＮｎ][^A-Za-z0-9_一-龥]?[IiＩi][^A-Za-z0-9_一-龥]?[ＡａAa][^A-Za-z0-9_一-龥]?[ＮｎNn][^A-Za-z0-9_一-龥]?[ＧｇGg]|全[^A-Za-z0-9_一-龥]{0,6}家|[祖组][^A-Za-z0-9_一-龥]{0,6}[宗先]|麻[^A-Za-z0-9_一-龥]{0,6}痹|八[^A-Za-z0-9_一-龥]{0,6}代|媳[^A-Za-z0-9_一-龥]{0,6}妇|先[^A-Za-z0-9_一-龥]?人|户[^A-Za-z0-9_一-龥]?口|带[^A-Za-z0-9_一-龥]?穴|有[^A-Za-z0-9_一-龥]?穴)
([陈陳][^一-龥]{0,6}[水氺][^一-龥]{0,6}[扁遍编匾煸蝙鳊碥褊編鍽甂萹艑])|(李[^一-龥]{0,6}登[^一-龥]{0,6}辉)|(蒋[^一-龥]{0,6}介[^一-龥]{0,6}石)|(吕[^一-龥]{0,6}秀[^一-龥]{0,6}莲)|(邓[^一-龥]{0,6}小[^一-龥]{0,6}平)|(胡[^一-龥]{0,6}[锦紧][^一-龥]{0,6}[掏涛])|(温[^一-龥]{0,6}[家总][^一-龥]{0,6}[宝理])|(周[^一-龥]{0,6}[恩总][^一-龥]{0,6}[来理])|(共[^一-龥]{0,6}[产產][^一-龥]{0,6}[党黨])|(毛[^一-龥]{0,6}[泽择则遮][^一-龥]{0,6}[东洞])|(江[^一-龥]{0,6}[泽择则遮][^一-龥]{0,6}[明民])|([毛胡][^一-龥]{0,6}主[^一-龥]{0,6}席)|([党裆][^一-龥]{0,6}中[^一-龥]{0,6}[央秧])|(总[^一-龥]{0,6}竖[^一-龥]{0,6}鸡)|(国[^一-龥]{0,6}务[^一-龥]{0,6}院)|([疆藏台][^一-龥]{0,6}独)|(政[^一-龥]{0,6}府)|(军[^一-龥]{0,6}委)|(总[^一-龥]{0,6}书[^一-龥]{0,6}记)
([黄黃煌簧璜磺潢篁蟥穔櫎媓獚墴熿鱑].?([色涩铯銫]|[sSｓＳ][^一-龥]{0,6}[eEｅＥēéěèê])|[yYｙＹ][^一-龥]{0,6}[eEｅＥ][^一-龥]{0,6}[lLｌＬ]{2}[^一-龥]{0,6}[oOｏＯ][^一-龥]{0,6}[wWｗＷ]|[成城大][^一-龥]{0,6}[人魜]|([色涩铯銫]|[sSｓＳ][^一-龥]{0,6}[eEｅＥēéěèê])[^一-龥]{0,6}[情请箐清青]|激[^一-龥]{0,6}[情请箐清青]|[三顶頂][^一-龥]{0,6}[級级])[^一-龥]{0,3}([片罔惘辋網焹棢蛧輞誷网站]|地[^一-龥]{0,6}[址止芷]|空[^一-龥]{0,6}[间間]|[鏈链][^一-龥]{0,6}接|小[^一-龥]{0,6}[说說]|[視视][^一-龥]{0,6}[頻频]|[電电][^一-龥]{0,6}影|[錄录][^一-龥]{0,6}像)
([CcＣｃGgＧｇ][^A-Za-z0-9_一-龥]?[AaＡａ][^A-Za-z0-9_一-龥]?[OoＯｏ]|[GgＧｇ][^A-Za-z0-9_一-龥]?[AaＡａ][^A-Za-z0-9_一-龥]?[NnＮｎ]|[RrＲｒ][^A-Za-z0-9_一-龥]?[IiＩi]|[FfＦｆ][^A-Za-z0-9_一-龥]?[UuＵu][^A-Za-z0-9_一-龥]?[CcＣｃ][^A-Za-z0-9_一-龥]?[KkＫｋ]|[草操插日靠射擦干艹肏曰射捅尿叉曹戳搞透衮滚叼刁摸吊奸爆槽狗]|垃.?圾|[废廢].?物|[傻煞狗].?[笔逼筆日BbＢｂ]).{0,2}[GgＧｇ][^A-Za-zａ-ｚＡ-Ｚ0-9０-９一-龥]{0,3}[MmＭｍмМΜ]
([CcＣｃGgＧｇ][AaＡａ][OoＯｏ]|[GgＧｇ][AaＡａ][NnＮｎ]|[RrＲｒ][IiＩi]|[FfＦｆ][UuＵu][CcＣｃ][KkＫｋ]|[虐草玩操插日靠射擦干艹肏曰射捅尿叉曹戳搞透衮滚叼刁摸吊奸爆槽察]).{0,3}([拟你迩他她祢您妳伱尼呢泥妮昵铌尔]|[NnＮｎ][IiＩｉ]|[TtＴｔ][AaＡａ])[^一-龥]{0,3}([媽玛妈吗马嘛麽杩蚂犸码嗎爸爹奶嗎娘母父爷姐妹公婆女马姥孙姨么]|[BbＢｂMmＭｍ][AaＡａ]|[祖组].?[宗先]|八.?代|媳.?妇|先.?人|全.?家|老.?婆)
([丁Ｔ]磊|丁[三3]石).{0,2}(哥|亲戚|爷|妈|娘|老婆|媳妇|女良|儿|孙|狗|叔|舅|老子|傻逼|王八)|[舔摸].{0,2}([JjＪｊ雞幾鸡].?[BbＢｂ巴吧])|[操插].?[你他她]|丁磊算个?蛋|此奶大胸之罩|小姐照样操|大伙.?一起操|逼脸|卧槽拟麻痹|[装吗]了?[bB]|乳来.?伸掌|床上.?激情|女人是?被操|草妈逼|丁磊他小姨子|(([激卖脱拖].{0,2}[情身衣依晴])|(自.?慰)).{0,2}([视表婊].{0,2}[频演屏])|([视表婊].{0,2}[频演屏]).{0,2}(([激卖脱拖].{0,2}[情身衣依晴])|(自.?慰))|(裸.?聊|激.?情|脱.?衣).{0,3}([女浪美骚].?女|妹.?妹|小.?姐)|([带戴孕][^一-龥]{0,3}套).{0,3}(做[^一-龥]{0,3}[爱愛])|(做[^一-龥]{0,3}[爱愛]).{0,3}([带戴孕][^一-龥]{0,3}套)|([AaＡａ]|毛)[^A-Za-zＡ-Ｚａ-ｚ0-9０-９一-龥]{0,2}[片罔惘辋網焹棢蛧輞誷网]|[陰阴][^一-龥]{0,5}[埠道缝毛肉戶水户牝膣茎唇洞]|淫[^一-龥]{0,5}[具棒唇洞母肉乳水臀穴痒液汁嘴]|膣[^一-龥]{0,5}[壁穴]
(激|[jJｊＪ][iIｉＩ])(情|[qQｑＱ][iIｉＩ][nNｎＮ][gGｇＧ]).{0,3}([妹女聊脱性裸]|(视.?频)|(SP))|([妹女聊脱性裸]|(视.?频)|(SP)).{0,3}(激|[jJｊＪ][iIｉＩ])(情|[qQｑＱ][iIｉＩ][nNｎＮ][gGｇＧ])|([黄黃煌簧璜磺潢篁蟥穔櫎媓獚墴熿鱑].?([色涩铯銫]|[sSｓＳ][^一-龥]{0,6}[eEｅＥēéěèê])|[yYｙＹ][^一-龥]{0,6}[eEｅＥ][^一-龥]{0,6}[lLｌＬ]{2}[^一-龥]{0,6}[oOｏＯ][^一-龥]{0,6}[wWｗＷ]|[成城大][^一-龥]{0,6}[人魜]|([色涩铯銫]|[sSｓＳ][^一-龥]{0,6}[eEｅＥēéěèê])[^一-龥]{0,6}[情请箐清青]|激[^一-龥]{0,6}[情请箐清青]|[三顶頂][^一-龥]{0,6}[級级])[^一-龥]{0,3}([片罔惘辋網焹棢蛧輞誷网站]|地[^一-龥]{0,6}[址止芷]|空[^一-龥]{0,6}[间間]|[鏈链][^一-龥]{0,6}接|小[^一-龥]{0,6}[说說]|[視视][^一-龥]{0,6}[頻频]|[電电][^一-龥]{0,6}影|[錄录][^一-龥]{0,6}像)
.{1,8}(是|大)禽兽|[^一-龥]{2,3}[你叫的她他][爹妈爸母儿孙]|([GgＧｇ][^A-Za-zａ-ｚＡ-Ｚ0-9０-９一-龥]{0,3}[MmＭｍмМΜ]).{0,2}(垃.?圾|[废廢].?物|[傻煞狗].?[笔逼筆日BbＢｂ]|去.?死)|[你您他她它我妳].?[妈爸爹爷奶婆公姨姐妹父母].?临死|[你您妳].?([爹爸妈娘爷父母姨姐妹]|奶奶|姥姥).{0,2}([临林][死终]|([死终]|去世)前)|([代玳蚮]|[DdＤｄ].?[AaＡａ].?[IiＩi])[^一-龥]{0,10}([练连練炼]|[LlＬｌ].?[IiＩi].?[AaＡａ].?[NnＮｎ])|([CcＣｃGgＧｇ].?[AaＡａ].?[OoＯｏ]|[GgＧｇ].?[AaＡａ].?[NnＮｎ]|[RrＲｒ].?[IiＩi]|[FfＦｆ].?[UuＵu].?[CcＣｃ].?[KkＫｋ])[^一-龥]{0,3}[痹比逼畀必币弼]
\b[kKｋＫ白][^A-Za-zＡ-Ｚａ-ｚ一-龥]{0,3}粉\b|[收售买卖買賣].{0,2}[kKｋＫ白][^A-Za-zＡ-Ｚａ-ｚ一-龥]{0,3}粉|[搖摇][^一-龥]{0,3}[頭头][^一-龥]{0,3}丸|海[^一-龥]{0,3}洛[^一-龥]{0,3}因|[鸦鴉][^一-龥]{0,3}片|可[^一-龥]{0,3}卡[^一-龥]{0,3}因|[收售买卖買賣].{0,2}冰[^一-龥]{0,3}毒|\b冰[^一-龥]{0,3}毒\b|迷[^一-龥]{0,3}幻[^一-龥]{0,3}[药藥]|嗨[^一-龥]{0,3}[药藥]|[性春][^一-龥]{0,3}[药藥]
^(?!.*[夸说說好帥美靚帅靓酷]).*(([陈陳][^一-龥]{0,3}[水氺][^一-龥]{0,3}[扁遍编匾煸蝙鳊碥褊編鍽甂萹艑])|(李[^一-龥]{0,3}登[^一-龥]{0,3}辉)|(蒋[^一-龥]{0,3}介[^一-龥]{0,3}石)|(吕[^一-龥]{0,3}秀[^一-龥]{0,3}莲)|(邓[^一-龥]{0,3}小[^一-龥]{0,3}平)|(胡[^一-龥]{0,3}[锦紧][^一-龥]{0,3}[掏涛])|(温[^一-龥]{0,3}[家总][^一-龥]{0,3}[宝理])|(周[^一-龥]{0,3}[恩总][^一-龥]{0,3}[来理])|(共[^一-龥]{0,3}[产產][^一-龥]{0,3}[党黨])|(毛[^一-龥]{0,3}[泽择则遮][^一-龥]{0,3}[东洞])|(江[^一-龥]{0,3}[泽择则遮][^一-龥]{0,3}[明民])|([毛胡][^一-龥]{0,3}主[^一-龥]{0,3}席)|([党裆][^一-龥]{0,3}中[^一-龥]{0,3}[央秧])|(总[^一-龥]{0,3}竖[^一-龥]{0,3}鸡)|(国[^一-龥]{0,3}务[^一-龥]{0,3}院)|([疆藏台][^一-龥]{0,3}独)|(政[^一-龥]{0,3}府)|(军[^一-龥]{0,3}委)|(总[^一-龥]{0,3}书[^一-龥]{0,3}记))|([法珐琺砝發发鍅]|[fFｆＦ][aAａＡ]|三去)[^一-龥]{0,10}([轮論輪倫侖綸掄淪崙崘惀腀论伦沦仑纶抡囵倫綸綸腀淪]|[lLｌＬ][uUｕＵ][nNｎＮ]|车仑)[^一-龥]{0,10}([功工共龚公供宫攻供拱弓恭共达大汏]|[dDｄＤ][aAａＡ])
辉仔特爹|深插[^一-龥]?下半身|党产共倒打|彭德怀|身寸米青|又鸟女干你|深插[^一-龥]?下半身|我上了张柏芝|寻找性伴侣|妈Ь|施主化个逼|贫妮高潮了|盗号情缘|不要插我JJ|当我死妈|晚上爱操人|的干爹|交易公证员|广东省省长|飞翔练级|靠你嬷嬷|给老子|测试工作员|叫我父亲|丁磊你个贱货|取你贞操|轻柔我的乳|他先人|五阴争茎|扒逼看白带|丁磊以死|小骚比|河南鸡爱口交|草干你麻痹|祢妈贵姓|妈了个比|狗条一.?磊丁|丁磊下贱|巨茎会神|问候你家女人|荡妇|美女晚上叫床|光PP露JJ|以茎.?制洞|骚娘们|打泡不戴套|爱在两腿间|狗群一.?易网|征服你姐|丁磊去食屎|官方记者|一茎制洞|求佛不如求爹|你麻痹|胡惊涛|专门搞狗|专门搞内妈|厦门市.?市长|神秘盗号者
鸡情视频|帮.{0,5}练级[\d]{2,3}$|小妹脱衣|承接带练[\d]|西安市市长|秀你大爷|考妣BU带套|尼玛.?戈比|逼毛梳中分|治安基本靠狗|一刀砍掉你JJ|抓咪咪摸小B|风骚小少妇|狗Cao|尼玛啃爹|丁磊.?以死|丁磊尼玛|卫生巾|老汉推车|国家军委主席|反对独裁|淫荡小鸡蛋|许仙操大蛇|妈来个批的|顶死你的B|新安的奶奶|B里插朵花|牛逼他野爹|做暧基本靠嘴|妈Ы她亲ωо|做爱么|日本女被干|女人的阴部|妈的都喊爹|泥哪个逼|黑色他二大爷|最喜欢摸逼|鬼都叫我爷|猛亲你的咪咪|乳来伸手|贫妮高潮了|测试工作员|税务局局长|五阴争茎|扒逼看白带|小骚比|河南鸡爱口交|河南狗跪下|草干你麻痹|祢妈贵姓|妈了个比|闲的逼疼|巨茎会神|丁磊下贱|夜摸寡妇奶|江泽泯|叫我父亲|丁磊你个贱货|GＭ阿爸|交易公证员|广东省省长|雨淋JB毛没湿|专艹各种牛逼|真TMD贱丁磊|兽兽爹|西门庆.?操狗|唐僧敢操观音|男人泽东|丁磊的伯|我盗号的|封杀.?丁磊|国家主席|盗号分赃|童颜巨乳系列|魔族小浪妇|艹你[妹妈爸姐]|阴沟无水|风吹奶|大长茎|裸聊|专业破处|淫叫声|狗操|插入宋祖英|它妈|它爹|淫片|你爸|临死[后前]|推广人员|祈祷.{2}地震|淫妇|[QqＱｑ]{2}业务|.{1,3}是我儿|摸[咪眯]{2}|.{1,3}是[JjｊＪ][B8bＢｂ８]|草泥马|迩妈|开发组是|是孙子|[妈吗]了个[Bb逼]|玛勒戈壁|茎[侯候]佳阴|以茎制洞|以茎置洞|茎待佳阴|逗妇乳|AV女[人优]|舌战群乳|狂人日鸡|狂人日妓|千首观阴|观阴大师|观阴大湿|弟大勿勃|乳来伸掌|日理万鸡|九阴争茎|淫[的地得][①一⒈㈠⑴1１]手.?湿|爱阴湿毯|鸡巴|精子[日艹草操]个?[bBｂＢ比]|[bBｂＢ比]让[日艹草操]|乳的?诱惑|群乳|军区.?总政委|嫖娼|偷情|我是.{0,2}祖先|奸夫|老衲[^一-龥]{0,3}射了|性爱插|测试人员|指着?丁磊说操|许仙.?敢?草蛇|外挂监管员|茎hou佳阴|睾丸|卧槽.{1,2}戈壁|手淫|防沉迷检测员|做[嗳爱]$|([M妹女Q聊脱性]|(视.?频)|(SP)).{0,3}激情|九阴[真针贞]精|龟头|全家死|死全家|卵子|曰你二大爷|激情.{0,3}([M妹女Q聊脱性]|(视.?频)|(SP))
奸幼儿|的奶子|性行为|性病|风吹jj|下面痒|是狗|骚货|军妓|操你|此奶大胸之罩|妓院|祖宗|妓女|照样操|^淫荡的|(老二|鸡|B|b|逼).{0,2][硬痒]|咬字分开[看说念]|性饥渴|屁眼|装[Bb逼]|转操张柏芝|阴巢|丁磊是浮云|寡妇日光棍|小淫虫|草我J8|火烧JB|妞.?爷要射[了啦]|城东信誉金庄|性[^一-龥]{0,3}诱惑|JJ要干BB|[一-龥]{2,3}市.?局长|砍死[你他她它您](妹|哥|亲戚|爷|妈|娘|老婆|媳妇|女良|儿|孙|猪|狗|叔|舅|老子)|毛泽[^一-龥]{0,3}(东|dong)|诱奸犯|傻[Bb逼]|艹你麻痹|先奸后杀|摆[B逼b]给谁看|迷奸|老衲射你[1满一]脸|孙中山|贼倩女们妈|小JJ甩啊甩|日你仙人|大JJ爱小B|爆李嘉欣菊花|河南婊子|那娘们.?真骚|人大代表|JJ大的很|月经后的裤衩|干倒你嫂|胡錦涛|浪荡风骚
毛猪席|中共中央书记|美女受精了|丁磊死了没|精尽人未亡|野爹|打泡不带套|顶死你的B|光着屁股呻吟|九阴抓逼手|我叉你痛吗|最喜欢摸逼|B里插盆花|摸漂亮奶子|是我孙|共匪|我是[一-龥]{2,3}爹|勃大茎深|职业带练|奸尸|丁磊.?表嫂|专业带练|我孙子|妈个逼|爹不是耶稣|临汾市市长|黄片要不要|你死爹|何大雷表哥|二人强歼|蹲下看B|老衲法号嫖妓|工作人员|[一-龥]{2,3}的妈|是畜生|专业DL|曰狗批|中国主席|舔王维娜菊花|做爱吗|爷叫丁磊|你的死鬼老爸|妈的个比|缔造你女马|专业搞鸡|淘宝YXB|JB插BB|傻比|婊子|职业带链|测试账号|盗号贼|被狗用了|摸摸你的JJ|刘德华他祖尊|嫖妓|胡锦套|抠P眼猛舔手|亲爹|是孙子|狗日的|日本帝国|你爹|做爱$|径待.{0,2}佳阴|委书记|避孕套|你爹|((弓虽)|强).?((女干)|(火暴)|[奸爆])|(丁|[DdＤｄ][IiＩi][NnＮｎ][GgＧｇ]).{0,3}([磊雷]|[LlＬｌ][EeＥｅ][IiＩi]|三石|3石).{0,3}[妈爸爹奶娘母父爷姐妹公婆女马酿姥孙]
凸逼男勃丸|死[全荃诠铨][家嫁]|表演扣[BbｂＢ比逼]$|乳房|鸡[吧巴]|[手卖]淫|妹特思棒慰|[妈玛麻吗马][了拉勒丽辣][个隔戈][B壁]|裤裆.?俩蛋|邓.?小平|吸[添舔]取.?精|鸡鸡找洞钻|[拉吃]屎|处女膜|性交|(弓虫|弓虽|车仑).{0,2}(女干|女千)|避孕套|腿间.?唇|阳具|淫.?[一⑴]手.?湿|[狂猛我][操艹尻]|^[子孑]宫$|游系管里员|性服务|拔开毛看洞洞|[B逼].?痒|风吹.{0,2}[jｊＪJM几鸡奶][Bb子ｂＢ８M8鸡]|肉棒|[操艹日草灭].?全家|[操艹日草虐][B逼]|阴小.?湿大|腚眼|九阳真茎|性高[潮巢]|淫荡.?小穴|b里?插花b更?美|老衲射了|淫娃|自.?慰|生殖器|中共党委|内部测试|小时候.?(泽东|恩来|锦涛|家宝)|八尺大乳|泽东.?我(恩来|小平)|农村性用射|东泽毛|[爆暴].?菊花|舔[您拟他她它你]到[高搞]潮|[贱舔].?逼|煞笔|插.?[你他她].?[深浅]|泽东后代|[操草曰][你您他拟她它].?[吗妈爹爷奶娘]
淫贼|藏宝阁官方|先升级后结算|信誉[^一-龥]{0,5}带练|穿精带淫|陈冠吸张柏汁|孙子给爷跪下|职业[^一-龥]?ＤＬ|专业[^一-龥]?ＤＬ|专业帮人升级|先练号后付款|空手套你妹|淫⒈手好湿|河南人是中指|妈了个巴子|天生淫贱|丁磊之艳育|淫[^一-龥]?娃|性欲强求包养|蹲厕所[^一-龥]{0,2}吹套|阴盗部|专职破处|风吹裙起BB漏|你姥死前留|女虽女干|骚尼姑|操光尻|射精|尻遍天下处女|丁磊日你|哥专挑美女插|山西省省长|宫颈糜烂|操天之娇女妈|裤裆.?有鸟|小荡妇|骚婊子|轻含两腿唇|小婊子|摸你.?咪咪|淫魔|职业帮人练号|骑此大乳|极速带.?练|靠比不带套|震震妈舔取精|朕.?射你[有无]罪|淫贱你全家|瑶JB晃蛋|越南狗|你们的娘|贫僧[^一-龥]?要射了|淫贱和尚|女马死了|胡＃涛|老董的野爹|征服你的B|主席[^一-龥]?胡锦滔|残暴性强J|残暴性侵犯|公安局局长|以肉[^一-龥]?克肛|倒卖毒品|乱轮乱淫乱来|罗汉嫖观音|河南人de娘|古月钅帛氵寿|丁磊的大姨|哥[^一-龥]?请带套|靠恁妈|老色B|5173代表|反对党|n1妈Bi里按C4|刀砍JB毛|轮花少他老婆|茎後佳阴|吴邦国|专艹嫩穴|施主讨个逼日|淫荡[^一-龥]?奶子|妈比她亲我|以茎至洞|我是你大爷
((([工共龚供供拱恭]|([GgＧｇ][OoＯｏ][NnＮｎ][GgＧｇ]))[^一-龥]{0,6}([產产厂]|([CcＣｃ][HhＨｈ][AaＡａ][NnＮｎ]))[^一-龥]{0,6}([党黨]|([DdＤｄ][AaＡａ][NnＮｎ][GgＧｇ])))|胡.?[锦錦].?[濤涛]|毛[^一-龥]{0,6}[澤泽][^一-龥]{0,6}[东東]|中[^一-龥]{0,6}[國国]|中[^一-龥]{0,6}共|政[^一-龥]{0,6}府)[^一-龥]{0,10}(垃[^一-龥]{0,6}圾|腐[^一-龥]{0,6}[敗败]|去[^一-龥]{0,6}死|灭.?亡|狗.?熊)
((([工共龚供供拱恭]|([GgＧｇ][OoＯｏ][NnＮｎ][GgＧｇ]))[^一-龥]{0,6}([產产厂]|([CcＣｃ][HhＨｈ][AaＡａ][NnＮｎ]))[^一-龥]{0,6}([党黨]|([DdＤｄ][AaＡａ][NnＮｎ][GgＧｇ])))|胡.?[锦錦].?[濤涛]|毛[^一-龥]{0,6}[澤泽][^一-龥]{0,6}[东東]|中[^一-龥]{0,6}[國国]|中[^一-龥]{0,6}共|政[^一-龥]{0,6}府).*(邪[^一-龥]{0,6}[惡恶]|拉[^一-龥]{0,6}[攏拢]|暴[^一-龥]{0,6}力|诡[^一-龥]{0,6}变|暴[^一-龥]{0,6}政|本[^一-龥]{0,6}性|杀[^一-龥]{0,6}人|煽[^一-龥]{0,6}动|统[^一-龥]{0,6}治|本[^一-龥]{0,6}质|迫[^一-龥]{0,6}害|人[^一-龥]{0,6}[權权]|退[^一-龥]{0,6}出|起[^一-龥]{0,6}家|[權权][^一-龥]{0,6}力|民[^一-龥]{0,6}主|暴[^一-龥]{0,6}行|黑[^一-龥]{0,6}社[^一-龥]{0,6}[会會][^一-龥]{0,6}化|病[^一-龥]{0,6}态|封[^一-龥]{0,6}[鎖锁]|[濫滥][^一-龥]{0,6}用)
毛[^一-龥]{0,6}[泽择澤擇主][^一-龥]{0,6}[东東席]|周[^一-龥]{0,6}[恩總总][^一-龥]{0,6}[来來理]|[邓鄧][^一-龥]{0,6}小[^一-龥]{0,6}平|[刘劉][^一-龥]{0,6}[少绍][^一-龥]{0,6}奇|朱[^一-龥]{0,6}德|江[^一-龥]{0,6}[择泽擇澤主][^一-龥]{0,6}[民席]|朱[^一-龥]{0,6}[镕容荣榮總总][^一-龥]{0,6}[基理]|胡[^一-龥]{0,6}[锦錦井主][^一-龥]{0,6}[涛濤席]|[温溫][^一-龥]{0,6}[家總总][^一-龥]{0,6}[宝寶理]|共[^一-龥]{0,6}[產产][^一-龥]{0,6}[党黨]|[國国][^一-龥]{0,6}民[^一-龥]{0,6}[黨党]|台[^一-龥]{0,3}[独读]
李[^一-龥]{0,6}登[^一-龥]{0,10}[辉輝]|[陈陳][^一-龥]{0,6}水[^一-龥]{0,6}扁|吕[^一-龥]{0,6}秀[^一-龥]{0,6}[莲蓮]|蔡[^一-龥]{0,6}英[^一-龥]{0,6}文|彭[^一-龥]{0,10}明[^一-龥]{0,6}敏|[许許][^一-龥]{0,6}文[^一-龥]{0,6}[龙龍]|蔡[^一-龥]{0,6}同[^一-龥]{0,6}[榮荣]|[熱热][^一-龥]{0,6}比[^一-龥]{0,6}[亚亞娅]|达[^一-龥]{0,6}[赖賴][^一-龥]{0,6}喇[^一-龥]{0,6}嘛|[东東][^一-龥]{0,6}突|藏[^一-龥]{0,6}青[^一-龥]{0,6}[会會]|世[^一-龥]{0,6}维[^一-龥]{0,6}[会會]
通[^一-龥]{0,6}[告吿]|[偍提][^一-龥]{0,4}示|官.?信件|送礼通.?知|提[^一-龥]{0,6}示|公[^一-龥]{0,6}[告吿]|[系係][^一-龥]{0,6}[统綂統通筒铳]|([тТΤTtＴｔтＴ]\s{0,3}[ＡａaA]\s{0,3}[◎☉●σoOｏＯθаоОοΟΘ¤⊙○ɑāáǎàōóǒò0０oOＯｏ○〇]\s{0,3}[bＢｂB]\s{0,3}[ａＡaA]\s{0,3}[◎☉●σoOｏＯθаоОοΟΘ¤⊙○ɑāáǎàōóǒò0０oOＯｏ○〇]|[5５⒌⑸⑤㈤伍五武巫](\s|[^一-龥a-zA-Z\d]){0,5}[妖幺l!！1iIｉＩīíǐì！一壹１⒈①⑴㈠Ⅰ](\s|[^一-龥a-zA-Z\d]){0,5}[7７⒎⑺⑦㈦柒七](\s|[^一-龥a-zA-Z\d]){0,5}[⒊⑶③㈢三叁3３]|[陶桃淘тТΤTtＴｔтＴ][^一-龥]{0,5}[宝bＢｂB])
([\da-z○∩ａ-ｚA-ZＡ-ＺΑ-Ωα-ωа-яА-Я⒈-⒛ⅰ-ⅹⅠ-Ⅻāáǎàēéěèīíǐìōóǒòūúǔùǖǘǚǜüêɑńňɡāáǎàōóǒòêēéěèīíǐìūúǔùǖǘǚǜüαβγδεζηθθκλμνξοπρστυφχψω#]{2,40}[\W\S_＿]{0,2}[\da-z○∩ａ-ｚA-ZＡ-ＺΑ-Ωα-ωа-яА-Я⒈-⒛ⅰ-ⅹⅠ-Ⅻāáǎàēéěèīíǐìōóǒòūúǔùǖǘǚǜüêɑńňɡāáǎàōóǒòêēéěèīíǐìūúǔùǖǘǚǜüαβγδεζηθθκλμνξοπρστυφχψω#])[^一-龥]{0,6}[\.點点。·．,丶`][^A-Za-z0-9_一-龥]{0,6}((([aAａＡаАāáǎàɑ][^A-Za-z0-9_一-龥]{0,3}[eEｅＥēéěèê][^A-Za-z0-9_一-龥]{0,3}[rRｒＲ][^A-Za-z0-9_一-龥]{0,3}[oOｏＯōóǒò0０oOＯｏ○〇]|[aAａＡаАāáǎàɑ][^A-Za-z0-9_一-龥]{0,3}[rRｒＲ][^A-Za-z0-9_一-龥]{0,3}[pPｐＰ][^A-Za-z0-9_一-龥]{0,3}[aAａＡаАāáǎàɑ]|[bBｂＢ][^A-Za-z0-9_一-龥]{0,3}[iIｉＩīíǐì][^A-Za-z0-9_一-龥]{0,3}[zZｚＺ]|[℃ｃcCＣсСＧて][^A-Za-z0-9_一-龥]{0,3}[oOｏＯōóǒò0０oOＯｏ○〇][^A-Za-z0-9_一-龥]{0,3}[ＭMmｍМΜMм㎡]|[℃ｃcCＣсСＧて][^A-Za-z0-9_一-龥]{0,3}[oOｏＯōóǒò0０oOＯｏ○〇][^A-Za-z0-9_一-龥]{0,3}[oOｏＯōóǒò0０oOＯｏ○〇][^A-Za-z0-9_一-龥]{0,3}[pPｐＰ]|[eEｅＥēéěèê][^A-Za-z0-9_一-龥]{0,3}[dDｄＤ][^A-Za-z0-9_一-龥]{0,3}[uUｕＵūúǔùǖǘǚǜü]|[gGｇＧɡ][^A-Za-z0-9_一-龥]{0,3}[oOｏＯōóǒò0０oOＯｏ○〇][^A-Za-z0-9_一-龥]{0,3}[vVｖＶ]|[iIｉＩīíǐì][^A-Za-z0-9_一-龥]{0,3}[nNｎＮńň][^A-Za-z0-9_一-龥]{0,3}[fFｆＦ][^A-Za-z0-9_一-龥]{0,3}[oOｏＯōóǒò0０oOＯｏ○〇]|[iIｉＩīíǐì][^A-Za-z0-9_一-龥]{0,3}[nNｎＮńň][^A-Za-z0-9_一-龥]{0,3}[tTｔＴ]|[jJｊＪ][^A-Za-z0-9_一-龥]{0,3}[oOｏＯōóǒò0０oOＯｏ○〇][^A-Za-z0-9_一-龥]{0,3}[bBｂＢ][^A-Za-z0-9_一-龥]{0,3}[sSｓＳ]|[ＭMmｍМΜMм㎡][^A-Za-z0-9_一-龥]{0,3}[iIｉＩīíǐì][^A-Za-z0-9_一-龥]{0,3}[lLｌＬ]|[ＭMmｍМΜMм㎡][^A-Za-z0-9_一-龥]{0,3}[uUｕＵūúǔùǖǘǚǜü][^A-Za-z0-9_一-龥]{0,3}[sSｓＳ][^A-Za-z0-9_一-龥]{0,3}[eEｅＥēéěèê][^A-Za-z0-9_一-龥]{0,3}[uUｕＵūúǔùǖǘǚǜü][^A-Za-z0-9_一-龥]{0,3}[ＭMmｍМΜMм㎡]|[nNｎＮńň][^A-Za-z0-9_一-龥]{0,3}[aAａＡаАāáǎàɑ][^A-Za-z0-9_一-龥]{0,3}[ＭMmｍМΜMм㎡][^A-Za-z0-9_一-龥]{0,3}[eEｅＥēéěèê]|[nNｎＮńň][^A-Za-z0-9_一-龥]{0,3}[aAａＡаАāáǎàɑ][^A-Za-z0-9_一-龥]{0,3}[tTｔＴ][^A-Za-z0-9_一-龥]{0,3}[oOｏＯōóǒò0０oOＯｏ○〇]|[nNｎＮńň[^A-Za-z0-9_一-龥]{0,3}[eEｅＥēéěèê][^A-Za-z0-9_一-龥]{0,3}[tTｔＴ]|[oOｏＯōóǒò0０oOＯｏ○〇][^A-Za-z0-9_一-龥]{0,3}[rRｒＲ][^A-Za-z0-9_一-龥]{0,3}[gGｇＧɡ]|[pPｐＰ][^A-Za-z0-9_一-龥]{0,3}[rRｒＲ][^A-Za-z0-9_一-龥]{0,3}[oOｏＯōóǒò0０oOＯｏ○〇]|[tTｔＴ][^A-Za-z0-9_一-龥]{0,3}[rRｒＲ][^A-Za-z0-9_一-龥]{0,3}[aAａＡаАāáǎàɑ][^A-Za-z0-9_一-龥]{0,3}[vVｖＶ][^A-Za-z0-9_一-龥]{0,3}[eEｅＥēéěèê][^A-Za-z0-9_一-龥]{0,3}[lLｌＬ]|[lLｌＬ][^A-Za-z0-9_一-龥]{0,3}[aAａＡаАāáǎàɑ]|[℃ｃcCＣсСＧて][^A-Za-z0-9_一-龥]{0,3}[nNｎＮńň])))
(([\d０-９A-Za-zＡ-Ｚａ-ｚΑ-Ωα-ωа-яА-Я㈠-㈩①-⑩⑴-⒇⒈-⒛ⅰ-ⅹⅠ-Ⅻāáǎàēéěèīíǐìōóǒòūúǔùǖǘǚǜüêɑńň?ɡāáǎàōóǒòêēéěèīíǐìūúǔùǖǘǚǜü][^一-龥]{0,3}){3}).{0,3}[\.點电点、。·．丶`][^A-Za-z0-9]{0,6}([iIｉＩīíǐì][^A-Za-z0-9]{0,3}[nNｎＮńň?][^A-Za-z0-9]{0,3}[fFｆＦ][^A-Za-z0-9]{0,3}[oOｏＯōóǒò0０oOＯｏ○〇]|[TtＴｔ][KkＫｋ])
(([\d０-９A-Za-zＡ-Ｚａ-ｚΑ-Ωα-ωа-яА-Я㈠-㈩①-⑩⑴-⒇⒈-⒛ⅰ-ⅹⅠ-Ⅻāáǎàēéěèīíǐìōóǒòūúǔùǖǘǚǜüêɑńň?ɡāáǎàōóǒòêēéěèīíǐìūúǔùǖǘǚǜü][^一-龥]{0,3}){3}).{0,3}[\.點电点。·．丶`][^\d0０-９A-Za-zＡ-Ｚａ-ｚ]{0,10}([℃ｃcCＣсСＧて][^\d0０-９A-Za-zＡ-Ｚａ-ｚ]{0,10}[偶欧呕oOｏＯθаоОοΟΘ¤⊙○ɑāáǎàōóǒò0０oOＯｏ○〇]).*([歐美欧日韩網娇网铯色]|明星|免[費费]|[護护]士|空姐|[尽盡]在|[裸艷艳]照|张柏芝|幸运|地址|[获抽][奖取得]|恭喜|登[录陆])
([歐美欧日韩網娇网铯色]|明星|免[費费]|[護护]士|空姐|[尽盡]在|[裸艷艳]照|张柏芝|幸运|地址|[获抽][奖取得]|恭喜|登[录陆]).*(([\d０-９A-Za-zＡ-Ｚａ-ｚΑ-Ωα-ωа-яА-Я㈠-㈩①-⑩⑴-⒇⒈-⒛ⅰ-ⅹⅠ-Ⅻāáǎàēéěèīíǐìōóǒòūúǔùǖǘǚǜüêɑńň?ɡāáǎàōóǒòêēéěèīíǐìūúǔùǖǘǚǜü][^一-龥]{0,3}){3}).{0,3}[\.點点。·．丶、`][^\d0０-９A-Za-zＡ-Ｚａ-ｚ]{0,10}([℃ｃcCＣсСＧて][^\d0０-９A-Za-zＡ-Ｚａ-ｚ]{0,10}[偶欧呕oOｏＯθаоОοΟΘ¤⊙○ɑāáǎàōóǒò0０oOＯｏ○〇]|[TtＴｔ][KkＫｋ])
^(?!.*(([1１]\s{0,5}[６6２2]\s{0,5}[3３６6]|[xX][yY][2２⒉㈡②⑵二贰]|[Tt][Aa][Oo][Bb][Aa][Oo]|[Bb][Aa][Ii][Dd][Uu]|[Qq]{2}|[Yy][Ee][Zz][Ii][Zz][Hh][Uu]|[5５][１1][７7][３3]))\s{0,5}[\.點典电店点\*、。·．丶`,，，;\s]\s{0,5}[\(（℃ｃ￠cCＣсСＧてㄈ]\s{0,5}[偶欧哦呕（\(◎☉●σoOｏＯθаоОοΟΘ¤⊙○ɑāáǎàōóǒò0０oOＯｏ○〇]).*(([\d０-９A-Za-zＡ-Ｚａ-ｚΑ-Ωα-ωа-яА-Я㈠-㈩①-⑩⑴-⒇⒈-⒛ⅰ-ⅹⅠ-Ⅻāáǎàēéěèīíǐìōóǒòūúǔùǖǘǚǜüêɑńň?ɡāáǎàōóǒòêēéěèīíǐìūúǔùǖǘǚǜü][^一-龥]{0,3}){3}).{0,3}[\.點电点、。·．丶`][^\d0０-９A-Za-zＡ-Ｚａ-ｚ]{0,10}([\(（℃ｃcCＣсСＧて][^\d0０-９A-Za-zＡ-Ｚａ-ｚ]{0,10}[偶欧呕oOｏＯθаоОοΟΘ¤⊙○ɑāáǎàōóǒò0０oOＯｏ○〇][^\d0０-９A-Za-zＡ-Ｚａ-ｚ]{0,10}[ＭMmｍМΜMм㎡nNｎＮńňηиИйЙлЛпПΠπ])
^(?!.*(([1１]\s{0,5}[６6２2]\s{0,5}[3３６6]|[xX][yY][2２⒉㈡②⑵二贰]|[Tt][Aa][Oo][Bb][Aa][Oo]|[Bb][Aa][Ii][Dd][Uu]|[Qq]{2}|[Yy][Ee][Zz][Ii][Zz][Hh][Uu]|[5５][１1][７7][３3]))\s{0,5}[\.點典电店点\*、。·．丶`,，，;\s]\s{0,5}[\(（℃ｃ￠cCＣсСＧてㄈ]\s{0,5}[偶欧哦呕（\(◎☉●σoOｏＯθаоОοΟΘ¤⊙○ɑāáǎàōóǒò0０oOＯｏ○〇]).*(([\d０-９A-Za-zＡ-Ｚａ-ｚΑ-Ωα-ωа-яА-Я㈠-㈩①-⑩⑴-⒇⒈-⒛ⅰ-ⅹⅠ-Ⅻāáǎàēéěèīíǐìōóǒòūúǔùǖǘǚǜüêɑńň?ɡāáǎàōóǒòêēéěèīíǐìūúǔùǖǘǚǜü零一二三四五六七八九][^一-龥]{0,3}){3})[^一-龥]{0,3}[\-\.點典电店点\*、。·．丶`,，，;\s][^一-龥\d0０-９A-Za-zＡ-Ｚａ-ｚ]{0,10}([\(（℃ｃ￠cCＣсСＧてㄈ][^\d0０-９A-Za-zＡ-Ｚａ-ｚ]{0,10}[偶欧哦呕（\(◎☉●σoOｏＯθаоОοΟΘ¤⊙○ɑāáǎàōóǒò0０oOＯｏ○〇][^\d0０-９A-Za-zＡ-Ｚａ-ｚ]{0,10}[木ＭMmｍМΜMм㎡nNｎＮńňηиИйЙлЛпПΠπ∧]|[卡抗坑吭康亢糠慷][姆木母])|是我儿|射你满脸|精液|孔子曰：我操|临死前|月经期|乳沟|卖淫|我爹|.{2,4}的爹|奶罩|我操、我狂操|他(二大三)?娘|此罩[奶乳]大|操死你
[你迩他她祢妳伱尼恁泥妮][^a-zA-Z一-龥0-9_丷灬一丨丿乀乄丶]*[媽嗎马嘛骂码玛蚂犸罵碼馬吗妈麻駡](了?个)?[^a-zA-Z一-龥0-9_丷灬一丨丿乀乄丶]*[Bb痹比逼畀币笔必碧]|[操草曹槽日糙嘈漕肏螬艹襙騲艚愺擦礤嚓插叉][^a-zA-Z一-龥0-9_丷灬一丨丿乀乄丶]*[你迩他她祢妳伱尼恁泥妮][^a-zA-Z一-龥0-9_丷灬一丨丿乀乄丶]*([媽嗎马嘛骂码玛蚂犸罵碼馬吗妈麻駡]|[全泉诠荃铨筌佺][嫁加稼镓傢鎵家])|以茎[制治]洞|[全泉诠荃铨筌佺][嫁加稼镓傢鎵家][^a-zA-Z一-龥0-9_丷灬一丨丿乀乄丶]*([出础绌絀][^a-zA-Z一-龥0-9_丷灬一丨丿乀乄丶]*[门们扪钔們門鍆][^a-zA-Z一-龥0-9_丷灬一丨丿乀乄丶]*)?被|约炮|阴[^a-zA-Z一-龥0-9_丷灬一丨丿乀乄丶]*[茎道]
[充冲][^一-龥]*值|官[^一-龥]*方|bitch|fuck|金瓶梅
\d[^一-龥0-9a-z]*?\d[^一-龥]*?折|[李礼理例][^一-龥]*?[包苞鲍胞抱孢刨]|[佰白][^一-龥]*?[度肚][^一-龥]*?搜|返[^一-龥]*?利
