Isolation,Sample
近平,习近平習近平
赵薇,趙薇赵薇
吴亦凡,吳亦凡吴亦凡
毛泽东,毛泽东毛澤東
泽民,江泽民江澤民
明泽,习明泽習明澤
鄒幸彤,鄒幸彤邹幸彤
薄熙来,薄熙来薄熙來
张哲瀚,張哲瀚张哲瀚
邓小平,邓小平鄧小平
郑爽,郑爽鄭爽
胡锦涛,胡锦涛鬍錦濤
霍尊,霍尊
周永康,周永康
文贵,郭文贵郭文貴
克强,李克强李剋強
曾庆红,曾庆红曾慶紅
赵紫阳,赵紫阳趙紫陽
王 + 岐 + 山,王岐山
习仲勋,习仲勋習仲勛
金正恩,金正恩
周恩来,周恩来周恩來
彭丽,彭丽媛彭麗媛
温家宝,温家宝溫傢寶
孙政才,孙政才孫政纔
中森明菜,中森明菜
耀邦,胡耀邦鬍耀邦
汪洋,汪洋
华国锋,华国锋華國鋒
波多野結衣,波多野結衣波多野结衣
达赖,第十四世达赖喇嘛第十四世達賴喇嘛
彭德怀,彭德怀彭德懷
胡春华,胡春华鬍春華
朱镕基,朱镕基硃鎔基
薄瓜瓜,薄瓜瓜
林鄭月娥,林鄭月娥林郑月娥
王沪宁,王沪宁王滬寜
刘晓波,刘晓波劉曉波
李鹏,李鹏李鵬
索罗斯,乔治索罗斯喬治索羅斯
韩正,韩正韓正
習遠平,習遠平习远平
任志强,任志强任誌強
叶剑英,叶剑英葉劍英
栗战书,栗战书栗戰書
明日花绮罗,明日花綺羅明日花绮罗
松隆子,松隆子鬆隆子
李洪志,李洪志李洪誌
毛岸英,毛岸英
刘鹤,刘鹤劉鶴
赵乐,赵乐际趙樂際
蔡霞,蔡霞
江志成,江志成江誌成
金日成,金日成
王立军,王立军王立軍
胡海峰,胡海峰鬍海峰
丁薛祥,丁薛祥
黄明志,黄明志黃明誌
Abo,BugAboo
黃之鋒,黃之鋒黄之锋
柴玲,柴玲
深田恭子,深田恭子
井 + 苍,蒼井空苍井空
齐桥桥,齐桥桥齊橋橋
孟建柱,孟建柱
张澜澜,张澜澜張瀾瀾
李源潮,李源潮
金正日,金正日
江绵恒,江绵恒江綿恒
艾未未,艾未未
张培莉,张培莉張培莉
坦克人,坦克人坦剋人
陈敏尔,陈敏尔陳敏爾
陈希,陈希陳希
陈破空,陈破空陳破空
吾爾開,吾爾開希多萊特吾尔开希多莱特
邓朴方,邓朴方鄧樸方
陈良宇,陈良宇陳良宇
华春莹,华春莹華春瑩
吉泽明,吉澤明步吉泽明步
孙春兰,孙春兰孫春蘭
大桥未久,大橋未久大桥未久
杨洁篪,杨洁篪楊潔篪
矢板明夫,矢板明夫矢闆明夫
梁振英,梁振英
李文亮,李文亮
賴昌星,賴昌星赖昌星
劉仲敬,劉仲敬刘仲敬
谷开来,谷開來谷开来榖開來
贾庆林,贾庆林賈慶林
松本,松本潤松本润鬆本潤
邓家贵,邓家贵鄧傢貴
井 + 苍,蒼井優苍井优
俞正声,俞正声俞正聲
相馬茜,相馬茜相马茜
金與正,金與正金与正
蔡奇,蔡奇
內田,內田有紀内田有纪
司徒華,司徒華司徒华
姚依林,姚依林
董建華,董建華董建华
天海翼,天海翼
內田,內田真禮内田真礼
张维迎,张维迎張維迎
张春桥,张春桥張春橋
曾蔭權,曾蔭權曾荫权
金正男,金正男
辛灏年,辛灏年辛灝年
濑亚美莉,一之瀨亞美莉一之濑亚美莉
李卓人,李卓人
吉岡,吉岡里帆吉冈里帆吉岡裏帆
飯島愛,飯島愛饭岛爱
魏京生,魏京生
徐晓冬,徐晓冬徐曉鼕
麻美由真,麻美由真
刘永清,刘永清劉永清
松岛枫,松島楓松岛枫鬆島楓
李雪主,李雪主
张德江,张德江張德江
中山美穗,中山美穗
安藤,安藤忠雄
风间由美,風間由美风间由美
李志绥,李志绥李誌綏
刘云山,刘云山劉雲山
郭声琨,郭声琨郭聲琨
上戶彩,上戶彩上户彩
李瑞环,李瑞环李瑞環
黄坤明,黄坤明黃坤明
张高丽,张高丽張高麗
ABO,LABOUM
卢军宏,卢军宏盧軍宏
內田,內田理央内田理央
習正寧,習正寧习正宁
张成泽,张成泽張成澤
陈全国,陈全国陳全國
陈希,陈希同陳希同
赵克志,赵克志趙剋誌
閆麗夢,閆麗夢闫丽梦
石原莉奈,石原莉奈
吴邦国,吴邦国吳邦國
松本,松本一香鬆本一香
热比娅,热比娅卡德尔熱比婭卡德爾
程晓农,程晓农程曉農
魏凤和,魏凤和魏鳳和
Sex,SexyZone
安藤,安藤百福
鲍彤,鲍彤鮑彤
鲍彤,鲍彤鮑彤
宏志,詹宏志詹宏誌
橘梨纱,橘梨纱橘梨紗
周小平,周小平
李小琳,李小琳
李書福,李書福李书福
吉川,吉川愛美吉川爱美
胡启立,胡启立鬍啓立
方励之,方励之方勵之
李鸿忠,李鸿忠李鴻忠
贺国强,贺国强賀國強
周强,周强周強
菅野美穗,菅野美穗
鈴木保奈美,鈴木保奈美铃木保奈美
李长春,李长春李長春
刘延东,刘延东劉延東
仁科百华,仁科百華仁科百华
立花里子,立花里子立花裏子
由爱可奈,由爱可奈由愛可奈
雨宫琴音,雨宮琴音雨宫琴音
杨晓渡,杨晓渡楊曉渡
修贤,李修贤李修賢
早川濑里奈,早川瀨里奈早川濑里奈早川瀨裏奈
佐山爱,佐山愛佐山爱
井 + 苍,蒼井翔太苍井翔太
朱云来,朱云来硃雲來
田彩也香,友田彩也香
陈光诚,陈光诚陳光誠
鲁炜,鲁炜魯煒
樹里,上野樹里上野树里上野樹裏
JB,JB
黑木瞳,黑木瞳
吴官正,吴官正吳官正
香里奈,香里奈香裏奈
许章润,许章润許章潤
班農,斯蒂芬班農斯蒂芬班农
孟学农,孟学农孟學農
傅政华,傅政华傅政華
希志爱野,希志愛野希志爱野希誌愛野
栗山千明,栗山千明栗山韆明
戴晴,戴晴
安藤,安藤櫻安藤樱
李小勇,李小勇
達明一派,達明一派达明一派
茅于轼,茅于轼茅於軾
戴相龙,戴相龙戴相龍
清海無上師,清海無上師清海无上师
盧勝彥,盧勝彥卢胜彦
程虹,程虹
罗干,罗干羅乾
松本,松本菜奈實松本菜奈实鬆本菜奈實
孟宏伟,孟宏伟孟宏偉
王兆国,王兆国王兆國
杨晶,杨晶楊晶
杉原杏璃,杉原杏璃
王小洪,王小洪
何清涟,何清涟何清漣
nP,CrayonPop
小向美奈子,小向美奈子小嚮美奈子
青山知可子,青山知可子
小澤圓,小澤圓小泽圆
武田,武田玲奈
崔世安,崔世安
色情,色情涂鸦色情塗鴉
何立峰,何立峰
何长工,何长工何長工
高坂保奈美,高坂保奈美高阪保奈美
周永康,周永康
蔡耀昌,蔡耀昌
章含之,章含之
许家屯,许家屯許傢屯
高智晟,高智晟
袁红冰,袁红冰袁紅冰
张春贤,张春贤張春賢
川島和津實,川島和津實川岛和津实
丁仲礼,丁仲礼丁仲禮
丁仲礼,丁仲礼丁仲禮
ABo,LABoyz
小泉今日子,小泉今日子
叶简明,叶简明葉簡明
何厚鏵,何厚鏵何厚铧
羽田爱,羽田愛羽田爱
许志永,许志永許誌永
丁子霖,丁子霖
刘奇葆,刘奇葆劉奇葆
植田,植田佳奈
横山,横山美雪橫山美雪
麻生早苗,麻生早苗
朝美穗香,朝美穗香
美尤利娅,里美尤利娅裏美尤利婭
刘士余,刘士余劉士餘
吉川,吉川蓮吉川莲
尉健行,尉健行
西野翔,西野翔
義雲高,義雲高义云高
冬月枫,冬月楓冬月枫鼕月楓
陈吉宁,陈吉宁陳吉寜
林榮基,林榮基林荣基
陈至立,陈至立陳至立
王军涛,王军涛王軍濤
麻生久美子,麻生久美子
早乙女露,早乙女露依
董事長樂團,董事長樂團董事长乐团
小池荣子,小池荣子小池榮子
王乐泉,王乐泉王樂泉
森高千里,森高千里森高韆裏
王炳章,王炳章
爱田由,愛田由爱田由
安藤,安藤政信
梁凌杰,梁凌杰梁淩傑
石田光,石田光
陈文清,陈文清陳文清
肖俊,肖俊
邓聿文,邓聿文鄧聿文
李岚清,李岚清李嵐清
松本,松本真理香鬆本真理香
刘宾雁,刘宾雁劉賓雁
陳敏兒,陳敏兒陈敏儿
长谷川,长谷川京子長榖川京子
吹石一惠,吹石一惠
陶君行,陶君行
水野美紀,水野美紀水野美纪
彭蕾,彭蕾
松本,松本梨香鬆本梨香
松本,松本穗香鬆本穗香
沈跃跃,沈跃跃瀋躍躍
吉川,吉川愛吉川爱
及川奈央,及川奈央
郑爽,郑爽鄭爽
高树玛利亚,高树玛利亚高樹瑪利亞
资中筠,资中筠資中筠
王力雄,王力雄
章立凡,章立凡
张千帆,张千帆張韆帆
申纪兰,申纪兰申紀蘭
卢展工,卢展工盧展工
李 + 明慧,李明慧
夏目奈奈,夏目奈奈
万鄂湘,万鄂湘萬鄂湘
曹建明,曹建明
严家其,严家其嚴傢其
伊力哈木 + 土赫提,伊力哈木土赫提
石濤,葉石濤叶石涛
星野飞鸟,星野飛鳥星野飞鸟
江角真紀子,江角真紀子江角真纪子
杉本彩,杉本彩
廖天琪,廖天琪
玄松月,玄松月玄鬆月
夕樹舞子,夕樹舞子夕树舞子
章诒和,章诒和章詒和
松本,松本若菜鬆本若菜
林匡正,林匡正
矢田亞希子,矢田亞希子矢田亚希子
和久井映見,和久井映見和久井映见
慎海雄,慎海雄
谢伏瞻,谢伏瞻謝伏瞻
長谷川,長谷川博己长谷川博己長榖川博己
ABO,KANABOON
小澤真珠,小澤真珠小泽真珠
夏业良,夏业良夏業良
郭金龙,郭金龙郭金龍
李旺陽,李旺陽事件李旺阳事件
小鳩美愛,小鳩美愛小鸠美爱
并木优,並木優并木优
趙樂,趙樂賢赵乐贤
大浦安娜,大浦安娜
任学锋,任学锋任學鋒
白石瞳,白石瞳
本田美奈子,本田美奈子
横山,横山美玲橫山美玲
長谷川,長谷川留衣长谷川留衣長榖川留衣
松本,松本麻里奈鬆本麻裏奈
吴仁华,吴仁华吳仁華
铃木杏里,鈴木杏里铃木杏里鈴木杏裏
武田,武田鐵矢武田铁矢
AV,VAV
王立銘,王立銘王立铭
赵乐,赵乐秦趙樂秦
今井繪理子,今井繪理子今井绘理子
今井繪理子,今井繪理子今井绘理子
帕巴拉格列朗杰,帕巴拉格列朗杰帕巴拉格列朗傑
瀨戶朝香,瀨戶朝香濑户朝香
李建国,李建国李建國
JB,JBJ
松本,松本人志鬆本人誌
王傳福,王傳福王传福
安藤,安藤利吉
王若望,王若望
Sex,FormosaSexy
吉岡,吉岡秀隆吉冈秀隆
石黑京香,石黑京香
杨奎松,杨奎松楊奎鬆
樊京輝,樊京輝樊京辉
酒井美紀,酒井美紀酒井美纪
余杰,余杰恩餘傑恩
手槍,性手枪性手槍
吉岡,吉岡聖惠吉冈圣惠
相川七瀨,相川七瀨相川七濑
戴秉国,戴秉国戴秉國
瀨奈,瀨奈真緒濑奈真绪
包遵信,包遵信
楊憲宏,楊憲宏杨宪宏
加藤愛,加藤愛加藤爱
白石美帆,白石美帆
梁稳根,梁稳根梁穩根
德田重男,德田重男
鈴木麻奈美,鈴木麻奈美铃木麻奈美
金觀濤,金觀濤金观涛
菅野亚梨沙,菅野亞梨沙菅野亚梨沙
朝日奈明,朝日奈明
紫彩乃,紫彩乃
王东明,王东明王東明
加藤莉娜,加藤莉娜
渡濑晶,渡瀨晶渡濑晶
伍修权,伍修权伍修權
鈴木亞美,鈴木亞美铃木亚美
赵洪祝,赵洪祝趙洪祝
李鵬,李鵬飛李鹏飞
赵维山,赵维山趙維山
庄国荣,莊國榮庄国荣
廖晖,廖暉廖晖
ntr,CountryGirls
橫山,橫山裕横山裕
万润南,万润南萬潤南
柳惠千,柳惠千柳惠韆
森奈奈,森奈奈子
馬凱,馬凱碩马凯硕
袁纯清,袁纯清袁純清
AV,FLAVOR
李慎之,李慎之
雛形明子,雛形明子雏形明子
程嘉美,程嘉美
盘古乐团,盤古樂團盘古乐团
佐藤藍子,佐藤藍子佐藤蓝子
平山綾,平山綾平山绫
天海丽,天海麗天海丽
武维华,武维华武維華
强卫,强卫強衛
长濑爱,長瀨愛长濑爱
nP,JohnPark
憂木瞳,憂木瞳忧木瞳
萩原舞,萩原舞
张庆黎,张庆黎張慶黎
陳一新,陳一新陈一新
田中真紀,田中真紀子田中真纪子
马馼,马馼馬馼
吉岡,吉岡日和吉冈日和
郭寶勝,郭寶勝郭宝胜
阮銘,阮銘阮铭
星崎未來,星崎未來星崎未来
庹震,庹震
李英浩,李英浩
持田香織,持田香織持田香织
松本,松本典子鬆本典子
