Check,Keyword,Machine translation,Human translation (if necessary),Notes,Source,Source2,Source3
,狐瘟乱中华,Fox plague chaos China,Hu-Wen disorder in China,criticism of Hu Jintao and Wen Jiabao,,,
,习胡北戴河,Xi Hu Beidaihe,,resort town where CCP leadership gathers to discuss future policies,,,
,内幕江胡斗,Insider Jiang Hu Dou,Behind the scenes Jiang-Hu conflict,Jiang Zemin and Hu Jintao reported infighting,,,
*,江家帮反扑,Jiang's home to help counterattack,Jiang's associates and clique counterattack,Counterattack against Hu's attempt to push them out of power,http://www.epochtimes.com/gb/6/10/2/n1473870.htm,,
,李洪林访谈录,Li Honglin Interview,,"Li Honglin used to be deputy director of the Theory Bureau of the CCP's Propaganda Department, before being pushed out of party for his views on democracy. He gave a prominent interview with Tencent in 2013 where he criticized Mao and others",http://v.qq.com/page/u/0/i/u0012z92qsi.html,http://www.youtube.com/watch?v=psr_JlL1Cus,http://www.letscorp.net/archives/52985
,马正其渎职,Ma is the malfeasance,Ma Zhengqi's wrongdoings,Journalist accused former vice-mayor of Chongqing for malfeasance; journalist was jailed,http://www.globalpost.com/dispatch/news/afp/130825/china-journalist-held-chongqing-rumours,http://www.scmp.com/news/china/article/1292953/another-mainland-journalist-uses-real-name-accuse-official-corruption,
,曾伟曾庆红,Zeng Zeng Qinghong,"Zeng Wei, Zeng Qinghong","Zeng Qinghong was member of Polibitburo Standing Ctte and ally of Jiang. In 2010 Zeng Qinghong's son, Zeng Wei used millions of dollars to buy an Australian property which caught up by the media. (Wikipedia)",http://en.wikipedia.org/wiki/Zeng_Qinghong,http://dailynews.sina.com/gb/chn/chnnews/ausdaily/20130618/16494653020.html,
,洗刷陆肆罪名,Wash Lusi charges,Whitewashing June 4 accusations,"Jack Ma, head of Alibaba who was known for his outspoken nature, made comments supportive of the government's crackdown on June 4 and censorship of the event. He later backtracked and the interviewer at the newspaper, SCMP, tried to remove those references after the article had already gone up. However, netizens noticed and the the reporter was fired for tampering with an article. 陆肆 in China Chats.",http://globalvoicesonline.org/2013/07/17/billionaire-jack-ma-makes-about-face-praises-chinese-government/,http://beijingcream.com/2013/07/scmp-reporter-who-interviewed-jack-ma-resigns/,
,江绵恒的儿子,Mr Jiang 's son,Jiang Mianheng's son,"Jiang Zhicheng, grandson of Jiang Zemin, set up private equity fund. Article mentions images of Zhicheng and his grandfather have become a meme?",http://www.wantchinatimes.com/news-subclass-cnt.aspx?id=20120529000053&cid=1101,,
,平反64中共,Rehabilitated 64 CPC,"Rehabilitate/give redress to June 4 [victims], Communist Party","A popular chant at the Hong Kong June 4 commemoration, to ask the Communist Party to politically rehabilitate those who organized the protests and/or were arrested/killed at the event",,,
,民运64屠城,MDC 64 massacre,June 4 movement massacre,,,,
,六四民运人士,Sixty-four democracy activist,June 4 movement activist,,,,
,纪念六四运动,June 4th Movement,June 4 movement commemoration,,,,
,六四学运领导,1989 democracy movement leader,June 4 student leader,,,,
,北京六四屠杀,Beijing Tiananmen massacre,,,,,
,六四维园论坛,Sixty-four Victoria Park Forum,June 4 Victoria Park Forum,,,,
,六四维园集会,Sixty-four Victoria Park rally,June 4 Victoria Park rally,,,,
*,吸金贫立刻抢,Poverty immediately attracts the gold rush,?,,,,
,六四烛光晚会,Candlelight vigil,June 4 candlenight vigil,,,,
,维园六四晚会,4 June vigil at Victoria Park,,,,,
,毋忘64事件,Not to forget the 64 events,Never forget June 4,,,,
,平反89民运,Vindication of 89 pro-democracy movement,,,,,
,维园烛光晚会,Victoria Park candlelight vigil,,,,,
,共产党新唐人,Communist Party NTDTV,,,,,
,八九六四民运,Eight thousand nine hundred sixty-four pro,June 4 movement,,,,
,六四八九民运,Six thousand four hundred eighty-nine pro,June 4 movement,,,,
,彭丽媛的骚穴,Peng Liyuan Saoxue,"Peng Liyuan ""hot/sexy hole""","hot like flirty or salacious, hole as in vagina. A fictitious story featuring Xi Jinping's wife as the main character",http://bbs.6park.com/bbs4/messages/63335.html,,
,总理家人隐秘,Premier family secret,,"Premier being Wen Jiabao, family secret being their immense wealth revealed in NYT expose.",,,
,天安门大屠杀,Tiananmen Square Massacre,,,,,
,严惩影帝家族,Punish winner family,Punish the Best Actor's family,"The ""actor"" being a reference to Wen Jiabao.",http://en.wikipedia.org/wiki/China's_Best_Actor:_Wen_Jiabao,,
,中共活摘器官,Organ Harvesting,Communist Party organ harvesting,"Falun Gong alleges that the CCP harvests organs from members who have been persecuted, captured, and executed.",,,
,糊淘淘温饱饱,Tao Tao paste full of food and clothing,"""Hu Taotao, Wen Baobao""","A critical song about Hu and Wen, patterned as a nursery rhyme of sorts",http://www.boxun.com/forum/201012/boxun2010/158119.shtml,,
*,习家军班底啦,Xi team of military and civilian friends,,Allegations of patronage by Xi in appointing military officers and such.,http://big5.backchina.com/news/2013/10/18/266834.html,,
,六四独光晚会,Sixty-four unique light show,"June 4 independence ""light show""","""light show"" probably the candles which are held aloft during the vigil in Hong Kong",,,
,六四游行,Sixty-four Parade,June 4 parade,,,,
,平反六四,Vindication,Rehabilitate/give redress to June 4,,,,
,中共镇压藏民,Chinese Communist repression of Tibetan,Chinese Communist repression of Tibetans,,,,
,温鸡巴经常哭,Wen Cock often cry,Dick Wen cries everyday,"鸡巴 = penis, but here probably an insulting nickname for Wen Jiabao as opposed to referring to his actual anatomy.",,,
,六四学生死了,Sixty-four student died,June 4 students died,,,,
,许家屯回忆录,Xu Jiatun memoirs,,"former head of HK Xinhua, fled to US after expressing support for June 4 protesters. Was caught up in some corruption allegations, wrote a memoir in 1990 that discussed Hong Kong's history and future",http://books.google.com/books?id=EZzq-2IW4iQC&pg=PA238&lpg=PA238&dq=xu+jiatun+june+4&source=bl&ots=Me0oOfXOnZ&sig=d7-66DXxuEiDaivc8npgbB0CcUM&hl=en&sa=X&ei=aOODUoLoJe224APFnYBA&ved=0CFsQ6AEwBw#v=onepage&q=xu%20jiatun%20june%204&f=false,http://books.google.com/books?id=ZZpCfvK3QhcC&pg=PA297&lpg=PA297&dq=xu+jiatun+memoir&source=bl&ots=9ZRT4Vux85&sig=oxjXsCfDQUYt6EnpzhO-6__JihI&hl=en&sa=X&ei=--KDUoaxEY-l4APK14HYDw&ved=0CDkQ6AEwAg#v=onepage&q=xu%20jiatun%20memoir&f=false,
,香港维园六四,Hong Kong's Victoria Park sixty-four,"Hong Kong's Victoria Park, June 4",,,,
,64反共产党,64 Anti- Communist,June 4 anti-communist,,,,
,六四民运领袖,Sixty-four pro-democracy leader,June 4 pro-democracy leader,,,,
,八九民运实录,Record June incident,the authentic record of the 1989 movement,,,,
,中国太子党,Chinese princeling,,"princeling = the children of political elite, who have special privileges and been alleged to use their connections to enrich themselevs",,,
,六四民运,Sixty-four pro,June 4 movement,,,,
,维园的烛光,Victoria Park candlelight,,,,,
,周永康政变,Zhou Yongkang coup,,"top Chinese politician who was closely connected to Bo Xilai; falsely rumored to be organizing a coup against Wen and Hu in order to rescue Bo. Didn't happen, and is now embroiled in corruption investigation",http://www.bbc.co.uk/news/world-asia-china-17476760,,
,六四大事纪,Sixty-four Events,June 4 event,,,,
*,港支联通讯,Hong Kong Alliance in Support of Communication,Hong Kong Alliance in Support of Patriotic Democratic Movements of China,,,,
,六四二十年,Six hundred forty-two years,June 4 twentieth anniversary,,,,
,六四死难者,Sixty-four victims,June 4 victims,,,,
,中共网络封锁,CCP Internet blockade,,,,,
,中共恶势力,Chinese Communist forces,Chinese Communist evil forces,,,,
,消灭共产党,Elimination of the Communist Party,,,,,
,流氓共产党,Rogue Communist Party,,,,,
,审判共产党,Communist Trial,Try the Communist Party,,,,
,推翻共产党,Overthrow the Communist Party,,,,,
,中南海权斗,Zhongnanhai power struggle,,Zhongnanhai is the seat of political power for the CCP,,,
,共产党必亡,Communist perish,the Communist Party will fall,,,,
,共产党丑闻,Communist Party scandal,,,,,
,共产党灭亡,Demise of the Communist Party,,,,,
,中共的暴政,CCP's tyranny,,,,,
*,共产党禁闻,Wen ban the Communist Party,CCP forbidden news,"A play on ""新闻"", which means news. Name of a series of reports on NTDTV",,,
,中共清场日记,CCP cleared diary,"CCP, the clearing [of Tiananmen Square] diary",Was reportedly issued by government in response to the Tiananmen Papers as a way to bolster the government and military's image,http://www.aboluowang.com/2009/0610/132411.html#.UoPp8Pmsim4,http://www.boxun.com/news/gb/china/2009/06/200906081112.shtml,
,中共腐败内幕,CCP insider corruption,,,,,
,中国禁闻中共,China banned Wen CPC,"Chinese forbidden news, CCP",,,,
,中共网络监控,CPC Network Monitoring,CCP Internet monitoring,,,,
,九评共产党,Nine Commentaries on the Communist Party,,Falun Gong criticisms,http://www.theepochtimes.com/n3/3942-nine-commentaries-on-the-communist-party-introduction/,,
,李旺阳,Li Wangyang,,"Dissident and activist who was found dead after giving an interview about June 4. Authorities initially claimed was sucide, but others alleged it was a possible murder. However, authorities refused to investigate and protests took place in HK.",http://en.wikipedia.org/wiki/Death_of_Li_Wangyang,,
,薄周政变,Thin weeks coup,Bo [Xilai] and Zhou [Yangkang] coup,alleged coup against Hu and Wen,,,
,法拉利 保福寺桥,Ferrari Paul Temple Bridge,"Ferrari, Baofu[si] Bridge",Son of Hu aide Ling Jihua crashed his ferrari in Beijing. Coverup was revealed and Ling was forced out.,http://cmp.hku.hk/2012/03/20/20565/,,
,自由门 翻墙,Freegate wall,"Freegate, climb [the Great Fire]wall",Freegate circumvention software,,,
,江胡斗内幕,Jiang Hu Dou Insider,"Jiang-Hu conflict, the inside story",Supposed inside scoops about conflicts between Jiang Zemin and Hu Jintao,,,
,权斗中共,CCP power struggle,,,,,
,六四事件,June incident,,,,,
,北京之夏六四,Beijing Summer sixty-four,"Beijing Summer, June 4",,,,
,江系人马名单,Jiang faction list,Jiang Zemin faction list of names,江系 is an alternative name for the Shanghai gang (上海帮),,,
,江泽民其人,Jiang Zemin and his people,,,,,
,一九八九 记忆的呼唤,One thousand nine hundred eighty-nine call memory,1989 rememberance and calling out of names,Refers to the reciting of victim's names in public events,,,
,中共 太子党,CCP princeling,,,,,
,六四 周舵,Sixty-four weeks rudder,"June 4, Zhou Duo",Zhou is a June 4 activist,http://edition.cnn.com/2009/WORLD/asiapcf/06/04/tiananmen.hunger.strike/,,
,陆肆事件,Lusi event,June 4 event,,,,
,伍凡 中共,Wu Fan CCP,,Falun Gong supporter critical of China,http://www.epochtimes.com/gb/13/10/23/n3992742.htm,,
,江系人马,Jiang faction,,,,,
,六四天安门文件,Tiananmen file,The June 4 Tiananmen Papers,Insider documents detailing the arguments within the CCP about how to deal with the protestors; were collectd in a book called The Tiananmen Papers,http://en.wikipedia.org/wiki/The_Tiananmen_Papers,,
,上访 府右街,Petition Fuyoujie,"Petition, Fuyou Street","Fuyou Street is in Beijing, where the Appeal's Office is. Was the site of a large demonstration by Falun Gong members on April 25, 1999.",http://en.minghui.org/html/articles/2012/4/3/132531p.html,http://en.wikipedia.org/wiki/Falun_Gong#Tianjin_and_Zhongnanhai_protests,
,镇压 六月四日,June 4 crackdown,,,,,
,丁子霖,Ding Zilin,,activist,,,
,赵紫阳 平反,Zhao Ziyang vindicated,,Zhao Ziyang was the purged former general secratary of CCP who advocated for peaceful solutions with the June 4 protesters,,,
,太子党 中共,CCP princeling,,,,,
,共产党 9ping,Communist 9ping,Communist 9 Commentaries,"the Nine Commentaries of the CCP, as published by the Falun Gong. (ping is pinyin for 评论, meaning commentary)",,,
,九评 共产党,Nine Commentaries on the Communist Party,,,,,
,9评 共产党,9 Commentaries,,,,,
,中共封锁,CCP blockade,,"perhaps both Internet related and various ""sieges"" like in Wukan where the army attempted to blockade the offending village",,,
,中共暴政,CCP tyranny,,,,,
,盘古 共匪,Pangu Bandits,,Pangu is a punk band and Bandits (referring to Communist Bandits) is an album of theirs,,,
,王维林,Wang Weilin,,some suggest he might be Tank Man,,,
,唐人 NTDTV,Chinese NTDTV,NTDTV,Falun Gong-supported TV station,,,
,阿波罗新闻,Apollo News,aboluowang.com,Another foreign website very critical of CCP,,,
,多维新闻,Multidimensional News,Duowei News,Overseas newspaper also sometimes critical of CCP,,,
,无界浏览,UltraSurf,,circumvention tool,,,
,自由门 无界,Freegate unbounded,Freegate and Ultrasurf,circumvention tool,,,
,胡温 太子党,Hu and Wen princelings,,,,,
,人民报动态网,De Volkskrant dynamic network,Dongtaiwang,website critical of CCP,,,
,天安门1989,"Tiananmen Square, 1989",,,,,
,六一零 刘京,Six hundred ten Liu Jing,"610 [Office], Liu Jing",Alleged department in government that is in charge of cracking down on Falun Gong. Liu Jing (sometimes Liu Jin) was the reported head of this department,http://en.minghui.org/html/articles/2004/3/9/zip.html#45890,http://en.wikipedia.org/wiki/610_Office,http://www.epochtimes.com/gb/13/6/17/n3895635.htm
,赵紫阳 日记,Zhao's diary,Zhao Ziyang's diary,refers to the diary tapes he recorded which turned into the book Prisoner of the State,http://en.wikipedia.org/wiki/Prisoner_of_the_State:_The_Secret_Journal_of_Premier_Zhao_Ziyang,,
,退党 灭中共,Quit the CCP off,Tuidang: wipe out the CCP,movement tracking the people who have quit the Communist party,,,
,法轮功,Falun Gong,,,,,
,温家宝 27亿,Wen Jiabao 2700000000,Wen Jiabao 2.7 biillion [dollars],How much his family allegedly has secretly hidden,http://www.nytimes.com/2012/10/26/business/global/family-of-wen-jiabao-holds-a-hidden-fortune-in-china.html?_r=0,,
,影帝温家,Actor wenjia,Best Actor Wen Jiabao,refers to book criticizing Wen Jiabao,http://en.wikipedia.org/wiki/China's_Best_Actor:_Wen_Jiabao,,
,温影帝,Wen winner,Wen [Jiabao] Best Actor,,,,
,64屠城,64 massacre,June 4 massacre,,,,
,中南海 内幕,Zhongnanhai Insider,Zhongnanhai inside story,,,,
,胡江权斗,HU Jiang power struggle,Hu-Jiang power struggle,,,,
,中国联邦革命党,China Federation Revolutionary Party,,,http://www.aboluowang.com/2012/0120/233112.html#.UoRVSvmsim5,,
,中国茉莉花革命,Chinese Jasmine Revolution,,,,,
,中共镇压,Chinese Communist repression,,,,,
*,天灭中共,Days off Chinese Communist,Last days of the CCP?,天灭 is a phrase mostly only used on Falun Gong websites,,,
,鲍彤,Bao Tong,,former Director of the Office of Political Reform of the CPC Central Committee and the Policy Secretary of Zhao Ziyang,,,
,六四 李锐,Sixty-four Li Rui,,retired politician of the People's Republic of China from the ruling Communist Party and latterly a writer and vocal advocate of democratic reform in China (Wikipedia),,,
,黑匣子 中共,Black Box CCP,"""Black Box"", CCP",Book and movie about corruption in CCP,,,
,退党潮,Resign tide,Tuidang movement,,,,
,藏区自焚,Tibetan self-immolation,,,,,
,维吾尔族砍人,Uighur knives to injure,Uyghurs stab people,Also on the earlier shorter list of LINE bad words,http://blockedonweibo.tumblr.com/post/65683767674/uyghurs-stab-people-wei-zu-kan,,
,解救许开生,Rescue Xukai Sheng,Help Xu Kaisheng,"Military vet who is a beggar. Wrote a plea for help on behalf of other veterans and detailing the various troubles with the city he's had. Also on the list of 150 ""bad words"" that hirakujira uncovered. More here: http://blockedonweibo.tumblr.com/post/65525907975/the-chinese-keywords-on-messaging-app-lines-bad",http://blog.boxun.com/hero/201106/voiceofveteran/26_1.shtml,http://blockedonweibo.tumblr.com/post/65525907975/the-chinese-keywords-on-messaging-app-lines-bad,
*,进京集访,Beijing set to visit,Go to Beijing for investivation/collect evidence?,Not sure. Maybe has to do with petitioners or other folks going to Beijing to get evidence from government for cases back home?,,,
,江习不合,Jiang Xi substandard,Jiang-Xi not cooperating,About the supposed rift between Jiang and Xi,,,
,俞正声 公共情人,Yu Public Lover,"Yu Zhengsheng, shared mistress",notable CCP leader whose career might be derailed by allegations that he shared a misstress and corruption,http://www.brookings.edu/about/centers/china/top-future-leaders/yu_zhengsheng,,
,八九民主,1989 that,1989 democracy,,,,
,中共非法,CCP illegal,,,,,
,陈希同亲述,Said Chen Xitong pro,"""Conversations with Chen Xitong""","Chen was Beijing politician brought down by a scandal. Previously, he was also a public gov face of the Tiananmen crackdown. Conversation with Chen Xitong is a 2012 book wherein the author quotes Chen as denying much of his involvement in the crackdown on Tiananmen, pinning the blame on others, saying he was mayor in name only and that others made the crucial decisions.",http://www.bbc.co.uk/zhongwen/simp/china/2013/06/130605_profile_chen_xitong.shtml,,
,魏京生64,Wei Jingsheng 64,Wei Jingsheng June 4,dissident,,,
,陆四运动,Lu four sports,June 4 movement,,,,
,李鹏日记,Li Peng Diaries,,"A book of Li Peng’s supposed diary entries entitled The Critical Moment was planned for release in 2010, but it was halted just before publication. In it, Li justifies many of his most vilified acts and emphasizes that it was a group decision to enter the square. ",http://blockedonweibo.tumblr.com/post/54104611291/every-month-bird-is-code-for-li-peng-premier-china,,
,八九民运,June incident,,,,,
,老江去世,Laojiangdi death,Old Jiang passed away,about the false rumors that Jiang had died,,,
,维园64,Victoria Park 64,Victoria Park June 4,,,,
,游行八九,Parade eighty-nine,1989 demonstration,,,,
,李源朝夫人,Ms. Li Yuanchao,Li Yuanchao's wife,"Li is VP of China. His wife, Gao Jianjin, is a professor of music at the Institute of Musicology of the Central Conservatory of Music in Beijing. Not sure what the deal with this is. Didn't find anything obviously negative, and in fact, found a very flattering profile of her in HK media",http://blog.ifeng.com/article/24434964.html,,
,打到共产党,Hit the Communist Party,Attack the Communist Party,,,,
,共产党纪元,Communist era,"Communist Party, Epoch [Times]",Preventing folks from getting access to undoubtedly critical news about the Communist Party in the Falun Gong-supported Epoch Times,,,
,纪元退党,Era resign,"Epoch [Times], Tuidang",,,,
,镇压维人,Repression of Uighurs,,,,,
,劳教所 迫害,Forced Labor Camp,,,,,
,秘件610,Secret piece 610,"Secret, 610",Refers to the 610 Department in charge of cracking down on Falun Gong,,,
,王丹89,Wang Dan 89,"Wang Dan, 1989",dissident/activist,,,
,中共派系,CCP factions,,,,,
,胡温 新四人帮,Hu and Wen new Gang of Four,,Gang of Four was the quartet led by Mao's wife which was charged with attempting to overthrow the Communist Party,,,
,中共丑闻,CCP scandal,,,,,
,中共混乱,CPC confusion,,,,,
,中共倒台,CCP downfall,,,,,
,薄汪争斗,Thin Wang battle,Bo-Wang conflict,"Bo Xilai's police chief Wang Lijun fled to the Chengdu embassy, reportedly in an attempt to exchange information about Bo Xilai for asylum. He later was a witness against Bo and revealed Bo's wife's plot to kill the British naitonal Neil Heywood.",,,
,北戴河内幕,Beidaihe Insider,Beidaihe behind-the-scenes story,various articles about various infighting amongst CCP,http://www.bbc.co.uk/zhongwen/simp/world/2012/08/120807_jp_beidaihe_meeting.shtml,,
,习胡之争,Xi Hu dispute,,,,,
*,邓小平 政治遗嘱,Deng Xiaoping's political testament,,Something to do with his legacy or how Jiang Zemin stepped in and solidified his power as Deng declined?,,,
,保福寺 车祸,Paul Temple accident,Baofusi traffic accident,Ling Jihua's son crashed his ferrari near Baofusi Bridge/Temple.,,,
,习上胡下,Xishanghuxia,"Xi rise, Hu fall","The changeover in power, from Hu Jintao to Xi Jinping",,,
,中共太子,CCP Prince,CCP princeling,,,,
,李鹏八九,Li eighty-nine,Li Peng 1989,Li Peng was former premier who pushed for crackdown on Tiananmen Square protesters,,,
,曝光中共,Exposure CCP,"Expose [a scandal], CCP",,,,
,无界新闻,Unbounded News,wujieliulan.com,"website critical of CCP, part of pro-Falun Gong network of websites",,,
,六四烛光,Sixty-four candlelight,June 4 candelight,reference to the holding aloft of candles during the annueal June 4 commemoration in Hong Kong,,,
,平反 法轮功,Vindication of Falun Gong,,,,,
,退党中心,Resignations Center,Tuidang center,,,,
,大纪元,The Epoch Times,,"Newspaper/website supportive of Falun Gong, critical of CCP",,,
,温家宝财产,Wen Jiabao property,,,,,
,中共 六四,CCP sixty-four,CCP June 4,,,,
,陈光诚,Chen Guangcheng,,activist,,,
,刘晓波,Liu Xiaobo,,activist,,,
,08宪章,Charter 08,,document advocating political reform in ChIna,,,
,零八宪章,Charter 08,,,,,
,中共残暴,CCP brutality,,,,,
*,薄熙来 政治遗嘱,Bo Xilai political wills,,"Like the Deng Xiaoping political will keyword, perhaps to do with his legacy or the confusion in who is in power now?",,,
,法拉利 保福寺,Ferrari Paul Temple,Ferrari Baofusi,Ling Jihua's son's car crash,,,
,北京之夏 六四,Beijing Summer sixty-four,"Beijing Summer, June 4","same as row 78 above, except for space",,,
,天安门 陆肆,Tiananmen Lusi,"Tiananmen, June 4",,,,
,六四 天安门,Tiananmen,"June 4, Tiananmen",,,,
,温云松 10亿,Wenyun Song 1000000000,"Wen Yunsong, 1 billion","Wen Yunsong, son of Wen Jiabao. Is a businessman who made headlines when his equity fund neared $1 billion.",http://blockedonweibo.tumblr.com/post/14224187547/wen-yunsong-also-known-as-winston-wen-is-a,,
,盘古共匪,Pangu Bandits,,same as row 98 above except this one has no space,,,
,六一零刘京,Six hundred ten Liu Jing,610 Liu Jing,same as row 108 above except this one has no space,,,
,灭中共,Destroy the CCP,,,,,
,四学者建言,Four scholars suggestions,,refers to appeal that four university professors submitted on behalf of a farmer who was reportedly murdered by authorities; keyword is on the 150 bad words list uncovered by hirakujira,http://blockedonweibo.tumblr.com/post/65571965959/panjin-open-fire-with-a-gun-panjin,,
,网络封锁,Internet blockade,,,,,
,温家 戴梦得,Winchester Diamend,Wen Jiabao diamond,Reference to Wen's wife's jewelry and diamond business through which she makes so much money. Also on hirakujira list.,http://blockedonweibo.tumblr.com/post/65665563388/these-seven-keywords-are-all-related-to-former,,
,温家 资产,Wenjia assets,Wen Jiabao assets,Also on hirakujira list,http://blockedonweibo.tumblr.com/post/65665563388/these-seven-keywords-are-all-related-to-former,,
,许志永,Xu Zhiyong,,He was one of the founders of the NGO Open Constitution Initiative and an active rights lawyer in China who helped those underprivileged. (Wikipedia) Recently arrested over the summer amidst crackdown on activists and online celebrities.,,,
,沃尔凯西,Casey Wall,Wu'erkaixi,Likely an alternative spelling for his name (吾尔开希). Activist.,,,
,吾尔开西,I opened the West Seoul,Wu'erkaixi,Likely an alternative spelling for his name (吾尔开希). Activist.,,,
,迫害弟子劳教所,Persecuted disciples Labor Camp,,Falun gong related. Also on hirakujira list.,http://en.minghui.org/html/articles/2013/8/4/141365.html,http://en.minghui.org/html/articles/2013/4/25/139054.html,http://en.minghui.org/html/articles/2012/12/28/136810.html
,马明哲 温云松,Mr Ma Wen Yunsong,"Ma Mingzhe, Wen Yunsong","Ma Mingzhe is head of Ping An Insurance, which is associated with Wen Jiabao's secret family wealth. Wen Yunsong is his son.",http://www.nytimes.com/2012/11/25/business/chinese-insurers-regulatory-win-benefits-a-leaders-family.html,,
,魏京生,Wei Jingsheng,,dissident,,,
,纪元 退党,Era resign,"Epoch Times, tuidang",,,,
,新四人帮,New Gang of Four,,"Supposed quartet of top politicians undermining the CCP by not being more vigorously anti-Bo Xilai: Wu Bangguo, Jia Qinglin, Li Changchun and Zhou Yongkang.",,,
,中共如何倒台,How the CCP downfall,,Rumors about supposed discussions that were happening behind closed doors wherein officials were planning for a post-CCP era,,,
,当今高层政治内幕,Today's high-level political insider,,Also on hirakujira list.,,,
,防和谐器,Anti harmonious unit,"Anti-""hexie"" tool",Website that swaps out known sensitive keywords with coded words,http://fanghexie.sinaapp.com/,,
,江氏 独裁,Jiang's dictatorship,,,,,
,纪念七五,Memorial seventy-five,Remember July 5,"Memorializing the Urumqi riots of July 5, 2009 when Uyghurs took to the streets.",http://www.rfa.org/mandarin/yataibaodao/shaoshuminzu/gr-07022013100338.html,http://en.wikipedia.org/wiki/July_2009_%C3%9Cr%C3%BCmqi_riots,
,推翻 共产党,Overthrow the Communist Party,,,,,
,胡温无能,Hu and Wen incompetent,,,,,
,邓小平政治遗嘱,Deng Xiaoping's political testament,,same as above only without space,,,
,北京枪声,Beijing gunfire,,,,,
,评价六四,Evaluation sixty-four,Evaluate June 4,,,,
,绝食静坐,Hunger protest,,,,,
,学潮坦克,Student protests tanks,,,,,
,打倒共产党,Down with the Communist Party,,,,,
,中共统治,CCP rule,,,,,
,中共黑暗,CCP Dark,,criticism of CCP,,,
,中共迫害,Persecution,"CCP, persecution",,,,
,法轮大法,Falun Dafa,,,,,
,法轮弟子,Falun disciple,,,,,
,李洪志,Li Hongzhi,,spiritual leader and founder of Falun Gong,,,
,转法轮,Zhuan Falun,,one of Falun Gong's primary book of teachings,,,
,中共 洗脑,Chinese Communist brainwashing,,,,,
,活摘 法轮 器官,Organ harvesting from living Falun,,,,,
,活摘 学员 器官,Participants organ harvesting,,,,,
,进京 上访,Beijing to petition,Beijing petition,"refers to practice of people going to Beijing to seek redress for their local greivances, and oftentimes the physical violence local officials use to keep petitioners from reaching Beijing",,,
,共党垮台,Communist collapse,,,,,
,中共垮台,CCP collapse,,,,,
,中共内斗,CCP infighting,,,,,
,中共权斗,CCP power struggle,,,,,
,薄案生枝,Thin twigs case,"All keywords that follow are related to Bo Xilai, including variations on his name (both homophones and coded keywords like ""not thick"" which is a reference to his surname which means ""thin"") and references to his and his family's actions as well as the government's responses to the growing scandal. Some of the keywords describe events, others are accusatory, and the rest are supportive.",,,,
,薄案玄机,Thin case mystery,,,,,
,薄博古特,Thin Bogut,,,,,
,薄粉相信,Thin powder believed,,,,,
,薄公谷妈,Baogongguma,,,,,
,薄公平反,Thin fair view,,,,,
,薄公西来,Thin public to the West,,,,,
,薄古开来,Thin ancient open,,,,,
,薄今厚古,Baojinhougu,,,,,
,薄军挺近,Thin army very close,,,,,
,薄来先生,Thin to Mr.,,,,,
,薄氏熙来,Thin 's Xilai,,,,,
,薄西大人,Thin West adults,,,,,
,薄熙遗书,Bo Xilai testament,,,,,
,博讯独家,Exclusive Boxun,,,,,
,不厚大哥,Big Brother is not thick,,,,,
,不厚都督,Not thick captaincy,,,,,
,不厚获罪,Not thick felon,,,,,
,不厚开庭,Not thick hearing,,,,,
,不厚乱渝,Not thick mess Chongqing,,,,,
,不厚受审,Not thick trial,,,,,
,不厚书记,Not thick secretary,,,,,
,不厚先生,"Not thick , Mr.",,,,,
,不厚冤枉,Not thick wronged,,,,,
,打黑书记,Hitting the secretary,,,,,
,打温挺薄,Dawentingbao,,,,,
,倒薄事件,Pour thin Event,,,,,
,孤军薄旅,Thin trip alone,,,,,
,瓜瓜声明,Guagua Statement,,,,,
,还民熙来,Also China Xilai,,,,,
,还我西莱,Also I Sile,,,,,
,还我熙来,Also I Xilai,,,,,
,了结薄案,Thin case pending,,,,,
,判薄无罪,Sentenced thin innocence,,,,,
,平西王薄,Pingxi thin,,,,,
,停薄降温,Stop thin cooling,,,,,
,挺b大军,Ting b army,,,,,
,挺薄大军,Very thin army,,,,,
,挺薄行动,Very thin Action,,,,,
,挺薄降温,Very thin cooling,,,,,
,挺薄颂毛,Tingbosongmao,,,,,
,王薄事件,Wang Bo Event,,,,,
,雾都表哥,Fog Cousin,,,,,
,熙来大哥,Xilai Brother,,,,,
,熙来书记,Xilai secretary,,,,,
,熙来同志,Comrade hee,,,,,
,习与薄案,Case study with thin,,,,,
,拥毛挺b,Yong Mao Ting b,,,,,
,拥习挺ｂ,Yong Xi Ting b,,,,,
,拥习挺薄,Yongxitingbao,,,,,
,支持薄粉,Support thin powder,,,,,
,重庆薄粉,Chongqing thin powder,,,,,
,重庆政变,Chongqing coup,,,,,
,不厚希莱,Not thick Hilaire,,,,,
,不厚熙来,Not thick Xilai,,,,,
,bo西莱,bo Sile,,,,,
,博古开来,Bogut open,,,,,
,bo西来,bo the West,,,,,
,bo袭来,bo hit,,,,,
,薄粉军迷,Thin Pink Army fans,,,,,
,天佑熙来,God Bless Xilai,,,,,
,挺薄颂毛,Tingbosongmao,,,,,
,打温挺薄,Dawentingbao,,,,,
,还薄清白,Also Thin innocence,,,,,
,bao熙来,bao Xilai,,,,,
,bo王事件,bo Wang Event,,,,,
,薄熙lai,Bo Xilai lai,,,,,
,薄自认无罪,Not guilty thin,,,,,
,孤军BO旅,BO brigade alone,,,,,
,瓜瓜爹逆袭,Guagua father counter-attack,,,,,
,瓜瓜发声明,Guagua issued a statement,,,,,
,解救薄熙来,Bo Xilai rescue,,,,,
,声援薄熙来,Solidarity Bo,,,,,
,书记bx来,Secretary to bx,,,,,
,挺BO降温,Very cool BO,,,,,
,挺薄互粉团,Dough very thin interbedded,,,,,
,挺薄四君子,Very thin Sijunzi,,,,,
,挺薄万民伞,Very thin umbrella peoples,,,,,
,为西来叫好,To cheer for the West,,,,,
,西红柿受审,Tomatoes trial,,,,,
,重庆BO迷,Chongqing BO fans,,,,,
,拥毛挺bo,Yong Mao Ting bo,,,,,
,判薄无罪 ,Sentenced thin innocence,,,,,
,挺bo大军,Ting bo army,,,,,
,挺薄互粉团,Dough very thin interbedded,,,,,
,薄名垂青史,Thin go down in history,,,,,
,为西来叫好,To cheer for the West,,,,,
,薄熙来枭雄,Bo Xilai Lawrence,,,,,
,审薄政治秀,Thin political show trial,,,,,
,薄xilai,Thin xilai,,,,,
,薄大大牺牲品,Thin greatly victim,,,,,
,薄谷二人关系,Relationship between two thin valley,,,,,
,薄瓜瓜 声明,Bo Guagua Statement,,,,,
,薄兮来 廉洁,Come to a clean sheet,,,,,
,博讯北京时间,Boxun Beijing,,,,,
,后薄熙来时代,After Bo era,,,,,
,揭秘 薄瓜瓜,Secret Bo Guagua,,,,,
,解放碑大行动,Liberation Monument Campaign,,,,,
,救薄就要拥习,Yong Xi will save thin,,,,,
,马三家劳教所,Masanjia,,,,,
,美国之音报道,Voice of America reports,,,,,
,全球挺薄联盟,Very thin Global Alliance,,,,,
,审薄 导火索,Thin fuse trial,,,,,
,声援 薄熙来,Solidarity Bo,,,,,
,为薄熙来平反,Bo Xilai vindication for the,,,,,
,应宣布薄无罪,Thin innocence should be declared,,,,,
,支持 薄书记,Support thin secretaries,,,,,
,重庆bo书记,Secretary of Chongqing bo,,,,,
,重庆打黑书记,Chongqing hitting secretary,,,,,
,薄中国曼德拉,Thin China Mandela,,,,,
,忘不了薄书记,Forget thin secretaries,,,,,
,薄斥责公诉机关,Thin rebuked prosecutor,,,,,
,薄王倒 谷丰登,Baowangdaogu Fengdeng,,,,,
,被告薄熙来无罪,Bo Xilai defendant not guilty,,,,,
,陈良宇到薄熙来,Chen Liangyu to Bo Xilai,,,,,
,瓜爹瓜娘瓜瓜娃,Guadieguaniang guagua baby,,,,,
,瓜瓜 纽约时报,Guagua New York Times,,,,,
,黑薄势力 老薄,Old thin black thin forces,,,,,
,回应薄熙来事件,Bo Xilai incident response,,,,,
,人民需要薄熙来,People need to Bo Xilai,,,,,
,声援薄熙来书记,"Bo Xilai, secretary of Solidarity",,,,,
,忘不了 薄书记,Forget thin secretaries,,,,,
,我眼里的薄熙来,Bo Xilai my eyes,,,,,
,西红柿市委书记,Party secretary tomatoes,,,,,
,熙来红 唱红歌,Xilai red famous songs,,,,,
,在薄熙来指使下,At the instigation of Bo Xilai,,,,,
,重庆薄熙来被抓,Chongqing Bo Xilai was arrested,,,,,
,阻止薄咆哮公堂,Prevent thin growl courtroom,,,,,
,应宣布薄无罪 ,Thin innocence should be declared,,,,,
,薄法庭被删节发言,Thin court truncated speech,,,,,
,谷对薄用人的影响,Valley on the impact of employing thin,,,,,
,请战书 薄熙来案,Qingzhan book Bo case,,,,,
,全球巡回人体展览,Roving Exhibition global body,,,,,
,书记带咱们向前走,Let's move forward with the secretary,,,,,
,温家宝陷害薄熙来,Wen Bo Xilai framed,,,,,
,我是薄熙来牺牲品,I am a victim of Bo Xilai,,,,,
,乌有之乡 薄熙来,Utopia Bo Xilai,,,,,
,重庆 声援薄熙来,"Bo Xilai , Chongqing solidarity",,,,,
,重庆打黑重庆模式,Chongqing Chongqing hitting mode,,,,,
,薄案判决结果的预测,Thin case verdict forecast,,,,,
,旗帜鲜明的唱红打黑,Clear-cut made ​​famous anti-,,,,,
,全国人大代表薄熙来,NPC Bo,,,,,
,全球巡展 塑化人体,Plasticized human global tour,,,,,
,我是薄熙来的牺牲品,I was a victim of Bo Xilai,,,,,
,吁请重审 薄熙来案,Calls upon retrial Bo case,,,,,
,中共当局调查薄熙来,"Bo Xilai, Chinese authorities investigated",,,,,
,中国政治改革新思维,New Thinking in China's political reform,,,,,
